{
 "Count": 92,
 "Message": "Response returned successfully",
 "SearchCriteria": null,
 "Results": [
  {
   "Country": "UNITED STATES (USA)",
   "Mfr_CommonName": null,
   "Mfr_ID": 15164,
   "Mfr_Name": "COWTOWN RETREADING LLC",
   "VehicleTypes": []
  },
  {
   "Country": "UNITED STATES (USA)",
   "Mfr_CommonName": null,
   "Mfr_ID": 15165,
   "Mfr_Name": "EXTREME TRAILERS LLC",
   "VehicleTypes": [
    {
     "IsPrimary": true,
     "Name": "Trailer"
    }
   ]
  },
  {
   "Country": "UNITED STATES (USA)",
   "Mfr_CommonName": null,
   "Mfr_ID": 15166,
   "Mfr_Name": "VB-AIRSUSPENSION NORTH AMERICA CORP.",
   "VehicleTypes": [
    {
     "IsPrimary": false,
     "Name": "Truck "
    }
   ]
  },
  {
   "Country": "UNITED STATES (USA)",
   "Mfr_CommonName": null,
   "Mfr_ID": 15167,
   "Mfr_Name": "BULL CYCLES LLC",
   "VehicleTypes": [
    {
     "IsPrimary": false,
     "Name": "Motorcycle"
    }
   ]
  },
  {
   "Country": "UNITED STATES (USA)",
   "Mfr_CommonName": "Bull",
   "Mfr_ID": 15168,
   "Mfr_Name": "BULL MANUFACTURING LLC.",
   "VehicleTypes": [
    {
     "IsPrimary": true,
     "Name": "Trailer"
    }
   ]
  },
  {
   "Country": "UNITED STATES (USA)",
   "Mfr_CommonName": "Reiser Mfg Co Inc",
   "Mfr_ID": 15169,
   "Mfr_Name": "REISER MANUFACTURING CO INC",
   "VehicleTypes": [
    {
     "IsPrimary": true,
     "Name": "Trailer"
    }
   ]
  },
  {
   "Country": "UNITED STATES (USA)",
   "Mfr_CommonName": null,
   "Mfr_ID": 15170,
   "Mfr_Name": "ELECTRIC VEHICLES INTERNATIONAL, LLC",
   "VehicleTypes": [
    {
     "IsPrimary": false,
     "Name": "Truck "
    },
    {
     "IsPrimary": false,
     "Name": "Low Speed Vehicle (LSV)"
    }
   ]
  },
  {
   "Country": "SPAIN",
   "Mfr_CommonName": "Montesa Honda",
   "Mfr_ID": 15171,
   "Mfr_Name": "MONTESA HONDA SA",
   "VehicleTypes": []
  },
  {
   "Country": "UNITED STATES (USA)",
   "Mfr_CommonName": null,
   "Mfr_ID": 15172,
   "Mfr_Name": "JFM SERVICES, INC.",
   "VehicleTypes": [
    {
     "IsPrimary": true,
     "Name": "Trailer"
    }
   ]
  },
  {
   "Country": "UNITED STATES (USA)",
   "Mfr_CommonName": null,
   "Mfr_ID": 15173,
   "Mfr_Name": "TJ OILFIELD SERVICES, LLC",
   "VehicleTypes": [
    {
     "IsPrimary": true,
     "Name": "Trailer"
    }
   ]
  },
  {
   "Country": "UNITED STATES (USA)",
   "Mfr_CommonName": null,
   "Mfr_ID": 15174,
   "Mfr_Name": "UTILITY ONE SOURCE",
   "VehicleTypes": [
    {
     "IsPrimary": false,
     "Name": "Incomplete Vehicle"
    }
   ]
  },
  {
   "Country": "UNITED STATES (USA)",
   "Mfr_CommonName": null,
   "Mfr_ID": 15175,
   "Mfr_Name": "NICK'S DIESEL SERVICE ",
   "VehicleTypes": [
    {
     "IsPrimary": false,
     "Name": "Truck "
    },
    {
     "IsPrimary": false,
     "Name": "Trailer"
    },
    {
     "IsPrimary": false,
     "Name": "Incomplete Vehicle"
    }
   ]
  },
  {
   "Country": "UNITED STATES (USA)",
   "Mfr_CommonName": null,
   "Mfr_ID": 15176,
   "Mfr_Name": "TJC INC",
   "VehicleTypes": []
  },
  {
   "Country": "UNITED STATES (USA)",
   "Mfr_CommonName": null,
   "Mfr_ID": 15177,
   "Mfr_Name": "Plymouth Feed Co",
   "VehicleTypes": []
  },
  {
   "Country": "UNITED STATES (USA)",
   "Mfr_CommonName": null,
   "Mfr_ID": 15178,
   "Mfr_Name": "DANIEL LOHR",
   "VehicleTypes": [
    {
     "IsPrimary": true,
     "Name": "Trailer"
    }
   ]
  },
  {
   "Country": "SOUTH KOREA",
   "Mfr_CommonName": null,
   "Mfr_ID": 15179,
   "Mfr_Name": "SAEWON CO. LTD",
   "VehicleTypes": []
  },
  {
   "Country": "UNITED STATES (USA)",
   "Mfr_CommonName": null,
   "Mfr_ID": 15180,
   "Mfr_Name": "Prestige Custom Manufacturing LLC",
   "VehicleTypes": [
    {
     "IsPrimary": false,
     "Name": "Trailer"
    }
   ]
  },
  {
   "Country": "GERMANY",
   "Mfr_CommonName": null,
   "Mfr_ID": 15181,
   "Mfr_Name": "A2-SOLAR ADVANCED AND AUTOMOTIVE SOLAR SYSTEMS GMBH",
   "VehicleTypes": []
  },
  {
   "Country": "TAIWAN",
   "Mfr_CommonName": null,
   "Mfr_ID": 15182,
   "Mfr_Name": "FIRST LINE INDUSTRIAL INC.",
   "VehicleTypes": []
  },
  {
   "Country": "UNITED KINGDOM (UK)",
   "Mfr_CommonName": "Castrol",
   "Mfr_ID": 15183,
   "Mfr_Name": "CASTROL LTD.",
   "VehicleTypes": []
  },
  {
   "Country": "UNITED KINGDOM (UK)",
   "Mfr_CommonName": "ASGB OBU",
   "Mfr_ID": 15184,
   "Mfr_Name": "A SMITH GT BENTLEY LTD",
   "VehicleTypes": [
    {
     "IsPrimary": true,
     "Name": "Trailer"
    }
   ]
  },
  {
   "Country": "UNITED STATES (USA)",
   "Mfr_CommonName": "Bauer",
   "Mfr_ID": 15185,
   "Mfr_Name": "BAUER COMPRESSORS INC.",
   "VehicleTypes": [
    {
     "IsPrimary": true,
     "Name": "Trailer"
    }
   ]
  },
  {
   "Country": "UNITED STATES (USA)",
   "Mfr_CommonName": null,
   "Mfr_ID": 15186,
   "Mfr_Name": "SPACE COAST HYDRAULICS, INC",
   "VehicleTypes": []
  },
  {
   "Country": "UNITED STATES (USA)",
   "Mfr_CommonName": "Bourbon Trailers",
   "Mfr_ID": 15187,
   "Mfr_Name": "KJD ENTERPRISES, INC.",
   "VehicleTypes": [
    {
     "IsPrimary": false,
     "Name": "Trailer"
    }
   ]
  },
  {
   "Country": "UNITED STATES (USA)",
   "Mfr_CommonName": null,
   "Mfr_ID": 15188,
   "Mfr_Name": "WORTHINGTON CRYOGENICS, LLC.",
   "VehicleTypes": [
    {
     "IsPrimary": false,
     "Name": "Trailer"
    }
   ]
  },
  {
   "Country": "UNITED STATES (USA)",
   "Mfr_CommonName": "FPEV, FPG",
   "Mfr_ID": 15189,
   "Mfr_Name": "FIRST PRIORITY EMERGENCY VEHICLES, INC.",
   "VehicleTypes": [
    {
     "IsPrimary": false,
     "Name": "Passenger Car"
    },
    {
     "IsPrimary": false,
     "Name": "Truck "
    },
    {
     "IsPrimary": false,
     "Name": "Bus"
    },
    {
     "IsPrimary": false,
     "Name": "Trailer"
    },
    {
     "IsPrimary": false,
     "Name": "Multipurpose Passenger Vehicle (MPV)"
    },
    {
     "IsPrimary": false,
     "Name": "Low Speed Vehicle (LSV)"
    },
    {
     "IsPrimary": true,
     "Name": "Incomplete Vehicle"
    }
   ]
  },
  {
   "Country": "UNITED STATES (USA)",
   "Mfr_CommonName": null,
   "Mfr_ID": 15190,
   "Mfr_Name": "Deep South Cargo Trailers LLC",
   "VehicleTypes": []
  },
  {
   "Country": "UNITED STATES (USA)",
   "Mfr_CommonName": null,
   "Mfr_ID": 15191,
   "Mfr_Name": "FTE AUTOMOTIVE (U.S)",
   "VehicleTypes": []
  },
  {
   "Country": "UNITED STATES (USA)",
   "Mfr_CommonName": null,
   "Mfr_ID": 15192,
   "Mfr_Name": "OPPERMAN & SON, INC.",
   "VehicleTypes": [
    {
     "IsPrimary": true,
     "Name": "Truck "
    },
    {
     "IsPrimary": false,
     "Name": "Trailer"
    }
   ]
  },
  {
   "Country": "UNITED STATES (USA)",
   "Mfr_CommonName": null,
   "Mfr_ID": 15193,
   "Mfr_Name": "GILBERT CHEVROLET COMPANY INC",
   "VehicleTypes": [
    {
     "IsPrimary": true,
     "Name": "Incomplete Vehicle"
    }
   ]
  },
  {
   "Country": "UNITED STATES (USA)",
   "Mfr_CommonName": "Timberleaf Trailers",
   "Mfr_ID": 15194,
   "Mfr_Name": "TIMBERLEAF TRAILERS, INC.",
   "VehicleTypes": [
    {
     "IsPrimary": false,
     "Name": "Trailer"
    }
   ]
  },
  {
   "Country": "UNITED STATES (USA)",
   "Mfr_CommonName": null,
   "Mfr_ID": 15195,
   "Mfr_Name": "UNDER PRESSURE CONNECTIONS, LLC",
   "VehicleTypes": []
  },
  {
   "Country": "UNITED STATES (USA)",
   "Mfr_CommonName": null,
   "Mfr_ID": 15196,
   "Mfr_Name": "MQ POWER (A DIVISION OF MULTIQUIP INC.) ",
   "VehicleTypes": [
    {
     "IsPrimary": false,
     "Name": "Trailer"
    }
   ]
  },
  {
   "Country": "UNITED STATES (USA)",
   "Mfr_CommonName": null,
   "Mfr_ID": 15197,
   "Mfr_Name": "NAPPI FABRICATION DESIGNES",
   "VehicleTypes": [
    {
     "IsPrimary": true,
     "Name": "Trailer"
    }
   ]
  },
  {
   "Country": "UNITED STATES (USA)",
   "Mfr_CommonName": null,
   "Mfr_ID": 15198,
   "Mfr_Name": "KID MANUFACTURING ",
   "VehicleTypes": []
  },
  {
   "Country": "UNITED STATES (USA)",
   "Mfr_CommonName": null,
   "Mfr_ID": 15199,
   "Mfr_Name": "KINGS WAY TRAILER MFG.",
   "VehicleTypes": []
  },
  {
   "Country": "NETHERLANDS",
   "Mfr_CommonName": null,
   "Mfr_ID": 15200,
   "Mfr_Name": "KONDOR COACH BUILDERS, INC",
   "VehicleTypes": []
  },
  {
   "Country": "UNITED STATES (USA)",
   "Mfr_CommonName": null,
   "Mfr_ID": 15201,
   "Mfr_Name": "KREMCO, INC",
   "VehicleTypes": []
  },
  {
   "Country": "NETHERLANDS",
   "Mfr_CommonName": null,
   "Mfr_ID": 15202,
   "Mfr_Name": "Saris Aanhangers B.V.",
   "VehicleTypes": []
  },
  {
   "Country": "MEXICO",
   "Mfr_CommonName": null,
   "Mfr_ID": 15203,
   "Mfr_Name": "MAXXIM INDUSTRIES S.A. DE C.V.",
   "VehicleTypes": [
    {
     "IsPrimary": false,
     "Name": "Trailer"
    }
   ]
  },
  {
   "Country": "UNITED STATES (USA)",
   "Mfr_CommonName": null,
   "Mfr_ID": 15204,
   "Mfr_Name": "KROSS KOUNTRY INDUSTRIES ",
   "VehicleTypes": []
  },
  {
   "Country": "MEXICO",
   "Mfr_CommonName": null,
   "Mfr_ID": 15205,
   "Mfr_Name": "MICHAEL LOEWEN REIMER DBA LOMAR INDUSTRY",
   "VehicleTypes": [
    {
     "IsPrimary": false,
     "Name": "Trailer"
    }
   ]
  },
  {
   "Country": "CANADA",
   "Mfr_CommonName": null,
   "Mfr_ID": 15206,
   "Mfr_Name": "Proall International Mfg. Inc.",
   "VehicleTypes": []
  },
  {
   "Country": "THAILAND",
   "Mfr_CommonName": null,
   "Mfr_ID": 15207,
   "Mfr_Name": "Thai Seat Belt Co., Ltd.",
   "VehicleTypes": []
  },
  {
   "Country": "UNITED STATES (USA)",
   "Mfr_CommonName": null,
   "Mfr_ID": 15209,
   "Mfr_Name": "L & L CUSTOM TRAILERS ",
   "VehicleTypes": []
  },
  {
   "Country": "MEXICO",
   "Mfr_CommonName": null,
   "Mfr_ID": 15210,
   "Mfr_Name": "Goodyear -- SLP, S.deR.L.deC.V.",
   "VehicleTypes": []
  },
  {
   "Country": "VIETNAM",
   "Mfr_CommonName": null,
   "Mfr_ID": 15211,
   "Mfr_Name": "HJC Vina Limited Company",
   "VehicleTypes": []
  },
  {
   "Country": "UNITED STATES (USA)",
   "Mfr_CommonName": null,
   "Mfr_ID": 15212,
   "Mfr_Name": "L.J. WELDING INC ",
   "VehicleTypes": []
  },
  {
   "Country": "AUSTRALIA",
   "Mfr_CommonName": "Gidget Camper",
   "Mfr_ID": 15213,
   "Mfr_Name": "GIDGET RETRO TEARDROP CAMPER PTY. LTD.",
   "VehicleTypes": [
    {
     "IsPrimary": false,
     "Name": "Trailer"
    }
   ]
  },
  {
   "Country": "UNITED STATES (USA)",
   "Mfr_CommonName": null,
   "Mfr_ID": 15214,
   "Mfr_Name": "L.B. MANUFACTURING COMPANY ",
   "VehicleTypes": []
  },
  {
   "Country": "CANADA",
   "Mfr_CommonName": null,
   "Mfr_ID": 15215,
   "Mfr_Name": "LADNER MANUFACTURING LTD",
   "VehicleTypes": []
  },
  {
   "Country": "UNITED STATES (USA)",
   "Mfr_CommonName": null,
   "Mfr_ID": 15216,
   "Mfr_Name": "LANDMARK INDUSTRIES INC.",
   "VehicleTypes": []
  },
  {
   "Country": "ITALY",
   "Mfr_CommonName": null,
   "Mfr_ID": 15217,
   "Mfr_Name": "C.MATIC S.P.A.",
   "VehicleTypes": []
  },
  {
   "Country": "UNITED KINGDOM (UK)",
   "Mfr_CommonName": null,
   "Mfr_ID": 15218,
   "Mfr_Name": "TRUCK-LITE EUROPE LTD.",
   "VehicleTypes": []
  },
  {
   "Country": "UNITED STATES (USA)",
   "Mfr_CommonName": "ATK",
   "Mfr_ID": 15219,
   "Mfr_Name": "LEITNER CORPORATION ",
   "VehicleTypes": []
  },
  {
   "Country": "GERMANY",
   "Mfr_CommonName": null,
   "Mfr_ID": 15220,
   "Mfr_Name": "BORBET GMBH",
   "VehicleTypes": []
  },
  {
   "Country": "CANADA",
   "Mfr_CommonName": null,
   "Mfr_ID": 15221,
   "Mfr_Name": "KCP CONCRETE PUMPS",
   "VehicleTypes": [
    {
     "IsPrimary": true,
     "Name": "Truck "
    }
   ]
  },
  {
   "Country": "UNITED STATES (USA)",
   "Mfr_CommonName": null,
   "Mfr_ID": 15222,
   "Mfr_Name": "LHT INDUSTRIES, INC ",
   "VehicleTypes": []
  },
  {
   "Country": "UNITED STATES (USA)",
   "Mfr_CommonName": null,
   "Mfr_ID": 15223,
   "Mfr_Name": "LIFETIME ALUMINUM TRAILER CO., INC ",
   "VehicleTypes": []
  },
  {
   "Country": "UNITED STATES (USA)",
   "Mfr_CommonName": null,
   "Mfr_ID": 15224,
   "Mfr_Name": "LIFTCO INCORPORATED ",
   "VehicleTypes": []
  },
  {
   "Country": "UNITED STATES (USA)",
   "Mfr_CommonName": null,
   "Mfr_ID": 15225,
   "Mfr_Name": "LINDIG MANUFACTURING CORPORATION ",
   "VehicleTypes": []
  },
  {
   "Country": "UNITED STATES (USA)",
   "Mfr_CommonName": null,
   "Mfr_ID": 15226,
   "Mfr_Name": "LITTON RESOURCES SYSTEMS ",
   "VehicleTypes": []
  },
  {
   "Country": "UNITED STATES (USA)",
   "Mfr_CommonName": null,
   "Mfr_ID": 15227,
   "Mfr_Name": "LONG TRAILER COMPANY, INC",
   "VehicleTypes": []
  },
  {
   "Country": "UNITED STATES (USA)",
   "Mfr_CommonName": null,
   "Mfr_ID": 15228,
   "Mfr_Name": "LUEDTKE MANUFACTURING, INC",
   "VehicleTypes": []
  },
  {
   "Country": "UNITED STATES (USA)",
   "Mfr_CommonName": null,
   "Mfr_ID": 15229,
   "Mfr_Name": "LUPER'S TANK & TRAILER",
   "VehicleTypes": []
  },
  {
   "Country": "CANADA",
   "Mfr_CommonName": null,
   "Mfr_ID": 15230,
   "Mfr_Name": "M & G TANKERS LTD ",
   "VehicleTypes": []
  },
  {
   "Country": "UNITED STATES (USA)",
   "Mfr_CommonName": null,
   "Mfr_ID": 15231,
   "Mfr_Name": "M & M FABRICATORS CORPORATION ",
   "VehicleTypes": []
  },
  {
   "Country": "UNITED STATES (USA)",
   "Mfr_CommonName": null,
   "Mfr_ID": 15232,
   "Mfr_Name": "M & R MANUFACTURING ",
   "VehicleTypes": []
  },
  {
   "Country": "INDONESIA",
   "Mfr_CommonName": null,
   "Mfr_ID": 15233,
   "Mfr_Name": "PT. Tokai Rika Safety Indonesia",
   "VehicleTypes": []
  },
  {
   "Country": "UNITED STATES (USA)",
   "Mfr_CommonName": null,
   "Mfr_ID": 15234,
   "Mfr_Name": "KYZER TRUCK AND TRAILER REPAIR INC",
   "VehicleTypes": [
    {
     "IsPrimary": false,
     "Name": "Truck "
    }
   ]
  },
  {
   "Country": "GERMANY",
   "Mfr_CommonName": "M.A.N",
   "Mfr_ID": 15235,
   "Mfr_Name": "MASCHINEFABRIK AUGSBURG- NUERNBERG",
   "VehicleTypes": []
  },
  {
   "Country": "UNITED STATES (USA)",
   "Mfr_CommonName": null,
   "Mfr_ID": 15236,
   "Mfr_Name": "M.G. RHOADS",
   "VehicleTypes": []
  },
  {
   "Country": "UNITED STATES (USA)",
   "Mfr_CommonName": null,
   "Mfr_ID": 15237,
   "Mfr_Name": "MAMER'S ",
   "VehicleTypes": []
  },
  {
   "Country": "CANADA",
   "Mfr_CommonName": null,
   "Mfr_ID": 15238,
   "Mfr_Name": "MARATHON EQUIPMENT LTD ",
   "VehicleTypes": []
  },
  {
   "Country": "CZECH REPUBLIC",
   "Mfr_CommonName": null,
   "Mfr_ID": 15241,
   "Mfr_Name": "TRCZ s.r.o.",
   "VehicleTypes": []
  },
  {
   "Country": "UNITED STATES (USA)",
   "Mfr_CommonName": null,
   "Mfr_ID": 15242,
   "Mfr_Name": "MARINE FIBERGLASS PRODUCTS, INC ",
   "VehicleTypes": []
  },
  {
   "Country": "UNITED STATES (USA)",
   "Mfr_CommonName": null,
   "Mfr_ID": 15243,
   "Mfr_Name": "MARK'S TRAILERS, INC ",
   "VehicleTypes": []
  },
  {
   "Country": "UNITED STATES (USA)",
   "Mfr_CommonName": null,
   "Mfr_ID": 15250,
   "Mfr_Name": "MARLEY CONTINENTAL HOMES OF KANSAS",
   "VehicleTypes": []
  },
  {
   "Country": "UNITED STATES (USA)",
   "Mfr_CommonName": null,
   "Mfr_ID": 15251,
   "Mfr_Name": "MARQUEZ MFG. CO. ",
   "VehicleTypes": []
  },
  {
   "Country": "UNITED STATES (USA)",
   "Mfr_CommonName": null,
   "Mfr_ID": 15252,
   "Mfr_Name": "MARTIN MACHINE ",
   "VehicleTypes": []
  },
  {
   "Country": "UNITED STATES (USA)",
   "Mfr_CommonName": null,
   "Mfr_ID": 15253,
   "Mfr_Name": "MAXI-CUBE TRANSPORT SYSTEMS, INC ",
   "VehicleTypes": []
  },
  {
   "Country": "UNITED STATES (USA)",
   "Mfr_CommonName": null,
   "Mfr_ID": 15254,
   "Mfr_Name": "MAYNARD & CO.",
   "VehicleTypes": []
  },
  {
   "Country": "UNITED STATES (USA)",
   "Mfr_CommonName": null,
   "Mfr_ID": 15255,
   "Mfr_Name": "McCULLOUGH ALUMINUM TRAILER CO., INC ",
   "VehicleTypes": []
  },
  {
   "Country": "UNITED STATES (USA)",
   "Mfr_CommonName": null,
   "Mfr_ID": 15256,
   "Mfr_Name": "MCKECHNIE CORPORATION ",
   "VehicleTypes": []
  },
  {
   "Country": "UNITED STATES (USA)",
   "Mfr_CommonName": null,
   "Mfr_ID": 15257,
   "Mfr_Name": "MCR TECHNOLOGY, INC ",
   "VehicleTypes": []
  },
  {
   "Country": "UNITED STATES (USA)",
   "Mfr_CommonName": "MEC",
   "Mfr_ID": 15258,
   "Mfr_Name": "MEDIC EQUIPMENT CO, INC ",
   "VehicleTypes": []
  },
  {
   "Country": "UNITED STATES (USA)",
   "Mfr_CommonName": null,
   "Mfr_ID": 15259,
   "Mfr_Name": "METAL FAB, INC ",
   "VehicleTypes": []
  },
  {
   "Country": "INDIA",
   "Mfr_CommonName": null,
   "Mfr_ID": 15260,
   "Mfr_Name": "TOKAI RIKA MINDA INDIA PRIVATE LIMITED",
   "VehicleTypes": []
  },
  {
   "Country": "UNITED STATES (USA)",
   "Mfr_CommonName": null,
   "Mfr_ID": 15261,
   "Mfr_Name": "METZGER MACHINE & ENGINE CO.",
   "VehicleTypes": []
  },
  {
   "Country": "JAPAN",
   "Mfr_CommonName": null,
   "Mfr_ID": 15262,
   "Mfr_Name": "TOKAI RIKA CO., LTD.",
   "VehicleTypes": []
  },
  {
   "Country": "UNITED STATES (USA)",
   "Mfr_CommonName": null,
   "Mfr_ID": 15263,
   "Mfr_Name": "MGS GRAND SPORT ",
   "VehicleTypes": []
  },
  {
   "Country": "UNITED STATES (USA)",
   "Mfr_CommonName": null,
   "Mfr_ID": 15264,
   "Mfr_Name": "MILLER'S WELDING SERVICE ",
   "VehicleTypes": []
  }
 ]
}