{
 "Count": 91,
 "Message": "Response returned successfully",
 "SearchCriteria": null,
 "Results": [
  {
   "Country": "UNITED STATES (USA)",
   "Mfr_CommonName": null,
   "Mfr_ID": 15569,
   "Mfr_Name": "Tiny Homes of Ohio",
   "VehicleTypes": [
    {
     "IsPrimary": false,
     "Name": "Trailer"
    }
   ]
  },
  {
   "Country": "UNITED STATES (USA)",
   "Mfr_CommonName": null,
   "Mfr_ID": 15570,
   "Mfr_Name": "Bad Ass Trailer Company",
   "VehicleTypes": [
    {
     "IsPrimary": false,
     "Name": "Trailer"
    }
   ]
  },
  {
   "Country": "CHINA",
   "Mfr_CommonName": null,
   "Mfr_ID": 15571,
   "Mfr_Name": "SHANDONG YUANFENG RUBBER TECHNOLOGY CO.,LTD",
   "VehicleTypes": []
  },
  {
   "Country": "TAIWAN",
   "Mfr_CommonName": null,
   "Mfr_ID": 15572,
   "Mfr_Name": "CHENG SHIN RUBBER IND. CO. LTD.",
   "VehicleTypes": []
  },
  {
   "Country": "TAIWAN",
   "Mfr_CommonName": null,
   "Mfr_ID": 15573,
   "Mfr_Name": "CHENG SHIN RUBBER (VIETNAM) IND. CO. LTD.",
   "VehicleTypes": []
  },
  {
   "Country": "UNITED STATES (USA)",
   "Mfr_CommonName": "Summit bodyworks-",
   "Mfr_ID": 15574,
   "Mfr_Name": "SUMMIT BODYWORKS",
   "VehicleTypes": [
    {
     "IsPrimary": false,
     "Name": "Passenger Car"
    },
    {
     "IsPrimary": true,
     "Name": "Truck "
    },
    {
     "IsPrimary": false,
     "Name": "Bus"
    },
    {
     "IsPrimary": false,
     "Name": "Trailer"
    },
    {
     "IsPrimary": false,
     "Name": "Multipurpose Passenger Vehicle (MPV)"
    },
    {
     "IsPrimary": false,
     "Name": "Incomplete Vehicle"
    }
   ]
  },
  {
   "Country": "UNITED STATES (USA)",
   "Mfr_CommonName": "Ford",
   "Mfr_ID": 15575,
   "Mfr_Name": "HAAS FORD LLC",
   "VehicleTypes": [
    {
     "IsPrimary": false,
     "Name": "Passenger Car"
    },
    {
     "IsPrimary": false,
     "Name": "Truck "
    },
    {
     "IsPrimary": true,
     "Name": "Incomplete Vehicle"
    }
   ]
  },
  {
   "Country": "UNITED STATES (USA)",
   "Mfr_CommonName": "Atomic",
   "Mfr_ID": 15576,
   "Mfr_Name": "ATOMIC ELECTRIC VEHICLES",
   "VehicleTypes": [
    {
     "IsPrimary": true,
     "Name": "Low Speed Vehicle (LSV)"
    }
   ]
  },
  {
   "Country": "UNITED STATES (USA)",
   "Mfr_CommonName": "Toy Dolly",
   "Mfr_ID": 15577,
   "Mfr_Name": "TOY DOLLY-PS, LLC",
   "VehicleTypes": [
    {
     "IsPrimary": true,
     "Name": "Trailer"
    }
   ]
  },
  {
   "Country": "UNITED STATES (USA)",
   "Mfr_CommonName": null,
   "Mfr_ID": 15578,
   "Mfr_Name": "ECO-WHEELS, LLC",
   "VehicleTypes": [
    {
     "IsPrimary": true,
     "Name": "Motorcycle"
    }
   ]
  },
  {
   "Country": "UNITED STATES (USA)",
   "Mfr_CommonName": null,
   "Mfr_ID": 15579,
   "Mfr_Name": "IRONSTAR BEDS LLC",
   "VehicleTypes": [
    {
     "IsPrimary": true,
     "Name": "Truck "
    }
   ]
  },
  {
   "Country": "UNITED STATES (USA)",
   "Mfr_CommonName": null,
   "Mfr_ID": 15580,
   "Mfr_Name": "TECHNI-GLASS INC",
   "VehicleTypes": []
  },
  {
   "Country": "CHINA",
   "Mfr_CommonName": null,
   "Mfr_ID": 15581,
   "Mfr_Name": "RUILI GROUP RUIAN AUTO PARTS CO.,LTD.",
   "VehicleTypes": []
  },
  {
   "Country": "CHINA",
   "Mfr_CommonName": null,
   "Mfr_ID": 15582,
   "Mfr_Name": "QINGDAO WANTAI RUBBER PRODUCTS CO.,LTD",
   "VehicleTypes": []
  },
  {
   "Country": "UNITED STATES (USA)",
   "Mfr_CommonName": null,
   "Mfr_ID": 15583,
   "Mfr_Name": "FARMHOUSE INVESTMENTS LLC ",
   "VehicleTypes": [
    {
     "IsPrimary": true,
     "Name": "Trailer"
    }
   ]
  },
  {
   "Country": "UNITED STATES (USA)",
   "Mfr_CommonName": null,
   "Mfr_ID": 15584,
   "Mfr_Name": "SNIDERBUILT TRAILERS",
   "VehicleTypes": [
    {
     "IsPrimary": true,
     "Name": "Trailer"
    }
   ]
  },
  {
   "Country": "UNITED STATES (USA)",
   "Mfr_CommonName": null,
   "Mfr_ID": 15585,
   "Mfr_Name": "SAGE OIL VAC, INC.",
   "VehicleTypes": [
    {
     "IsPrimary": true,
     "Name": "Trailer"
    }
   ]
  },
  {
   "Country": "UNITED STATES (USA)",
   "Mfr_CommonName": null,
   "Mfr_ID": 15586,
   "Mfr_Name": "FENDER OPERATIONS LLC DBA FENDER TRUCK ACCESSORIES",
   "VehicleTypes": [
    {
     "IsPrimary": false,
     "Name": "Truck "
    }
   ]
  },
  {
   "Country": "UNITED STATES (USA)",
   "Mfr_CommonName": null,
   "Mfr_ID": 15587,
   "Mfr_Name": "ROGERS FABRICATION,INC",
   "VehicleTypes": [
    {
     "IsPrimary": false,
     "Name": "Trailer"
    }
   ]
  },
  {
   "Country": "UNITED STATES (USA)",
   "Mfr_CommonName": null,
   "Mfr_ID": 15588,
   "Mfr_Name": "MIDWEST TINY HOMES, LLC",
   "VehicleTypes": [
    {
     "IsPrimary": true,
     "Name": "Trailer"
    }
   ]
  },
  {
   "Country": "UNITED STATES (USA)",
   "Mfr_CommonName": null,
   "Mfr_ID": 15589,
   "Mfr_Name": "R G BURNS INC. DBA SAMSON & ASSOCIATES",
   "VehicleTypes": [
    {
     "IsPrimary": false,
     "Name": "Truck "
    },
    {
     "IsPrimary": false,
     "Name": "Trailer"
    },
    {
     "IsPrimary": false,
     "Name": "Incomplete Vehicle"
    }
   ]
  },
  {
   "Country": "UNITED STATES (USA)",
   "Mfr_CommonName": null,
   "Mfr_ID": 15590,
   "Mfr_Name": "NU-WAY TRAILERS LLC",
   "VehicleTypes": [
    {
     "IsPrimary": false,
     "Name": "Trailer"
    }
   ]
  },
  {
   "Country": "UNITED STATES (USA)",
   "Mfr_CommonName": null,
   "Mfr_ID": 15591,
   "Mfr_Name": "REDMARK CNG SERVICES, LLC",
   "VehicleTypes": [
    {
     "IsPrimary": false,
     "Name": "Passenger Car"
    },
    {
     "IsPrimary": false,
     "Name": "Truck "
    },
    {
     "IsPrimary": false,
     "Name": "Trailer"
    },
    {
     "IsPrimary": false,
     "Name": "Multipurpose Passenger Vehicle (MPV)"
    }
   ]
  },
  {
   "Country": "UNITED STATES (USA)",
   "Mfr_CommonName": null,
   "Mfr_ID": 15592,
   "Mfr_Name": "METZGER GEAR INC",
   "VehicleTypes": [
    {
     "IsPrimary": false,
     "Name": "Truck "
    }
   ]
  },
  {
   "Country": "UNITED STATES (USA)",
   "Mfr_CommonName": null,
   "Mfr_ID": 15593,
   "Mfr_Name": "Auto Motion Industries Inc.",
   "VehicleTypes": [
    {
     "IsPrimary": false,
     "Name": "Trailer"
    }
   ]
  },
  {
   "Country": "CHINA",
   "Mfr_CommonName": null,
   "Mfr_ID": 15594,
   "Mfr_Name": "JIANGSU WANYANG WHEEL CO.,LTD",
   "VehicleTypes": []
  },
  {
   "Country": "UNITED STATES (USA)",
   "Mfr_CommonName": "BMARKO STRUCTURES",
   "Mfr_ID": 15595,
   "Mfr_Name": "BMARKO STRUCTURES, LLC",
   "VehicleTypes": [
    {
     "IsPrimary": true,
     "Name": "Trailer"
    }
   ]
  },
  {
   "Country": "CHINA",
   "Mfr_CommonName": null,
   "Mfr_ID": 15596,
   "Mfr_Name": "ENPING SHILAN LIGHTING ELECTRONIC CO.,LTD",
   "VehicleTypes": []
  },
  {
   "Country": "UNITED STATES (USA)",
   "Mfr_CommonName": "Deck Over Dolly",
   "Mfr_ID": 15597,
   "Mfr_Name": "RDH MANUFACTURING INCORPORATED",
   "VehicleTypes": [
    {
     "IsPrimary": true,
     "Name": "Trailer"
    }
   ]
  },
  {
   "Country": "UNITED STATES (USA)",
   "Mfr_CommonName": null,
   "Mfr_ID": 15598,
   "Mfr_Name": "FALL RIVER FABRICATION LLC",
   "VehicleTypes": [
    {
     "IsPrimary": true,
     "Name": "Trailer"
    }
   ]
  },
  {
   "Country": "UNITED STATES (USA)",
   "Mfr_CommonName": null,
   "Mfr_ID": 15599,
   "Mfr_Name": "ROCKY RIDGE TRUCKS, INC.",
   "VehicleTypes": [
    {
     "IsPrimary": false,
     "Name": "Truck "
    },
    {
     "IsPrimary": false,
     "Name": "Multipurpose Passenger Vehicle (MPV)"
    }
   ]
  },
  {
   "Country": "CHINA",
   "Mfr_CommonName": null,
   "Mfr_ID": 15600,
   "Mfr_Name": "CHENG SHIN RUBBER (XIAMEN) IND., LTD.",
   "VehicleTypes": []
  },
  {
   "Country": "CHINA",
   "Mfr_CommonName": null,
   "Mfr_ID": 15601,
   "Mfr_Name": "CHENG SHIN TIRE & RUBBER (CHINA) CO., LTD.",
   "VehicleTypes": []
  },
  {
   "Country": "UNITED STATES (USA)",
   "Mfr_CommonName": null,
   "Mfr_ID": 15602,
   "Mfr_Name": "Chen Shin Rubber (Tianjin Dafeng) Ind. Co., Ltd.",
   "VehicleTypes": []
  },
  {
   "Country": "UNITED STATES (USA)",
   "Mfr_CommonName": null,
   "Mfr_ID": 15603,
   "Mfr_Name": "PIRELLI TIRE LLC",
   "VehicleTypes": []
  },
  {
   "Country": "TAIWAN",
   "Mfr_CommonName": "JUNYAN",
   "Mfr_ID": 15604,
   "Mfr_Name": "JUN YAN INDUSTRIAL CO., LTD.",
   "VehicleTypes": []
  },
  {
   "Country": "MEXICO",
   "Mfr_CommonName": "Norflex",
   "Mfr_ID": 15605,
   "Mfr_Name": "MANGUERAS SKS, S.A. DE C.V.",
   "VehicleTypes": []
  },
  {
   "Country": "CHINA",
   "Mfr_CommonName": null,
   "Mfr_ID": 15606,
   "Mfr_Name": "SAINT-GOBAIN SEKURIT (WUHAN) CO., LTD",
   "VehicleTypes": []
  },
  {
   "Country": "UNITED KINGDOM (UK)",
   "Mfr_CommonName": "SNG Barratt",
   "Mfr_ID": 15607,
   "Mfr_Name": "SNG BARRATT GROUP LTD",
   "VehicleTypes": []
  },
  {
   "Country": "UNITED STATES (USA)",
   "Mfr_CommonName": null,
   "Mfr_ID": 15608,
   "Mfr_Name": "SIGLER SYSTEMS",
   "VehicleTypes": [
    {
     "IsPrimary": true,
     "Name": "Trailer"
    }
   ]
  },
  {
   "Country": "UNITED STATES (USA)",
   "Mfr_CommonName": null,
   "Mfr_ID": 15609,
   "Mfr_Name": "NORTH RANCH WELDING",
   "VehicleTypes": [
    {
     "IsPrimary": false,
     "Name": "Motorcycle"
    },
    {
     "IsPrimary": false,
     "Name": "Passenger Car"
    },
    {
     "IsPrimary": false,
     "Name": "Truck "
    },
    {
     "IsPrimary": false,
     "Name": "Trailer"
    },
    {
     "IsPrimary": false,
     "Name": "Multipurpose Passenger Vehicle (MPV)"
    },
    {
     "IsPrimary": false,
     "Name": "Low Speed Vehicle (LSV)"
    },
    {
     "IsPrimary": false,
     "Name": "Off Road Vehicle"
    }
   ]
  },
  {
   "Country": "CHINA",
   "Mfr_CommonName": null,
   "Mfr_ID": 15611,
   "Mfr_Name": "CST RUBBER (ZHANGZHOU) IND., LTD.",
   "VehicleTypes": []
  },
  {
   "Country": "UNITED STATES (USA)",
   "Mfr_CommonName": "Autoliv North America",
   "Mfr_ID": 15612,
   "Mfr_Name": "AUTOLIV ASP, INC.",
   "VehicleTypes": []
  },
  {
   "Country": "UNITED STATES (USA)",
   "Mfr_CommonName": null,
   "Mfr_ID": 15613,
   "Mfr_Name": "BOGGY CREEEK MFG",
   "VehicleTypes": [
    {
     "IsPrimary": false,
     "Name": "Trailer"
    }
   ]
  },
  {
   "Country": "CHINA",
   "Mfr_CommonName": null,
   "Mfr_ID": 15614,
   "Mfr_Name": "TINDEO TECH CO.,LTD",
   "VehicleTypes": []
  },
  {
   "Country": "GERMANY",
   "Mfr_CommonName": "Automotive Lighting",
   "Mfr_ID": 15615,
   "Mfr_Name": "AUTOMOTIVE LIGHTING REUTLINGEN GMBH",
   "VehicleTypes": []
  },
  {
   "Country": "TURKEY",
   "Mfr_CommonName": "BRISA",
   "Mfr_ID": 15616,
   "Mfr_Name": "BRISA BRIDGESTONE SABANCI",
   "VehicleTypes": []
  },
  {
   "Country": "CANADA",
   "Mfr_CommonName": "Escape",
   "Mfr_ID": 15617,
   "Mfr_Name": "ESCAPE TRAILER INDUSTRIES LTD.",
   "VehicleTypes": [
    {
     "IsPrimary": false,
     "Name": "Trailer"
    }
   ]
  },
  {
   "Country": "UNITED STATES (USA)",
   "Mfr_CommonName": "Imperial Trailer",
   "Mfr_ID": 15618,
   "Mfr_Name": "IMPERIAL TRAILER MANUFACTURING & SALES, INC.",
   "VehicleTypes": [
    {
     "IsPrimary": true,
     "Name": "Trailer"
    }
   ]
  },
  {
   "Country": "CHINA",
   "Mfr_CommonName": null,
   "Mfr_ID": 15619,
   "Mfr_Name": "TMH TECHNOLOGY CO.,LTD",
   "VehicleTypes": []
  },
  {
   "Country": "CHINA",
   "Mfr_CommonName": null,
   "Mfr_ID": 15620,
   "Mfr_Name": "DANYANG LONSHINE LAMP CO.,LTD",
   "VehicleTypes": []
  },
  {
   "Country": "CHINA",
   "Mfr_CommonName": null,
   "Mfr_ID": 15621,
   "Mfr_Name": "GUANGZHOU AES SCIENCE & TECHNOLOGY CO.,LTD",
   "VehicleTypes": []
  },
  {
   "Country": "UNITED STATES (USA)",
   "Mfr_CommonName": null,
   "Mfr_ID": 15622,
   "Mfr_Name": "LANE TRAILER MANUFACTURING COMPANY",
   "VehicleTypes": [
    {
     "IsPrimary": true,
     "Name": "Trailer"
    }
   ]
  },
  {
   "Country": "UNITED STATES (USA)",
   "Mfr_CommonName": "Lumen",
   "Mfr_ID": 15624,
   "Mfr_Name": "THE LUMEN MOTORS COMPANY",
   "VehicleTypes": [
    {
     "IsPrimary": true,
     "Name": "Passenger Car"
    }
   ]
  },
  {
   "Country": "CZECH REPUBLIC",
   "Mfr_CommonName": "Varroc",
   "Mfr_ID": 15625,
   "Mfr_Name": "VARROC LIGHTING SYSTEMS, S.R.O.",
   "VehicleTypes": []
  },
  {
   "Country": "CHINA",
   "Mfr_CommonName": null,
   "Mfr_ID": 15626,
   "Mfr_Name": "CHANGZHOU YONGHAO LIGHTING CO., LTD",
   "VehicleTypes": []
  },
  {
   "Country": "CHINA",
   "Mfr_CommonName": null,
   "Mfr_ID": 15627,
   "Mfr_Name": "HEFEI XINGTU REFLECTIVE MATERIAL CO., LTD.",
   "VehicleTypes": []
  },
  {
   "Country": "UNITED STATES (USA)",
   "Mfr_CommonName": null,
   "Mfr_ID": 15628,
   "Mfr_Name": "DOWNEASTER MANUFACTURING dba Coastal Metal Fab",
   "VehicleTypes": [
    {
     "IsPrimary": false,
     "Name": "Trailer"
    }
   ]
  },
  {
   "Country": "UNITED STATES (USA)",
   "Mfr_CommonName": "Tampa Crane & Body",
   "Mfr_ID": 15629,
   "Mfr_Name": "TAMPA CRANE & BODY, INC.",
   "VehicleTypes": [
    {
     "IsPrimary": true,
     "Name": "Truck "
    }
   ]
  },
  {
   "Country": "UNITED STATES (USA)",
   "Mfr_CommonName": "Therm Dynamics",
   "Mfr_ID": 15630,
   "Mfr_Name": "JR KOOP, INC.",
   "VehicleTypes": [
    {
     "IsPrimary": true,
     "Name": "Trailer"
    }
   ]
  },
  {
   "Country": "CHINA",
   "Mfr_CommonName": null,
   "Mfr_ID": 15631,
   "Mfr_Name": "CHENG SHIN RUBBER (TIANJIN DAFENG) IND. CO., LTD.",
   "VehicleTypes": []
  },
  {
   "Country": "UNITED STATES (USA)",
   "Mfr_CommonName": null,
   "Mfr_ID": 15632,
   "Mfr_Name": "ULTRALED, INC.",
   "VehicleTypes": []
  },
  {
   "Country": "UNITED STATES (USA)",
   "Mfr_CommonName": null,
   "Mfr_ID": 15633,
   "Mfr_Name": "DUGAN/STONE TRAILER CO. , LLC",
   "VehicleTypes": [
    {
     "IsPrimary": true,
     "Name": "Trailer"
    }
   ]
  },
  {
   "Country": "UNITED STATES (USA)",
   "Mfr_CommonName": "INTELLI-CORE",
   "Mfr_ID": 15634,
   "Mfr_Name": "INTELLI-CORE LLC",
   "VehicleTypes": [
    {
     "IsPrimary": true,
     "Name": "Trailer"
    }
   ]
  },
  {
   "Country": "CHINA",
   "Mfr_CommonName": null,
   "Mfr_ID": 15635,
   "Mfr_Name": "Cheng Shin Tire (Xiamen) Co., Ltd.",
   "VehicleTypes": []
  },
  {
   "Country": "CHINA",
   "Mfr_CommonName": null,
   "Mfr_ID": 15636,
   "Mfr_Name": "NANJING KUMHO TIRE CO., LTD.",
   "VehicleTypes": []
  },
  {
   "Country": "CZECH REPUBLIC",
   "Mfr_CommonName": null,
   "Mfr_ID": 15638,
   "Mfr_Name": "Hitachi Cable Europe, s.r.o.",
   "VehicleTypes": []
  },
  {
   "Country": "SOUTH KOREA",
   "Mfr_CommonName": null,
   "Mfr_ID": 15639,
   "Mfr_Name": "Kumho Tire Company, Inc.",
   "VehicleTypes": []
  },
  {
   "Country": "PORTUGAL",
   "Mfr_CommonName": null,
   "Mfr_ID": 15640,
   "Mfr_Name": "Jose Da Silva Gomes",
   "VehicleTypes": []
  },
  {
   "Country": "UNITED STATES (USA)",
   "Mfr_CommonName": null,
   "Mfr_ID": 15641,
   "Mfr_Name": "K-D LAMP CO.",
   "VehicleTypes": []
  },
  {
   "Country": "JAPAN",
   "Mfr_CommonName": null,
   "Mfr_ID": 15642,
   "Mfr_Name": "NIPPON SHEET GLASS CO., LTD. ",
   "VehicleTypes": []
  },
  {
   "Country": "CHINA",
   "Mfr_CommonName": null,
   "Mfr_ID": 15643,
   "Mfr_Name": "Haining Powered Autoparts Co., Ltd.",
   "VehicleTypes": []
  },
  {
   "Country": "CHINA",
   "Mfr_CommonName": null,
   "Mfr_ID": 15644,
   "Mfr_Name": "QINGDAO LIMA LIGHTS TECHNOLOGY CO., LTD.",
   "VehicleTypes": []
  },
  {
   "Country": "CHINA",
   "Mfr_CommonName": null,
   "Mfr_ID": 15645,
   "Mfr_Name": "NINGBO CHARIOT INUDSTRY TRADE CO., LTD.",
   "VehicleTypes": []
  },
  {
   "Country": "CHINA",
   "Mfr_CommonName": "DFM",
   "Mfr_ID": 15647,
   "Mfr_Name": "JIANGYIN DAFEIMA AUTOMOBILE TECHNOLOGY CO., LTD.",
   "VehicleTypes": []
  },
  {
   "Country": "CANADA",
   "Mfr_CommonName": "Minimaliste",
   "Mfr_ID": 15648,
   "Mfr_Name": "MINIMALISTE INC.",
   "VehicleTypes": [
    {
     "IsPrimary": true,
     "Name": "Trailer"
    }
   ]
  },
  {
   "Country": "CANADA",
   "Mfr_CommonName": "GEA",
   "Mfr_ID": 15649,
   "Mfr_Name": "GEA FARM TECHNOLOGIES CANADA, INC.",
   "VehicleTypes": [
    {
     "IsPrimary": false,
     "Name": "Trailer"
    }
   ]
  },
  {
   "Country": "UNITED STATES (USA)",
   "Mfr_CommonName": null,
   "Mfr_ID": 15650,
   "Mfr_Name": "PEGASUS VANS AND TRAILERS, INC",
   "VehicleTypes": [
    {
     "IsPrimary": true,
     "Name": "Trailer"
    }
   ]
  },
  {
   "Country": "UNITED STATES (USA)",
   "Mfr_CommonName": null,
   "Mfr_ID": 15651,
   "Mfr_Name": "FXE INDUSTRIES INC.",
   "VehicleTypes": [
    {
     "IsPrimary": true,
     "Name": "Motorcycle"
    }
   ]
  },
  {
   "Country": "UNITED STATES (USA)",
   "Mfr_CommonName": "Race Trailers",
   "Mfr_ID": 15652,
   "Mfr_Name": "CRANE COMPONENTS LLC",
   "VehicleTypes": [
    {
     "IsPrimary": true,
     "Name": "Trailer"
    }
   ]
  },
  {
   "Country": "UNITED STATES (USA)",
   "Mfr_CommonName": "SHIELD",
   "Mfr_ID": 15653,
   "Mfr_Name": "SHIELD RESTRAINT SYSTEMS, INC",
   "VehicleTypes": [
    {
     "IsPrimary": false,
     "Name": "Bus"
    },
    {
     "IsPrimary": false,
     "Name": "Multipurpose Passenger Vehicle (MPV)"
    },
    {
     "IsPrimary": false,
     "Name": "Off Road Vehicle"
    }
   ]
  },
  {
   "Country": "UNITED STATES (USA)",
   "Mfr_CommonName": null,
   "Mfr_ID": 15654,
   "Mfr_Name": "DRIVEN FAB LLC",
   "VehicleTypes": [
    {
     "IsPrimary": true,
     "Name": "Trailer"
    }
   ]
  },
  {
   "Country": "UNITED STATES (USA)",
   "Mfr_CommonName": null,
   "Mfr_ID": 15655,
   "Mfr_Name": "Garrett Enterprises Inc",
   "VehicleTypes": []
  },
  {
   "Country": "UNITED STATES (USA)",
   "Mfr_CommonName": "Blaze Trailer",
   "Mfr_ID": 15656,
   "Mfr_Name": "BLAZE TRAILER COMPANY",
   "VehicleTypes": [
    {
     "IsPrimary": true,
     "Name": "Trailer"
    }
   ]
  },
  {
   "Country": "UNITED STATES (USA)",
   "Mfr_CommonName": null,
   "Mfr_ID": 15657,
   "Mfr_Name": "HLT LIMITED",
   "VehicleTypes": [
    {
     "IsPrimary": false,
     "Name": "Trailer"
    }
   ]
  },
  {
   "Country": "UNITED STATES (USA)",
   "Mfr_CommonName": null,
   "Mfr_ID": 15658,
   "Mfr_Name": "JAMES KING & CO., INC.",
   "VehicleTypes": []
  },
  {
   "Country": "UNITED STATES (USA)",
   "Mfr_CommonName": "RPM SPORTS",
   "Mfr_ID": 15659,
   "Mfr_Name": "SKI MCQUEENEY YOUTH FOUNDATION, INC. DBA RPM SPORTS",
   "VehicleTypes": [
    {
     "IsPrimary": true,
     "Name": "Trailer"
    }
   ]
  },
  {
   "Country": "UNITED STATES (USA)",
   "Mfr_CommonName": "GreenGo Buggies",
   "Mfr_ID": 15660,
   "Mfr_Name": "EZ PRICE WIRELESS DBA GREENGO BUGGIES",
   "VehicleTypes": [
    {
     "IsPrimary": true,
     "Name": "Low Speed Vehicle (LSV)"
    }
   ]
  },
  {
   "Country": "UNITED STATES (USA)",
   "Mfr_CommonName": null,
   "Mfr_ID": 15661,
   "Mfr_Name": "Devine's Machine & Design, Inc ",
   "VehicleTypes": []
  },
  {
   "Country": "UNITED STATES (USA)",
   "Mfr_CommonName": null,
   "Mfr_ID": 15662,
   "Mfr_Name": "Zoe Motors, Inc ",
   "VehicleTypes": []
  },
  {
   "Country": "UNITED STATES (USA)",
   "Mfr_CommonName": null,
   "Mfr_ID": 15663,
   "Mfr_Name": "Brown Production and Development Corporation ",
   "VehicleTypes": []
  }
 ]
}