{
 "Count": 90,
 "Message": "Response returned successfully",
 "SearchCriteria": null,
 "Results": [
  {
   "Country": "UNITED STATES (USA)",
   "Mfr_CommonName": "CMC",
   "Mfr_ID": 18773,
   "Mfr_Name": "COREY MACHINE COMPANY",
   "VehicleTypes": [
    {
     "IsPrimary": true,
     "Name": "Trailer"
    }
   ]
  },
  {
   "Country": "UNITED STATES (USA)",
   "Mfr_CommonName": null,
   "Mfr_ID": 18774,
   "Mfr_Name": "LEGACY EQUIPMENT COMPANY, LLC.",
   "VehicleTypes": [
    {
     "IsPrimary": true,
     "Name": "Truck "
    }
   ]
  },
  {
   "Country": "UNITED STATES (USA)",
   "Mfr_CommonName": null,
   "Mfr_ID": 18775,
   "Mfr_Name": "INTERSTATE TANK TRAILERS. INC.",
   "VehicleTypes": [
    {
     "IsPrimary": true,
     "Name": "Trailer"
    }
   ]
  },
  {
   "Country": "UNITED STATES (USA)",
   "Mfr_CommonName": null,
   "Mfr_ID": 18776,
   "Mfr_Name": "SCHOLL INDUSTRIES",
   "VehicleTypes": []
  },
  {
   "Country": "UNITED STATES (USA)",
   "Mfr_CommonName": null,
   "Mfr_ID": 18777,
   "Mfr_Name": "TOP GUN MANUFACTURING",
   "VehicleTypes": [
    {
     "IsPrimary": false,
     "Name": "Trailer"
    }
   ]
  },
  {
   "Country": "UNITED STATES (USA)",
   "Mfr_CommonName": null,
   "Mfr_ID": 18778,
   "Mfr_Name": "R. C. LYON & CO. LLC.",
   "VehicleTypes": [
    {
     "IsPrimary": false,
     "Name": "Trailer"
    }
   ]
  },
  {
   "Country": "UNITED STATES (USA)",
   "Mfr_CommonName": " Dayang or MIDWEST ELECTRIC VEHICLES, LLC (U.S.A)",
   "Mfr_ID": 18779,
   "Mfr_Name": "LUOYANG NORTHERN EK CHOR MOTORCYCLE CO., LTD.",
   "VehicleTypes": [
    {
     "IsPrimary": false,
     "Name": "Low Speed Vehicle (LSV)"
    }
   ]
  },
  {
   "Country": "UNITED STATES (USA)",
   "Mfr_CommonName": "Momentum",
   "Mfr_ID": 18780,
   "Mfr_Name": "MOMENTUM MOTORWERKS, LLC",
   "VehicleTypes": [
    {
     "IsPrimary": false,
     "Name": "Motorcycle"
    },
    {
     "IsPrimary": false,
     "Name": "Low Speed Vehicle (LSV)"
    },
    {
     "IsPrimary": true,
     "Name": "Off Road Vehicle"
    }
   ]
  },
  {
   "Country": "UNITED STATES (USA)",
   "Mfr_CommonName": null,
   "Mfr_ID": 18781,
   "Mfr_Name": "EAST COAST RETREADERS OF CONNECTICUT LLC",
   "VehicleTypes": []
  },
  {
   "Country": "UNITED STATES (USA)",
   "Mfr_CommonName": "Escapade Campers ",
   "Mfr_ID": 18782,
   "Mfr_Name": "ESCAPADE CAMPER CO, LLC",
   "VehicleTypes": [
    {
     "IsPrimary": false,
     "Name": "Trailer"
    }
   ]
  },
  {
   "Country": "UNITED STATES (USA)",
   "Mfr_CommonName": "RCWELD",
   "Mfr_ID": 18783,
   "Mfr_Name": "R.C. PORTABLE WELDING & FABRICATION, INC.",
   "VehicleTypes": [
    {
     "IsPrimary": false,
     "Name": "Trailer"
    }
   ]
  },
  {
   "Country": "UNITED STATES (USA)",
   "Mfr_CommonName": null,
   "Mfr_ID": 18784,
   "Mfr_Name": "AKWEL AUTOMOTIVE",
   "VehicleTypes": []
  },
  {
   "Country": "UNITED STATES (USA)",
   "Mfr_CommonName": null,
   "Mfr_ID": 18785,
   "Mfr_Name": "Custom Industries, Incorporated",
   "VehicleTypes": []
  },
  {
   "Country": "UNITED STATES (USA)",
   "Mfr_CommonName": null,
   "Mfr_ID": 18786,
   "Mfr_Name": "RUSH TRUCK CENTERS OF GEORGIA INC DBA RUSH BUS CENTER ATLANTA",
   "VehicleTypes": [
    {
     "IsPrimary": true,
     "Name": "Truck "
    },
    {
     "IsPrimary": false,
     "Name": "Bus"
    },
    {
     "IsPrimary": false,
     "Name": "Incomplete Vehicle"
    }
   ]
  },
  {
   "Country": "UNITED STATES (USA)",
   "Mfr_CommonName": null,
   "Mfr_ID": 18787,
   "Mfr_Name": "ADVENTURE VENTURES, LLC",
   "VehicleTypes": [
    {
     "IsPrimary": true,
     "Name": "Trailer"
    }
   ]
  },
  {
   "Country": "UNITED STATES (USA)",
   "Mfr_CommonName": null,
   "Mfr_ID": 18788,
   "Mfr_Name": "3C CATTLE FEEDERS INC.",
   "VehicleTypes": [
    {
     "IsPrimary": false,
     "Name": "Trailer"
    }
   ]
  },
  {
   "Country": "UNITED STATES (USA)",
   "Mfr_CommonName": "Chanje",
   "Mfr_ID": 18789,
   "Mfr_Name": "CHANJE ENERGY, INC.",
   "VehicleTypes": [
    {
     "IsPrimary": true,
     "Name": "Truck "
    },
    {
     "IsPrimary": false,
     "Name": "Bus"
    },
    {
     "IsPrimary": false,
     "Name": "Multipurpose Passenger Vehicle (MPV)"
    }
   ]
  },
  {
   "Country": "UNITED STATES (USA)",
   "Mfr_CommonName": null,
   "Mfr_ID": 18790,
   "Mfr_Name": "OZARK TRAILER SALES",
   "VehicleTypes": [
    {
     "IsPrimary": true,
     "Name": "Trailer"
    }
   ]
  },
  {
   "Country": "UKRAINE",
   "Mfr_CommonName": null,
   "Mfr_ID": 18791,
   "Mfr_Name": "LIMITED LIABILITY COMPANY \"PREMIORI\"",
   "VehicleTypes": []
  },
  {
   "Country": "CZECH REPUBLIC",
   "Mfr_CommonName": null,
   "Mfr_ID": 18792,
   "Mfr_Name": "VITKOVICE CYLINDERS A.S.",
   "VehicleTypes": []
  },
  {
   "Country": "UNITED STATES (USA)",
   "Mfr_CommonName": null,
   "Mfr_ID": 18793,
   "Mfr_Name": "SOURCE TUBE & HOSE INC.",
   "VehicleTypes": []
  },
  {
   "Country": "UNITED STATES (USA)",
   "Mfr_CommonName": null,
   "Mfr_ID": 18794,
   "Mfr_Name": "CONCESSION NATION, INC.",
   "VehicleTypes": [
    {
     "IsPrimary": false,
     "Name": "Truck "
    },
    {
     "IsPrimary": false,
     "Name": "Trailer"
    }
   ]
  },
  {
   "Country": "UNITED STATES (USA)",
   "Mfr_CommonName": null,
   "Mfr_ID": 18795,
   "Mfr_Name": "Onboard Dynamics, Inc.",
   "VehicleTypes": [
    {
     "IsPrimary": false,
     "Name": "Trailer"
    }
   ]
  },
  {
   "Country": "UNITED STATES (USA)",
   "Mfr_CommonName": null,
   "Mfr_ID": 18796,
   "Mfr_Name": "TRAILER CENTRAL",
   "VehicleTypes": [
    {
     "IsPrimary": false,
     "Name": "Trailer"
    }
   ]
  },
  {
   "Country": "UNITED STATES (USA)",
   "Mfr_CommonName": null,
   "Mfr_ID": 18797,
   "Mfr_Name": "COLD RUSH REPAIRS AND CUSTOMIZATION LLC",
   "VehicleTypes": [
    {
     "IsPrimary": true,
     "Name": "Truck "
    },
    {
     "IsPrimary": false,
     "Name": "Trailer"
    }
   ]
  },
  {
   "Country": "UNITED STATES (USA)",
   "Mfr_CommonName": null,
   "Mfr_ID": 18798,
   "Mfr_Name": "PRECISION TRUCK EQUIPMENT INC.",
   "VehicleTypes": [
    {
     "IsPrimary": true,
     "Name": "Truck "
    }
   ]
  },
  {
   "Country": "UNITED STATES (USA)",
   "Mfr_CommonName": "ROSA TRAILER MFG",
   "Mfr_ID": 18799,
   "Mfr_Name": "ROSA TRAILER MANUFACTURING INC.",
   "VehicleTypes": [
    {
     "IsPrimary": false,
     "Name": "Trailer"
    }
   ]
  },
  {
   "Country": "UNITED STATES (USA)",
   "Mfr_CommonName": null,
   "Mfr_ID": 18800,
   "Mfr_Name": "MID-COUNTY FABRICATING INC.",
   "VehicleTypes": [
    {
     "IsPrimary": false,
     "Name": "Trailer"
    }
   ]
  },
  {
   "Country": "UNITED STATES (USA)",
   "Mfr_CommonName": null,
   "Mfr_ID": 18801,
   "Mfr_Name": "FARM BOSS TRAILERS",
   "VehicleTypes": [
    {
     "IsPrimary": false,
     "Name": "Trailer"
    }
   ]
  },
  {
   "Country": "UNITED STATES (USA)",
   "Mfr_CommonName": null,
   "Mfr_ID": 18802,
   "Mfr_Name": "PRECISION RESCUE VEHICLES",
   "VehicleTypes": [
    {
     "IsPrimary": false,
     "Name": "Truck "
    },
    {
     "IsPrimary": false,
     "Name": "Bus"
    },
    {
     "IsPrimary": false,
     "Name": "Trailer"
    },
    {
     "IsPrimary": false,
     "Name": "Multipurpose Passenger Vehicle (MPV)"
    }
   ]
  },
  {
   "Country": "SPAIN",
   "Mfr_CommonName": null,
   "Mfr_ID": 18803,
   "Mfr_Name": "Neumaticos Andres SAV",
   "VehicleTypes": []
  },
  {
   "Country": "UNITED STATES (USA)",
   "Mfr_CommonName": "Vexus Boats",
   "Mfr_ID": 18804,
   "Mfr_Name": "ADVANCED MARINE PERFORMANCE, LLC",
   "VehicleTypes": [
    {
     "IsPrimary": false,
     "Name": "Trailer"
    }
   ]
  },
  {
   "Country": "UNITED STATES (USA)",
   "Mfr_CommonName": "Astro Haven",
   "Mfr_ID": 18805,
   "Mfr_Name": "ASTRO HAVEN ENTERPRISES",
   "VehicleTypes": [
    {
     "IsPrimary": true,
     "Name": "Trailer"
    }
   ]
  },
  {
   "Country": "UNITED STATES (USA)",
   "Mfr_CommonName": "CLEAR VIEW MIRROR",
   "Mfr_ID": 18806,
   "Mfr_Name": "CLEAR VIEW MIRROR, LLC",
   "VehicleTypes": []
  },
  {
   "Country": "UNITED STATES (USA)",
   "Mfr_CommonName": null,
   "Mfr_ID": 18807,
   "Mfr_Name": "MESALE FABRICATION",
   "VehicleTypes": [
    {
     "IsPrimary": false,
     "Name": "Trailer"
    }
   ]
  },
  {
   "Country": "UNITED STATES (USA)",
   "Mfr_CommonName": "Nuro",
   "Mfr_ID": 18808,
   "Mfr_Name": "NURO, INC.",
   "VehicleTypes": [
    {
     "IsPrimary": true,
     "Name": "Low Speed Vehicle (LSV)"
    }
   ]
  },
  {
   "Country": "UNITED STATES (USA)",
   "Mfr_CommonName": null,
   "Mfr_ID": 18809,
   "Mfr_Name": "DIRTGRASSSNOW",
   "VehicleTypes": [
    {
     "IsPrimary": true,
     "Name": "Truck "
    },
    {
     "IsPrimary": false,
     "Name": "Trailer"
    },
    {
     "IsPrimary": false,
     "Name": "Off Road Vehicle"
    }
   ]
  },
  {
   "Country": "UNITED STATES (USA)",
   "Mfr_CommonName": "Gabriel Logan, GL Trailers",
   "Mfr_ID": 18810,
   "Mfr_Name": "GABRIEL LOGAN, LLC",
   "VehicleTypes": [
    {
     "IsPrimary": true,
     "Name": "Trailer"
    }
   ]
  },
  {
   "Country": "UNITED STATES (USA)",
   "Mfr_CommonName": null,
   "Mfr_ID": 18811,
   "Mfr_Name": "UTILITY TRAILER SALES COMPANY OF GEORGIA",
   "VehicleTypes": [
    {
     "IsPrimary": false,
     "Name": "Truck "
    },
    {
     "IsPrimary": true,
     "Name": "Trailer"
    }
   ]
  },
  {
   "Country": "UNITED STATES (USA)",
   "Mfr_CommonName": null,
   "Mfr_ID": 18812,
   "Mfr_Name": "EAST COAST TRUCK BODIES",
   "VehicleTypes": [
    {
     "IsPrimary": true,
     "Name": "Truck "
    }
   ]
  },
  {
   "Country": "UNITED STATES (USA)",
   "Mfr_CommonName": null,
   "Mfr_ID": 18813,
   "Mfr_Name": "The Amalgamated Sugar Company LLC",
   "VehicleTypes": [
    {
     "IsPrimary": false,
     "Name": "Incomplete Vehicle"
    }
   ]
  },
  {
   "Country": "CHINA",
   "Mfr_CommonName": null,
   "Mfr_ID": 18814,
   "Mfr_Name": "CHONGQING ANDES MOTORCYCLE MANUFACTURING CO.,LTD.",
   "VehicleTypes": [
    {
     "IsPrimary": true,
     "Name": "Motorcycle"
    }
   ]
  },
  {
   "Country": "CANADA",
   "Mfr_CommonName": "MoveMobility",
   "Mfr_ID": 18815,
   "Mfr_Name": "MOVEMOBILITY, INC.",
   "VehicleTypes": [
    {
     "IsPrimary": false,
     "Name": "Bus"
    },
    {
     "IsPrimary": false,
     "Name": "Multipurpose Passenger Vehicle (MPV)"
    }
   ]
  },
  {
   "Country": "CHINA",
   "Mfr_CommonName": null,
   "Mfr_ID": 18816,
   "Mfr_Name": "ANHUI FASTER ALUMINUM PRODUCTS CO.,LTD",
   "VehicleTypes": []
  },
  {
   "Country": "MEXICO",
   "Mfr_CommonName": "REMOLQUES ATRO",
   "Mfr_ID": 18817,
   "Mfr_Name": "COMERCIALIZADORA NIMMKA SA DE CV",
   "VehicleTypes": [
    {
     "IsPrimary": true,
     "Name": "Trailer"
    }
   ]
  },
  {
   "Country": "UNITED STATES (USA)",
   "Mfr_CommonName": null,
   "Mfr_ID": 18818,
   "Mfr_Name": "SPITFIRE VINTAGE CARAVANS LLC",
   "VehicleTypes": [
    {
     "IsPrimary": true,
     "Name": "Trailer"
    }
   ]
  },
  {
   "Country": "CHINA",
   "Mfr_CommonName": null,
   "Mfr_ID": 18819,
   "Mfr_Name": "NINGHAI HOPESTEK ELECTRONIC TECHNOLOGY CO., LTD",
   "VehicleTypes": []
  },
  {
   "Country": "CHINA",
   "Mfr_CommonName": null,
   "Mfr_ID": 18820,
   "Mfr_Name": "GUANGZHOU YUANYANG AUTOMOBILE ACCESSORIES CO.,LTD",
   "VehicleTypes": []
  },
  {
   "Country": "CHINA",
   "Mfr_CommonName": null,
   "Mfr_ID": 18821,
   "Mfr_Name": "JIANGSU SAFEWHEELS TECHNOLOGY CO., LTD.",
   "VehicleTypes": []
  },
  {
   "Country": "GERMANY",
   "Mfr_CommonName": "BOOM",
   "Mfr_ID": 18822,
   "Mfr_Name": "BOOM TRIKES FAHRZEUGBAU AG",
   "VehicleTypes": [
    {
     "IsPrimary": true,
     "Name": "Motorcycle"
    }
   ]
  },
  {
   "Country": "CHINA",
   "Mfr_CommonName": null,
   "Mfr_ID": 18823,
   "Mfr_Name": "YUFING INTELLIGENT TECHNOLOGY GROUP CO., LTD.",
   "VehicleTypes": []
  },
  {
   "Country": "CHINA",
   "Mfr_CommonName": null,
   "Mfr_ID": 18824,
   "Mfr_Name": "ZHEJIANG HUATAIFARUI ALUMINUM ALLOY CO.,LTD.",
   "VehicleTypes": []
  },
  {
   "Country": "CHINA",
   "Mfr_CommonName": null,
   "Mfr_ID": 18825,
   "Mfr_Name": "SOMI TAPE INDUSTRIAL LIMITED",
   "VehicleTypes": []
  },
  {
   "Country": "CHINA",
   "Mfr_CommonName": null,
   "Mfr_ID": 18826,
   "Mfr_Name": "SHANXI LIHU GROUP QINGYAO TECHNICAL GLASS CO., LTD.",
   "VehicleTypes": []
  },
  {
   "Country": "SOUTH KOREA",
   "Mfr_CommonName": "CSAI",
   "Mfr_ID": 18827,
   "Mfr_Name": "COOPER STANDARD AUTOMOTIVE & INDUSTRIAL",
   "VehicleTypes": []
  },
  {
   "Country": "UNITED STATES (USA)",
   "Mfr_CommonName": null,
   "Mfr_ID": 18828,
   "Mfr_Name": "TIMBER RIDGE COUNTRY CABINS",
   "VehicleTypes": [
    {
     "IsPrimary": false,
     "Name": "Trailer"
    }
   ]
  },
  {
   "Country": "UNITED STATES (USA)",
   "Mfr_CommonName": null,
   "Mfr_ID": 18829,
   "Mfr_Name": "Shoreline Fuel Products, LLC",
   "VehicleTypes": [
    {
     "IsPrimary": false,
     "Name": "Trailer"
    }
   ]
  },
  {
   "Country": "UNITED STATES (USA)",
   "Mfr_CommonName": null,
   "Mfr_ID": 18830,
   "Mfr_Name": "AAA TRAILER SALES LLC",
   "VehicleTypes": [
    {
     "IsPrimary": false,
     "Name": "Trailer"
    }
   ]
  },
  {
   "Country": "INDIA",
   "Mfr_CommonName": null,
   "Mfr_ID": 18831,
   "Mfr_Name": "Nichirin Autoparts India Private Limited",
   "VehicleTypes": []
  },
  {
   "Country": "UNITED STATES (USA)",
   "Mfr_CommonName": null,
   "Mfr_ID": 18832,
   "Mfr_Name": "HEAVY EQUIPMENT & ATTACHMENT LLC",
   "VehicleTypes": [
    {
     "IsPrimary": true,
     "Name": "Trailer"
    }
   ]
  },
  {
   "Country": "UNITED STATES (USA)",
   "Mfr_CommonName": null,
   "Mfr_ID": 18833,
   "Mfr_Name": "JACKSON CREEK MFG., INC.",
   "VehicleTypes": [
    {
     "IsPrimary": false,
     "Name": "Trailer"
    }
   ]
  },
  {
   "Country": "UNITED STATES (USA)",
   "Mfr_CommonName": null,
   "Mfr_ID": 18834,
   "Mfr_Name": "PEACE VANS ENTERPRISES LLC",
   "VehicleTypes": [
    {
     "IsPrimary": false,
     "Name": "Passenger Car"
    },
    {
     "IsPrimary": true,
     "Name": "Multipurpose Passenger Vehicle (MPV)"
    }
   ]
  },
  {
   "Country": "MEXICO",
   "Mfr_CommonName": "Arsenal",
   "Mfr_ID": 18835,
   "Mfr_Name": "ARSENAL SAPI DE CV",
   "VehicleTypes": []
  },
  {
   "Country": "HONG KONG",
   "Mfr_CommonName": "NIU",
   "Mfr_ID": 18836,
   "Mfr_Name": "NIU TECHNOLOGIES GROUP LIMITED",
   "VehicleTypes": [
    {
     "IsPrimary": true,
     "Name": "Motorcycle"
    }
   ]
  },
  {
   "Country": "UNITED STATES (USA)",
   "Mfr_CommonName": "Valiant",
   "Mfr_ID": 18837,
   "Mfr_Name": "VALIANT EXPEDITION TRAILERS, LLC",
   "VehicleTypes": [
    {
     "IsPrimary": true,
     "Name": "Trailer"
    }
   ]
  },
  {
   "Country": "UNITED STATES (USA)",
   "Mfr_CommonName": "Storyteller Overland",
   "Mfr_ID": 18839,
   "Mfr_Name": "STORYTELLER OVERLAND, LLC",
   "VehicleTypes": [
    {
     "IsPrimary": true,
     "Name": "Multipurpose Passenger Vehicle (MPV)"
    }
   ]
  },
  {
   "Country": "UNITED STATES (USA)",
   "Mfr_CommonName": "IAS",
   "Mfr_ID": 18840,
   "Mfr_Name": "INTERNATIONAL AUTOMATED SYSTEMS, INC",
   "VehicleTypes": [
    {
     "IsPrimary": true,
     "Name": "Trailer"
    }
   ]
  },
  {
   "Country": "UNITED STATES (USA)",
   "Mfr_CommonName": null,
   "Mfr_ID": 18841,
   "Mfr_Name": "J & L Tire Services LLC",
   "VehicleTypes": []
  },
  {
   "Country": "UNITED STATES (USA)",
   "Mfr_CommonName": null,
   "Mfr_ID": 18842,
   "Mfr_Name": "SERVICE ONE TRUCK EQUIPMENT",
   "VehicleTypes": [
    {
     "IsPrimary": true,
     "Name": "Truck "
    },
    {
     "IsPrimary": false,
     "Name": "Trailer"
    }
   ]
  },
  {
   "Country": "UNITED STATES (USA)",
   "Mfr_CommonName": "Daybreak Trading",
   "Mfr_ID": 18843,
   "Mfr_Name": "DAYBREAK TRADING, LLC",
   "VehicleTypes": [
    {
     "IsPrimary": false,
     "Name": "Trailer"
    }
   ]
  },
  {
   "Country": "UNITED STATES (USA)",
   "Mfr_CommonName": null,
   "Mfr_ID": 18844,
   "Mfr_Name": "APB TUBES N HOSES",
   "VehicleTypes": []
  },
  {
   "Country": "UNITED STATES (USA)",
   "Mfr_CommonName": null,
   "Mfr_ID": 18845,
   "Mfr_Name": "ROBERT PINKERTON, INC. DBA ROBERT PINKERTON SERVICES",
   "VehicleTypes": [
    {
     "IsPrimary": false,
     "Name": "Truck "
    }
   ]
  },
  {
   "Country": "UNITED STATES (USA)",
   "Mfr_CommonName": "Utah VanBuild",
   "Mfr_ID": 18846,
   "Mfr_Name": "UTAH TANK AND TRAILER, LLC DBA UTAH VANBUILD",
   "VehicleTypes": [
    {
     "IsPrimary": true,
     "Name": "Truck "
    },
    {
     "IsPrimary": false,
     "Name": "Multipurpose Passenger Vehicle (MPV)"
    }
   ]
  },
  {
   "Country": "UNITED STATES (USA)",
   "Mfr_CommonName": null,
   "Mfr_ID": 18847,
   "Mfr_Name": "QUALITY COACHWORKS ",
   "VehicleTypes": [
    {
     "IsPrimary": false,
     "Name": "Bus"
    },
    {
     "IsPrimary": false,
     "Name": "Multipurpose Passenger Vehicle (MPV)"
    }
   ]
  },
  {
   "Country": "UNITED STATES (USA)",
   "Mfr_CommonName": "Taylor-Wharton",
   "Mfr_ID": 18848,
   "Mfr_Name": "TAYLOR-WHARTON AMERICA INC.",
   "VehicleTypes": [
    {
     "IsPrimary": true,
     "Name": "Trailer"
    }
   ]
  },
  {
   "Country": "UNITED STATES (USA)",
   "Mfr_CommonName": "GCR Tires and Service",
   "Mfr_ID": 18849,
   "Mfr_Name": "BRIDGESTONE AMERICAS TIRE OPERATIONS DBA GCR TIRES AND SERVICE",
   "VehicleTypes": []
  },
  {
   "Country": "UNITED STATES (USA)",
   "Mfr_CommonName": null,
   "Mfr_ID": 18850,
   "Mfr_Name": "CLOUD 9 CUSTOM TRAILERS LLC",
   "VehicleTypes": [
    {
     "IsPrimary": true,
     "Name": "Trailer"
    }
   ]
  },
  {
   "Country": "UNITED STATES (USA)",
   "Mfr_CommonName": "Falcon Rig",
   "Mfr_ID": 18851,
   "Mfr_Name": "ONPOINT MANUFACTURING, LLC",
   "VehicleTypes": [
    {
     "IsPrimary": false,
     "Name": "Truck "
    },
    {
     "IsPrimary": false,
     "Name": "Trailer"
    },
    {
     "IsPrimary": false,
     "Name": "Off Road Vehicle"
    }
   ]
  },
  {
   "Country": "UNITED STATES (USA)",
   "Mfr_CommonName": null,
   "Mfr_ID": 18852,
   "Mfr_Name": "CUSTOM GOLF CAR SUPPLY",
   "VehicleTypes": [
    {
     "IsPrimary": false,
     "Name": "Low Speed Vehicle (LSV)"
    }
   ]
  },
  {
   "Country": "UNITED STATES (USA)",
   "Mfr_CommonName": null,
   "Mfr_ID": 18853,
   "Mfr_Name": "THE WORKFORCE HUB DBA MEGA TINY HOMES",
   "VehicleTypes": [
    {
     "IsPrimary": true,
     "Name": "Trailer"
    }
   ]
  },
  {
   "Country": "UNITED STATES (USA)",
   "Mfr_CommonName": null,
   "Mfr_ID": 18854,
   "Mfr_Name": "JFP MULTISERVICES INC",
   "VehicleTypes": [
    {
     "IsPrimary": true,
     "Name": "Incomplete Vehicle"
    }
   ]
  },
  {
   "Country": "UNITED STATES (USA)",
   "Mfr_CommonName": null,
   "Mfr_ID": 18855,
   "Mfr_Name": "CLARKE INDUSTRIAL SUPPLY",
   "VehicleTypes": []
  },
  {
   "Country": "TAIWAN",
   "Mfr_CommonName": null,
   "Mfr_ID": 18856,
   "Mfr_Name": "DAKAR INDUSTRIAL CORPORATION",
   "VehicleTypes": []
  },
  {
   "Country": "CHINA",
   "Mfr_CommonName": null,
   "Mfr_ID": 18857,
   "Mfr_Name": "QINHUANGDAO SINOLION WHEELS CO., LTD.",
   "VehicleTypes": []
  },
  {
   "Country": "GERMANY",
   "Mfr_CommonName": "ElringKlinger",
   "Mfr_ID": 18858,
   "Mfr_Name": "ELRINGKLINGER AG",
   "VehicleTypes": [
    {
     "IsPrimary": false,
     "Name": "Incomplete Vehicle"
    }
   ]
  },
  {
   "Country": "UNITED STATES (USA)",
   "Mfr_CommonName": null,
   "Mfr_ID": 18859,
   "Mfr_Name": "EMERGENCY VEHICLES PLUS",
   "VehicleTypes": [
    {
     "IsPrimary": false,
     "Name": "Incomplete Vehicle"
    }
   ]
  },
  {
   "Country": "UNITED STATES (USA)",
   "Mfr_CommonName": null,
   "Mfr_ID": 18860,
   "Mfr_Name": "GUTHRIE HELI-ARC, INC",
   "VehicleTypes": [
    {
     "IsPrimary": false,
     "Name": "Truck "
    },
    {
     "IsPrimary": false,
     "Name": "Incomplete Vehicle"
    }
   ]
  },
  {
   "Country": "UNITED STATES (USA)",
   "Mfr_CommonName": "J&C trailers",
   "Mfr_ID": 18861,
   "Mfr_Name": "J&C TRAILERS",
   "VehicleTypes": [
    {
     "IsPrimary": true,
     "Name": "Trailer"
    }
   ]
  },
  {
   "Country": "UNITED STATES (USA)",
   "Mfr_CommonName": null,
   "Mfr_ID": 18862,
   "Mfr_Name": "JAMAR TECHNOLOGIES, INC.",
   "VehicleTypes": []
  },
  {
   "Country": "UNITED STATES (USA)",
   "Mfr_CommonName": null,
   "Mfr_ID": 18863,
   "Mfr_Name": "COMMUNICATIONS VEHICLE SERVICE",
   "VehicleTypes": [
    {
     "IsPrimary": false,
     "Name": "Trailer"
    }
   ]
  }
 ]
}