{
 "Count": 72,
 "Message": "Response returned successfully",
 "SearchCriteria": null,
 "Results": [
  {
   "Country": "UNITED STATES (USA)",
   "Mfr_CommonName": null,
   "Mfr_ID": 19718,
   "Mfr_Name": "HARNESS ROOFING, INC.",
   "VehicleTypes": [
    {
     "IsPrimary": false,
     "Name": "Truck "
    },
    {
     "IsPrimary": false,
     "Name": "Incomplete Vehicle"
    }
   ]
  },
  {
   "Country": "UNITED STATES (USA)",
   "Mfr_CommonName": null,
   "Mfr_ID": 19719,
   "Mfr_Name": "UNITED CONCRETE",
   "VehicleTypes": [
    {
     "IsPrimary": false,
     "Name": "Trailer"
    }
   ]
  },
  {
   "Country": "UNITED STATES (USA)",
   "Mfr_CommonName": null,
   "Mfr_ID": 19720,
   "Mfr_Name": "JOE MARSHALL CUSTOMS, LLC.",
   "VehicleTypes": [
    {
     "IsPrimary": true,
     "Name": "Motorcycle"
    }
   ]
  },
  {
   "Country": "UNITED STATES (USA)",
   "Mfr_CommonName": null,
   "Mfr_ID": 19721,
   "Mfr_Name": "BIG D'S TRAILER COMPANY",
   "VehicleTypes": [
    {
     "IsPrimary": true,
     "Name": "Trailer"
    }
   ]
  },
  {
   "Country": "UNITED STATES (USA)",
   "Mfr_CommonName": "Artec Industries",
   "Mfr_ID": 19722,
   "Mfr_Name": "ARTEC INDUSTRIES LLC.",
   "VehicleTypes": [
    {
     "IsPrimary": false,
     "Name": "Trailer"
    }
   ]
  },
  {
   "Country": "UNITED STATES (USA)",
   "Mfr_CommonName": "RKS OFF-ROAD, LLC",
   "Mfr_ID": 19723,
   "Mfr_Name": "RKS OFF-ROAD, LLC",
   "VehicleTypes": [
    {
     "IsPrimary": false,
     "Name": "Trailer"
    }
   ]
  },
  {
   "Country": "UNITED STATES (USA)",
   "Mfr_CommonName": null,
   "Mfr_ID": 19724,
   "Mfr_Name": "RIVERWALK TRAILERS",
   "VehicleTypes": [
    {
     "IsPrimary": true,
     "Name": "Trailer"
    }
   ]
  },
  {
   "Country": "UNITED STATES (USA)",
   "Mfr_CommonName": "TRD",
   "Mfr_ID": 19725,
   "Mfr_Name": "TANIS RESEARCH AND DESIGN LLC",
   "VehicleTypes": [
    {
     "IsPrimary": false,
     "Name": "Trailer"
    }
   ]
  },
  {
   "Country": "UNITED STATES (USA)",
   "Mfr_CommonName": null,
   "Mfr_ID": 19726,
   "Mfr_Name": "WORLD COMMUNICATION TOWERS, LLC",
   "VehicleTypes": [
    {
     "IsPrimary": false,
     "Name": "Trailer"
    }
   ]
  },
  {
   "Country": "UNITED STATES (USA)",
   "Mfr_CommonName": null,
   "Mfr_ID": 19727,
   "Mfr_Name": "GO FABRICATION, LLC",
   "VehicleTypes": [
    {
     "IsPrimary": true,
     "Name": "Low Speed Vehicle (LSV)"
    }
   ]
  },
  {
   "Country": "UNITED STATES (USA)",
   "Mfr_CommonName": null,
   "Mfr_ID": 19728,
   "Mfr_Name": "VICTORY FORD",
   "VehicleTypes": [
    {
     "IsPrimary": false,
     "Name": "Incomplete Vehicle"
    }
   ]
  },
  {
   "Country": "UNITED STATES (USA)",
   "Mfr_CommonName": null,
   "Mfr_ID": 19729,
   "Mfr_Name": "B AND M TRAILERS LLC",
   "VehicleTypes": [
    {
     "IsPrimary": true,
     "Name": "Trailer"
    }
   ]
  },
  {
   "Country": "UNITED STATES (USA)",
   "Mfr_CommonName": null,
   "Mfr_ID": 19730,
   "Mfr_Name": "RICHARD STANLEY SHACKLEFORD",
   "VehicleTypes": [
    {
     "IsPrimary": true,
     "Name": "Incomplete Vehicle"
    }
   ]
  },
  {
   "Country": "UNITED STATES (USA)",
   "Mfr_CommonName": null,
   "Mfr_ID": 19731,
   "Mfr_Name": "R MART TRAILERS, LLC",
   "VehicleTypes": [
    {
     "IsPrimary": true,
     "Name": "Trailer"
    }
   ]
  },
  {
   "Country": "UNITED STATES (USA)",
   "Mfr_CommonName": null,
   "Mfr_ID": 19732,
   "Mfr_Name": "BLUEXBALL, LLC DBA PUSH-N-PULL, INC.",
   "VehicleTypes": [
    {
     "IsPrimary": true,
     "Name": "Truck "
    },
    {
     "IsPrimary": false,
     "Name": "Trailer"
    },
    {
     "IsPrimary": false,
     "Name": "Low Speed Vehicle (LSV)"
    }
   ]
  },
  {
   "Country": "UNITED STATES (USA)",
   "Mfr_CommonName": null,
   "Mfr_ID": 19733,
   "Mfr_Name": "RAPTOR PRODUCTS INC.",
   "VehicleTypes": [
    {
     "IsPrimary": true,
     "Name": "Trailer"
    }
   ]
  },
  {
   "Country": "UNITED STATES (USA)",
   "Mfr_CommonName": null,
   "Mfr_ID": 19734,
   "Mfr_Name": "DOOLITTLE TRAILER MFG, INC.",
   "VehicleTypes": []
  },
  {
   "Country": "UNITED STATES (USA)",
   "Mfr_CommonName": "Nimbus",
   "Mfr_ID": 19735,
   "Mfr_Name": "NIMBUS AV INC.",
   "VehicleTypes": [
    {
     "IsPrimary": true,
     "Name": "Motorcycle"
    }
   ]
  },
  {
   "Country": "UNITED STATES (USA)",
   "Mfr_CommonName": "IHC",
   "Mfr_ID": 19736,
   "Mfr_Name": "INTERNATIONAL HOUSING CONCEPTS, INC.",
   "VehicleTypes": [
    {
     "IsPrimary": true,
     "Name": "Trailer"
    }
   ]
  },
  {
   "Country": "UNITED STATES (USA)",
   "Mfr_CommonName": "GLOBAL",
   "Mfr_ID": 19737,
   "Mfr_Name": "GLOBAL ENVIRONMENTAL PRODUCTS INC",
   "VehicleTypes": [
    {
     "IsPrimary": false,
     "Name": "Truck "
    }
   ]
  },
  {
   "Country": "CHINA",
   "Mfr_CommonName": null,
   "Mfr_ID": 19738,
   "Mfr_Name": "360 INTERNATIONAL GROUP LTD",
   "VehicleTypes": []
  },
  {
   "Country": "CHINA",
   "Mfr_CommonName": null,
   "Mfr_ID": 19739,
   "Mfr_Name": "DA WO AUTOMOBILE PARTS (JIANGSU) CO., LTD.",
   "VehicleTypes": []
  },
  {
   "Country": "CHINA",
   "Mfr_CommonName": null,
   "Mfr_ID": 19740,
   "Mfr_Name": "DONGGUAN TAMOK ELECTRONIC TECHNOLOGY CO., LTD",
   "VehicleTypes": [
    {
     "IsPrimary": false,
     "Name": "Off Road Vehicle"
    }
   ]
  },
  {
   "Country": "CHINA",
   "Mfr_CommonName": null,
   "Mfr_ID": 19741,
   "Mfr_Name": "HUBEI OUBO AUTO PARTS CO., LTD",
   "VehicleTypes": []
  },
  {
   "Country": "CHINA",
   "Mfr_CommonName": null,
   "Mfr_ID": 19742,
   "Mfr_Name": "TIREVOLUTION ENTERPRISE LIMITED",
   "VehicleTypes": []
  },
  {
   "Country": "CHINA",
   "Mfr_CommonName": null,
   "Mfr_ID": 19743,
   "Mfr_Name": "ANHUI GUANGTONG AUTOMOBILE MANUFACTURING SHARE CO, LTD",
   "VehicleTypes": [
    {
     "IsPrimary": false,
     "Name": "Low Speed Vehicle (LSV)"
    }
   ]
  },
  {
   "Country": "UNITED STATES (USA)",
   "Mfr_CommonName": null,
   "Mfr_ID": 19744,
   "Mfr_Name": "SPARTAN FIRE, LLC",
   "VehicleTypes": [
    {
     "IsPrimary": true,
     "Name": "Truck "
    },
    {
     "IsPrimary": false,
     "Name": "Incomplete Vehicle"
    }
   ]
  },
  {
   "Country": "UNITED STATES (USA)",
   "Mfr_CommonName": null,
   "Mfr_ID": 19745,
   "Mfr_Name": "RAY-MAN, INC.",
   "VehicleTypes": [
    {
     "IsPrimary": true,
     "Name": "Trailer"
    }
   ]
  },
  {
   "Country": "UNITED STATES (USA)",
   "Mfr_CommonName": "US Fire Pump",
   "Mfr_ID": 19746,
   "Mfr_Name": "US FIRE PUMP COMPANY, LLC",
   "VehicleTypes": [
    {
     "IsPrimary": false,
     "Name": "Trailer"
    }
   ]
  },
  {
   "Country": "UNITED STATES (USA)",
   "Mfr_CommonName": null,
   "Mfr_ID": 19747,
   "Mfr_Name": "THE MARSHALL GROUP LLC",
   "VehicleTypes": [
    {
     "IsPrimary": false,
     "Name": "Truck "
    }
   ]
  },
  {
   "Country": "UNITED STATES (USA)",
   "Mfr_CommonName": null,
   "Mfr_ID": 19748,
   "Mfr_Name": "DAVE SANTORO",
   "VehicleTypes": [
    {
     "IsPrimary": false,
     "Name": "Passenger Car"
    },
    {
     "IsPrimary": true,
     "Name": "Truck "
    },
    {
     "IsPrimary": false,
     "Name": "Bus"
    },
    {
     "IsPrimary": false,
     "Name": "Trailer"
    }
   ]
  },
  {
   "Country": "UNITED STATES (USA)",
   "Mfr_CommonName": null,
   "Mfr_ID": 19749,
   "Mfr_Name": "NEW TREND CUSTOM TRAILER INC",
   "VehicleTypes": [
    {
     "IsPrimary": false,
     "Name": "Trailer"
    }
   ]
  },
  {
   "Country": "UNITED STATES (USA)",
   "Mfr_CommonName": "Hummingbird",
   "Mfr_ID": 19750,
   "Mfr_Name": "HUMMINGBIRDEV, INC",
   "VehicleTypes": [
    {
     "IsPrimary": false,
     "Name": "Truck "
    },
    {
     "IsPrimary": false,
     "Name": "Off Road Vehicle"
    }
   ]
  },
  {
   "Country": "UNITED STATES (USA)",
   "Mfr_CommonName": null,
   "Mfr_ID": 19751,
   "Mfr_Name": "GREENLINE EQUIPMENT, LLC",
   "VehicleTypes": [
    {
     "IsPrimary": true,
     "Name": "Trailer"
    }
   ]
  },
  {
   "Country": "UNITED STATES (USA)",
   "Mfr_CommonName": null,
   "Mfr_ID": 19752,
   "Mfr_Name": "BERKSHIRE COACH",
   "VehicleTypes": [
    {
     "IsPrimary": true,
     "Name": "Bus"
    }
   ]
  },
  {
   "Country": "UNITED STATES (USA)",
   "Mfr_CommonName": null,
   "Mfr_ID": 19753,
   "Mfr_Name": "ICE MANUFACTURING, INC.",
   "VehicleTypes": [
    {
     "IsPrimary": true,
     "Name": "Trailer"
    }
   ]
  },
  {
   "Country": "UNITED STATES (USA)",
   "Mfr_CommonName": null,
   "Mfr_ID": 19754,
   "Mfr_Name": "AMERICAN VINTAGE MOTORCYCLE LLC",
   "VehicleTypes": [
    {
     "IsPrimary": true,
     "Name": "Motorcycle"
    }
   ]
  },
  {
   "Country": "UNITED STATES (USA)",
   "Mfr_CommonName": null,
   "Mfr_ID": 19755,
   "Mfr_Name": "MIA MANUFACTURING INC",
   "VehicleTypes": [
    {
     "IsPrimary": false,
     "Name": "Trailer"
    }
   ]
  },
  {
   "Country": "UNITED STATES (USA)",
   "Mfr_CommonName": null,
   "Mfr_ID": 19756,
   "Mfr_Name": "CS&P TECHNOLOGIES LP",
   "VehicleTypes": [
    {
     "IsPrimary": true,
     "Name": "Trailer"
    }
   ]
  },
  {
   "Country": "UNITED STATES (USA)",
   "Mfr_CommonName": null,
   "Mfr_ID": 19757,
   "Mfr_Name": "RECONNECT LLC",
   "VehicleTypes": [
    {
     "IsPrimary": true,
     "Name": "Trailer"
    }
   ]
  },
  {
   "Country": "UNITED STATES (USA)",
   "Mfr_CommonName": null,
   "Mfr_ID": 19758,
   "Mfr_Name": "JB SALES & LEASING LLC",
   "VehicleTypes": [
    {
     "IsPrimary": false,
     "Name": "Truck "
    },
    {
     "IsPrimary": false,
     "Name": "Incomplete Vehicle"
    }
   ]
  },
  {
   "Country": "UNITED STATES (USA)",
   "Mfr_CommonName": null,
   "Mfr_ID": 19759,
   "Mfr_Name": "THE TRUX SUPER STORE",
   "VehicleTypes": [
    {
     "IsPrimary": false,
     "Name": "Truck "
    },
    {
     "IsPrimary": false,
     "Name": "Incomplete Vehicle"
    }
   ]
  },
  {
   "Country": "UNITED STATES (USA)",
   "Mfr_CommonName": "Complete Dewatering",
   "Mfr_ID": 19760,
   "Mfr_Name": "CDPW INC.",
   "VehicleTypes": [
    {
     "IsPrimary": false,
     "Name": "Trailer"
    }
   ]
  },
  {
   "Country": "UNITED STATES (USA)",
   "Mfr_CommonName": null,
   "Mfr_ID": 19761,
   "Mfr_Name": "KJ LEISURE TRAILERS LLC",
   "VehicleTypes": [
    {
     "IsPrimary": true,
     "Name": "Trailer"
    }
   ]
  },
  {
   "Country": "UNITED STATES (USA)",
   "Mfr_CommonName": null,
   "Mfr_ID": 19762,
   "Mfr_Name": "GENERAL TRUCK CENTER, INC",
   "VehicleTypes": [
    {
     "IsPrimary": false,
     "Name": "Truck "
    }
   ]
  },
  {
   "Country": "UNITED STATES (USA)",
   "Mfr_CommonName": null,
   "Mfr_ID": 19763,
   "Mfr_Name": "LION TRAILERS",
   "VehicleTypes": [
    {
     "IsPrimary": true,
     "Name": "Trailer"
    }
   ]
  },
  {
   "Country": "UNITED STATES (USA)",
   "Mfr_CommonName": null,
   "Mfr_ID": 19764,
   "Mfr_Name": "DRE CUSTOM TRAILERS LLC",
   "VehicleTypes": [
    {
     "IsPrimary": true,
     "Name": "Trailer"
    }
   ]
  },
  {
   "Country": "UNITED STATES (USA)",
   "Mfr_CommonName": "Mountaineer Upfit",
   "Mfr_ID": 19765,
   "Mfr_Name": "MOUNTAINEER UPFIT SOLUTIONS INC ",
   "VehicleTypes": [
    {
     "IsPrimary": false,
     "Name": "Truck "
    },
    {
     "IsPrimary": false,
     "Name": "Incomplete Vehicle"
    }
   ]
  },
  {
   "Country": "UNITED STATES (USA)",
   "Mfr_CommonName": null,
   "Mfr_ID": 19766,
   "Mfr_Name": "HAGOTH INDUSTRIES LLC.",
   "VehicleTypes": [
    {
     "IsPrimary": true,
     "Name": "Trailer"
    }
   ]
  },
  {
   "Country": "UNITED STATES (USA)",
   "Mfr_CommonName": "South Texas Outfitters",
   "Mfr_ID": 19767,
   "Mfr_Name": "SOUTH TEXAS OUTFITTERS MANAGEMENT CORPORATION",
   "VehicleTypes": []
  },
  {
   "Country": "UNITED STATES (USA)",
   "Mfr_CommonName": "Complete Truck Body",
   "Mfr_ID": 19768,
   "Mfr_Name": "COMPLETE TRUCK BODY REPAIR INC",
   "VehicleTypes": [
    {
     "IsPrimary": false,
     "Name": "Truck "
    },
    {
     "IsPrimary": false,
     "Name": "Incomplete Vehicle"
    }
   ]
  },
  {
   "Country": "UNITED STATES (USA)",
   "Mfr_CommonName": null,
   "Mfr_ID": 19769,
   "Mfr_Name": "ACKER-BUILT",
   "VehicleTypes": [
    {
     "IsPrimary": true,
     "Name": "Trailer"
    }
   ]
  },
  {
   "Country": "UNITED STATES (USA)",
   "Mfr_CommonName": null,
   "Mfr_ID": 19770,
   "Mfr_Name": "WOODIES HUNGRY BEAR MARKET AND RESORT DBA WOODIES TOWING AND TRANSPORT",
   "VehicleTypes": [
    {
     "IsPrimary": true,
     "Name": "Trailer"
    }
   ]
  },
  {
   "Country": "UNITED STATES (USA)",
   "Mfr_CommonName": null,
   "Mfr_ID": 19771,
   "Mfr_Name": "CHAOS METAL WORX",
   "VehicleTypes": []
  },
  {
   "Country": "UNITED STATES (USA)",
   "Mfr_CommonName": null,
   "Mfr_ID": 19772,
   "Mfr_Name": "INDUSTRIAL SERVICE COMPONENTS",
   "VehicleTypes": []
  },
  {
   "Country": "UNITED STATES (USA)",
   "Mfr_CommonName": null,
   "Mfr_ID": 19773,
   "Mfr_Name": "QUICK FOX,LLC. DBA OPEN UMBRELLA, SUPREME SUSPENSIONS",
   "VehicleTypes": []
  },
  {
   "Country": "UNITED STATES (USA)",
   "Mfr_CommonName": null,
   "Mfr_ID": 19774,
   "Mfr_Name": "ADVANCED ENGINEERED SALES LLC",
   "VehicleTypes": [
    {
     "IsPrimary": true,
     "Name": "Trailer"
    }
   ]
  },
  {
   "Country": "UNITED STATES (USA)",
   "Mfr_CommonName": "MitchCraft Tiny Homes, MitchCraft",
   "Mfr_ID": 19775,
   "Mfr_Name": "MITCHCRAFT INC",
   "VehicleTypes": [
    {
     "IsPrimary": true,
     "Name": "Trailer"
    }
   ]
  },
  {
   "Country": "UNITED STATES (USA)",
   "Mfr_CommonName": null,
   "Mfr_ID": 19776,
   "Mfr_Name": "REEVES WELDING",
   "VehicleTypes": [
    {
     "IsPrimary": false,
     "Name": "Trailer"
    }
   ]
  },
  {
   "Country": "UNITED STATES (USA)",
   "Mfr_CommonName": null,
   "Mfr_ID": 19777,
   "Mfr_Name": "KROME 728 AQUISITION",
   "VehicleTypes": [
    {
     "IsPrimary": true,
     "Name": "Trailer"
    }
   ]
  },
  {
   "Country": "UNITED STATES (USA)",
   "Mfr_CommonName": null,
   "Mfr_ID": 19778,
   "Mfr_Name": "RICKS TRUCK AND TRAILER REPAIR",
   "VehicleTypes": [
    {
     "IsPrimary": true,
     "Name": "Trailer"
    }
   ]
  },
  {
   "Country": "UNITED STATES (USA)",
   "Mfr_CommonName": null,
   "Mfr_ID": 19779,
   "Mfr_Name": "PILOT VIEW GOLF CARTS",
   "VehicleTypes": [
    {
     "IsPrimary": true,
     "Name": "Low Speed Vehicle (LSV)"
    }
   ]
  },
  {
   "Country": "UNITED STATES (USA)",
   "Mfr_CommonName": null,
   "Mfr_ID": 19780,
   "Mfr_Name": "TIER 1 FABRICATION, LLC",
   "VehicleTypes": [
    {
     "IsPrimary": true,
     "Name": "Trailer"
    }
   ]
  },
  {
   "Country": "UNITED STATES (USA)",
   "Mfr_CommonName": null,
   "Mfr_ID": 19781,
   "Mfr_Name": "ZHANGJIAGANG CHANGJIANGJUNYE INTERNATIONAL CO., LTD",
   "VehicleTypes": [
    {
     "IsPrimary": false,
     "Name": "Passenger Car"
    },
    {
     "IsPrimary": false,
     "Name": "Truck "
    }
   ]
  },
  {
   "Country": "UNITED STATES (USA)",
   "Mfr_CommonName": null,
   "Mfr_ID": 19782,
   "Mfr_Name": "BI MANUFACTURING",
   "VehicleTypes": [
    {
     "IsPrimary": true,
     "Name": "Trailer"
    }
   ]
  },
  {
   "Country": "UNITED STATES (USA)",
   "Mfr_CommonName": null,
   "Mfr_ID": 19783,
   "Mfr_Name": "TRAIL DUST TRAILERS",
   "VehicleTypes": [
    {
     "IsPrimary": true,
     "Name": "Trailer"
    }
   ]
  },
  {
   "Country": "UNITED STATES (USA)",
   "Mfr_CommonName": "DRR",
   "Mfr_ID": 19784,
   "Mfr_Name": "LOU DECUZZI",
   "VehicleTypes": [
    {
     "IsPrimary": false,
     "Name": "Off Road Vehicle"
    }
   ]
  },
  {
   "Country": "UNITED STATES (USA)",
   "Mfr_CommonName": null,
   "Mfr_ID": 19785,
   "Mfr_Name": "STE SERVICES LLC",
   "VehicleTypes": [
    {
     "IsPrimary": true,
     "Name": "Truck "
    }
   ]
  },
  {
   "Country": "UNITED STATES (USA)",
   "Mfr_CommonName": null,
   "Mfr_ID": 19786,
   "Mfr_Name": "CHUCK'S WELDING AND REPAIR",
   "VehicleTypes": [
    {
     "IsPrimary": false,
     "Name": "Truck "
    }
   ]
  },
  {
   "Country": "UNITED STATES (USA)",
   "Mfr_CommonName": null,
   "Mfr_ID": 19787,
   "Mfr_Name": "HD TRAILER SOLUTIONS LLC",
   "VehicleTypes": [
    {
     "IsPrimary": true,
     "Name": "Trailer"
    }
   ]
  },
  {
   "Country": "UNITED STATES (USA)",
   "Mfr_CommonName": null,
   "Mfr_ID": 19788,
   "Mfr_Name": "WEST TEXAS TRAILER REELZ AND MORE",
   "VehicleTypes": [
    {
     "IsPrimary": true,
     "Name": "Trailer"
    }
   ]
  },
  {
   "Country": "UNITED STATES (USA)",
   "Mfr_CommonName": null,
   "Mfr_ID": 19789,
   "Mfr_Name": "SAFE TRIP TRAILERS",
   "VehicleTypes": [
    {
     "IsPrimary": true,
     "Name": "Trailer"
    }
   ]
  }
 ]
}