{
 "Count": 94,
 "Message": "Response returned successfully",
 "SearchCriteria": null,
 "Results": [
  {
   "Country": "UNITED STATES (USA)",
   "Mfr_CommonName": null,
   "Mfr_ID": 6151,
   "Mfr_Name": "WORKTRUX, LLC",
   "VehicleTypes": [
    {
     "IsPrimary": false,
     "Name": "Truck "
    }
   ]
  },
  {
   "Country": "UNITED STATES (USA)",
   "Mfr_CommonName": null,
   "Mfr_ID": 6152,
   "Mfr_Name": "KNIGHT BROTHERS LLC dba TWAMCO TRAILER CO.",
   "VehicleTypes": []
  },
  {
   "Country": "UNITED STATES (USA)",
   "Mfr_CommonName": null,
   "Mfr_ID": 6153,
   "Mfr_Name": "HUMDINGER EQUIPMENT LTD",
   "VehicleTypes": [
    {
     "IsPrimary": false,
     "Name": "Trailer"
    }
   ]
  },
  {
   "Country": "UNITED STATES (USA)",
   "Mfr_CommonName": null,
   "Mfr_ID": 6154,
   "Mfr_Name": "MOBILE TECH TRAILERS, INC.",
   "VehicleTypes": []
  },
  {
   "Country": "CHINA",
   "Mfr_CommonName": null,
   "Mfr_ID": 6155,
   "Mfr_Name": "YUEQING VENUS SAFETY BELT FOR AUTOMOBILE CO., LTD.",
   "VehicleTypes": []
  },
  {
   "Country": "UNITED STATES (USA)",
   "Mfr_CommonName": null,
   "Mfr_ID": 6156,
   "Mfr_Name": "CLEVELAND CYCLEWERKS LLC DBA CULTURA SCOOTER COMPANY",
   "VehicleTypes": [
    {
     "IsPrimary": false,
     "Name": "Motorcycle"
    }
   ]
  },
  {
   "Country": "UNITED STATES (USA)",
   "Mfr_CommonName": null,
   "Mfr_ID": 6157,
   "Mfr_Name": "EV INNOVATIONS, INC.",
   "VehicleTypes": []
  },
  {
   "Country": "UNITED STATES (USA)",
   "Mfr_CommonName": null,
   "Mfr_ID": 6158,
   "Mfr_Name": "HEAT ARMOR, LLC",
   "VehicleTypes": [
    {
     "IsPrimary": true,
     "Name": "Truck "
    },
    {
     "IsPrimary": false,
     "Name": "Multipurpose Passenger Vehicle (MPV)"
    }
   ]
  },
  {
   "Country": "UNITED STATES (USA)",
   "Mfr_CommonName": null,
   "Mfr_ID": 6159,
   "Mfr_Name": "C & C TRAILER MANUFACTURING INC.",
   "VehicleTypes": []
  },
  {
   "Country": "UNITED STATES (USA)",
   "Mfr_CommonName": null,
   "Mfr_ID": 6160,
   "Mfr_Name": "UNITED SPECIALIZED TRAILERS, INC.",
   "VehicleTypes": []
  },
  {
   "Country": "UNITED STATES (USA)",
   "Mfr_CommonName": null,
   "Mfr_ID": 6161,
   "Mfr_Name": "U.S. BUILT TRAILERS, LLC",
   "VehicleTypes": [
    {
     "IsPrimary": true,
     "Name": "Trailer"
    }
   ]
  },
  {
   "Country": "UNITED STATES (USA)",
   "Mfr_CommonName": null,
   "Mfr_ID": 6162,
   "Mfr_Name": "W W TRAILER MANUFACTURING & SALES INC.",
   "VehicleTypes": []
  },
  {
   "Country": "UNITED STATES (USA)",
   "Mfr_CommonName": null,
   "Mfr_ID": 6163,
   "Mfr_Name": "NORTH CADDO WELDING & FABRICATION, INC.",
   "VehicleTypes": [
    {
     "IsPrimary": true,
     "Name": "Trailer"
    }
   ]
  },
  {
   "Country": "UNITED STATES (USA)",
   "Mfr_CommonName": "Autocar",
   "Mfr_ID": 6164,
   "Mfr_Name": "AUTOCAR INDUSTRIES, LLC",
   "VehicleTypes": [
    {
     "IsPrimary": true,
     "Name": "Truck "
    }
   ]
  },
  {
   "Country": "UNITED STATES (USA)",
   "Mfr_CommonName": null,
   "Mfr_ID": 6165,
   "Mfr_Name": "PI MOBILITY",
   "VehicleTypes": []
  },
  {
   "Country": "INDIA",
   "Mfr_CommonName": null,
   "Mfr_ID": 6166,
   "Mfr_Name": "SHELL INDIA MARKETS PRIVATE LIMITED",
   "VehicleTypes": []
  },
  {
   "Country": "UNITED STATES (USA)",
   "Mfr_CommonName": null,
   "Mfr_ID": 6167,
   "Mfr_Name": "RIVERSIDE TRAVEL TRAILER, INC",
   "VehicleTypes": []
  },
  {
   "Country": "UNITED STATES (USA)",
   "Mfr_CommonName": null,
   "Mfr_ID": 6168,
   "Mfr_Name": "GLOBAL PUMP COMPANY, LLC",
   "VehicleTypes": []
  },
  {
   "Country": "UNITED STATES (USA)",
   "Mfr_CommonName": null,
   "Mfr_ID": 6169,
   "Mfr_Name": "SIKESTON FENDER dba TRAILER PARTS PLUS",
   "VehicleTypes": []
  },
  {
   "Country": "UNITED STATES (USA)",
   "Mfr_CommonName": null,
   "Mfr_ID": 6170,
   "Mfr_Name": "CALDER BROTHERS CORPORATION MANUFACTURER OF MAULDIN PAVING PRODUCTS",
   "VehicleTypes": []
  },
  {
   "Country": "UNITED STATES (USA)",
   "Mfr_CommonName": "Curry ",
   "Mfr_ID": 6173,
   "Mfr_Name": "CURRY SUPPLY CO",
   "VehicleTypes": [
    {
     "IsPrimary": false,
     "Name": "Truck "
    },
    {
     "IsPrimary": true,
     "Name": "Trailer"
    },
    {
     "IsPrimary": false,
     "Name": "Off Road Vehicle"
    }
   ]
  },
  {
   "Country": "UNITED STATES (USA)",
   "Mfr_CommonName": null,
   "Mfr_ID": 6174,
   "Mfr_Name": "IRON PANTHER INCORPORATED",
   "VehicleTypes": []
  },
  {
   "Country": "CHINA",
   "Mfr_CommonName": null,
   "Mfr_ID": 6175,
   "Mfr_Name": "JIANGXI KAMA BUSINESS BUS CO., LTD.,",
   "VehicleTypes": [
    {
     "IsPrimary": true,
     "Name": "Bus"
    }
   ]
  },
  {
   "Country": "UNITED STATES (USA)",
   "Mfr_CommonName": null,
   "Mfr_ID": 6176,
   "Mfr_Name": "BRIMSTONE CYCLES LLC",
   "VehicleTypes": []
  },
  {
   "Country": "UNITED STATES (USA)",
   "Mfr_CommonName": null,
   "Mfr_ID": 6177,
   "Mfr_Name": "ADVANCE LIFTS",
   "VehicleTypes": [
    {
     "IsPrimary": true,
     "Name": "Trailer"
    }
   ]
  },
  {
   "Country": "UNITED STATES (USA)",
   "Mfr_CommonName": null,
   "Mfr_ID": 6178,
   "Mfr_Name": "ALLEYKAT KUSTOMS OF ARIZONA",
   "VehicleTypes": []
  },
  {
   "Country": "UNITED STATES (USA)",
   "Mfr_CommonName": null,
   "Mfr_ID": 6179,
   "Mfr_Name": "POLAR TANK TRAILER, LLC",
   "VehicleTypes": [
    {
     "IsPrimary": false,
     "Name": "Truck "
    }
   ]
  },
  {
   "Country": "CHINA",
   "Mfr_CommonName": null,
   "Mfr_ID": 6180,
   "Mfr_Name": "YUEQING HUAXIA HELMET FACTORY",
   "VehicleTypes": []
  },
  {
   "Country": "UNITED STATES (USA)",
   "Mfr_CommonName": null,
   "Mfr_ID": 6181,
   "Mfr_Name": "DESTINY FABRICATION LLC dba Genesis Trailers Inc.",
   "VehicleTypes": [
    {
     "IsPrimary": true,
     "Name": "Trailer"
    }
   ]
  },
  {
   "Country": "UNITED STATES (USA)",
   "Mfr_CommonName": null,
   "Mfr_ID": 6182,
   "Mfr_Name": "SV HOLDINGS, INC.",
   "VehicleTypes": [
    {
     "IsPrimary": true,
     "Name": "Passenger Car"
    }
   ]
  },
  {
   "Country": "UNITED STATES (USA)",
   "Mfr_CommonName": null,
   "Mfr_ID": 6183,
   "Mfr_Name": "CIRCLE J TRAILERS, INC.",
   "VehicleTypes": []
  },
  {
   "Country": "UNITED STATES (USA)",
   "Mfr_CommonName": null,
   "Mfr_ID": 6184,
   "Mfr_Name": "TOTE 'em TRAILERS",
   "VehicleTypes": []
  },
  {
   "Country": "UNITED STATES (USA)",
   "Mfr_CommonName": null,
   "Mfr_ID": 6185,
   "Mfr_Name": "CONTRACT WELDING & FABRICATING, INC.",
   "VehicleTypes": []
  },
  {
   "Country": "UNITED STATES (USA)",
   "Mfr_CommonName": null,
   "Mfr_ID": 6186,
   "Mfr_Name": "UTILITOY LLC",
   "VehicleTypes": []
  },
  {
   "Country": "CANADA",
   "Mfr_CommonName": null,
   "Mfr_ID": 6188,
   "Mfr_Name": "BADGER DAYLIGHTING INC.",
   "VehicleTypes": [
    {
     "IsPrimary": true,
     "Name": "Truck "
    }
   ]
  },
  {
   "Country": "CHINA",
   "Mfr_CommonName": null,
   "Mfr_ID": 6189,
   "Mfr_Name": "JEN HUI LING LIGHTING ENT. CO., LTD.",
   "VehicleTypes": []
  },
  {
   "Country": "CANADA",
   "Mfr_CommonName": null,
   "Mfr_ID": 6190,
   "Mfr_Name": "AGB (ATELIER GERARD BEAULIEU INC.)",
   "VehicleTypes": [
    {
     "IsPrimary": true,
     "Name": "Trailer"
    }
   ]
  },
  {
   "Country": "UNITED STATES (USA)",
   "Mfr_CommonName": null,
   "Mfr_ID": 6192,
   "Mfr_Name": "HIGH QUALITY CUSTOM DESIGN",
   "VehicleTypes": [
    {
     "IsPrimary": false,
     "Name": "Truck "
    },
    {
     "IsPrimary": false,
     "Name": "Bus"
    },
    {
     "IsPrimary": true,
     "Name": "Multipurpose Passenger Vehicle (MPV)"
    }
   ]
  },
  {
   "Country": "UNITED STATES (USA)",
   "Mfr_CommonName": null,
   "Mfr_ID": 6193,
   "Mfr_Name": "PERRIN MFG. INC.",
   "VehicleTypes": [
    {
     "IsPrimary": true,
     "Name": "Trailer"
    }
   ]
  },
  {
   "Country": "CHINA",
   "Mfr_CommonName": "SUNRISE",
   "Mfr_ID": 6194,
   "Mfr_Name": "XIAMEN SUNRISE GROUP CO.,LTD.",
   "VehicleTypes": []
  },
  {
   "Country": "UNITED STATES (USA)",
   "Mfr_CommonName": null,
   "Mfr_ID": 6195,
   "Mfr_Name": "ADMIRAL TRAILERS",
   "VehicleTypes": [
    {
     "IsPrimary": true,
     "Name": "Trailer"
    }
   ]
  },
  {
   "Country": "UNITED STATES (USA)",
   "Mfr_CommonName": null,
   "Mfr_ID": 6196,
   "Mfr_Name": "TCT MANUFACTURING, LLC",
   "VehicleTypes": []
  },
  {
   "Country": "UNITED STATES (USA)",
   "Mfr_CommonName": null,
   "Mfr_ID": 6197,
   "Mfr_Name": "UNITED SITE NATIONAL SERVICES COMPANY A UNITED SITE SERVICE CO.",
   "VehicleTypes": [
    {
     "IsPrimary": true,
     "Name": "Trailer"
    }
   ]
  },
  {
   "Country": "UNITED STATES (USA)",
   "Mfr_CommonName": null,
   "Mfr_ID": 6198,
   "Mfr_Name": "TLR WELDING & FABRICATING, INC.",
   "VehicleTypes": [
    {
     "IsPrimary": true,
     "Name": "Trailer"
    }
   ]
  },
  {
   "Country": "UNITED STATES (USA)",
   "Mfr_CommonName": null,
   "Mfr_ID": 6199,
   "Mfr_Name": "SABERTOOTH MOTOR GROUP, LLC",
   "VehicleTypes": [
    {
     "IsPrimary": false,
     "Name": "Motorcycle"
    },
    {
     "IsPrimary": true,
     "Name": "Trailer"
    }
   ]
  },
  {
   "Country": "UNITED KINGDOM (UK)",
   "Mfr_CommonName": null,
   "Mfr_ID": 6200,
   "Mfr_Name": "WRIGHTBUS LTD.",
   "VehicleTypes": [
    {
     "IsPrimary": true,
     "Name": "Bus"
    }
   ]
  },
  {
   "Country": "UNITED STATES (USA)",
   "Mfr_CommonName": null,
   "Mfr_ID": 6201,
   "Mfr_Name": "TRIFUN, INC.",
   "VehicleTypes": [
    {
     "IsPrimary": true,
     "Name": "Motorcycle"
    }
   ]
  },
  {
   "Country": "UNITED STATES (USA)",
   "Mfr_CommonName": null,
   "Mfr_ID": 6202,
   "Mfr_Name": "CONDOR ENGINEERING AND MANUFACTURING, LLC",
   "VehicleTypes": [
    {
     "IsPrimary": true,
     "Name": "Trailer"
    }
   ]
  },
  {
   "Country": "UNITED STATES (USA)",
   "Mfr_CommonName": null,
   "Mfr_ID": 6203,
   "Mfr_Name": "CHASE TRAILERS, LLC",
   "VehicleTypes": [
    {
     "IsPrimary": true,
     "Name": "Trailer"
    }
   ]
  },
  {
   "Country": "UNITED STATES (USA)",
   "Mfr_CommonName": null,
   "Mfr_ID": 6204,
   "Mfr_Name": "HYDRAULIC MUDPUMPS, INC.",
   "VehicleTypes": [
    {
     "IsPrimary": true,
     "Name": "Trailer"
    }
   ]
  },
  {
   "Country": "UNITED STATES (USA)",
   "Mfr_CommonName": null,
   "Mfr_ID": 6205,
   "Mfr_Name": "OTTO TRUCK BODY",
   "VehicleTypes": [
    {
     "IsPrimary": true,
     "Name": "Truck "
    }
   ]
  },
  {
   "Country": "UNITED STATES (USA)",
   "Mfr_CommonName": null,
   "Mfr_ID": 6206,
   "Mfr_Name": "ZIMM-O-MATIC LLC",
   "VehicleTypes": [
    {
     "IsPrimary": true,
     "Name": "Trailer"
    }
   ]
  },
  {
   "Country": "UNITED STATES (USA)",
   "Mfr_CommonName": null,
   "Mfr_ID": 6207,
   "Mfr_Name": "STEWART-AMOS SWEEPER CO.",
   "VehicleTypes": [
    {
     "IsPrimary": true,
     "Name": "Truck "
    }
   ]
  },
  {
   "Country": "UNITED STATES (USA)",
   "Mfr_CommonName": null,
   "Mfr_ID": 6208,
   "Mfr_Name": "HALSEY Z TRAILERS",
   "VehicleTypes": [
    {
     "IsPrimary": true,
     "Name": "Trailer"
    }
   ]
  },
  {
   "Country": "UNITED STATES (USA)",
   "Mfr_CommonName": null,
   "Mfr_ID": 6209,
   "Mfr_Name": "ONE EMBARCADERO CENTRE",
   "VehicleTypes": []
  },
  {
   "Country": "UNITED STATES (USA)",
   "Mfr_CommonName": null,
   "Mfr_ID": 6210,
   "Mfr_Name": "J.G. ENTERPRISES, INC. ",
   "VehicleTypes": [
    {
     "IsPrimary": true,
     "Name": "Trailer"
    }
   ]
  },
  {
   "Country": "UNITED STATES (USA)",
   "Mfr_CommonName": null,
   "Mfr_ID": 6211,
   "Mfr_Name": "LDJ MANUFACTURING",
   "VehicleTypes": [
    {
     "IsPrimary": true,
     "Name": "Trailer"
    }
   ]
  },
  {
   "Country": "UNITED STATES (USA)",
   "Mfr_CommonName": null,
   "Mfr_ID": 6212,
   "Mfr_Name": "MODISETTE WELDING & SUPPLY, CORP.",
   "VehicleTypes": [
    {
     "IsPrimary": true,
     "Name": "Trailer"
    }
   ]
  },
  {
   "Country": "UNITED STATES (USA)",
   "Mfr_CommonName": null,
   "Mfr_ID": 6213,
   "Mfr_Name": "CRIMINAL CUSTOMS INC",
   "VehicleTypes": [
    {
     "IsPrimary": true,
     "Name": "Motorcycle"
    }
   ]
  },
  {
   "Country": "UNITED STATES (USA)",
   "Mfr_CommonName": null,
   "Mfr_ID": 6214,
   "Mfr_Name": "DONHAM'S MOBILE SERVICE",
   "VehicleTypes": [
    {
     "IsPrimary": true,
     "Name": "Trailer"
    }
   ]
  },
  {
   "Country": "UNITED STATES (USA)",
   "Mfr_CommonName": null,
   "Mfr_ID": 6215,
   "Mfr_Name": "KWIK LOAD, INC.",
   "VehicleTypes": [
    {
     "IsPrimary": true,
     "Name": "Trailer"
    }
   ]
  },
  {
   "Country": "UNITED STATES (USA)",
   "Mfr_CommonName": "Titan Trailers",
   "Mfr_ID": 6216,
   "Mfr_Name": "TITAN TRAILERS",
   "VehicleTypes": [
    {
     "IsPrimary": true,
     "Name": "Trailer"
    }
   ]
  },
  {
   "Country": "UNITED STATES (USA)",
   "Mfr_CommonName": null,
   "Mfr_ID": 6217,
   "Mfr_Name": "MIRSBERGER MANUFACTURING, LLC",
   "VehicleTypes": [
    {
     "IsPrimary": true,
     "Name": "Trailer"
    }
   ]
  },
  {
   "Country": "UNITED STATES (USA)",
   "Mfr_CommonName": null,
   "Mfr_ID": 6218,
   "Mfr_Name": "ACTION SIGNS AND BILLBOARDS, INC.",
   "VehicleTypes": [
    {
     "IsPrimary": true,
     "Name": "Motorcycle"
    }
   ]
  },
  {
   "Country": "UNITED STATES (USA)",
   "Mfr_CommonName": null,
   "Mfr_ID": 6219,
   "Mfr_Name": "BULLETPROOF TRAILERS",
   "VehicleTypes": [
    {
     "IsPrimary": true,
     "Name": "Trailer"
    }
   ]
  },
  {
   "Country": "UNITED STATES (USA)",
   "Mfr_CommonName": null,
   "Mfr_ID": 6220,
   "Mfr_Name": "WACKER NEUSON PRODUCTION AMERICAS LLC",
   "VehicleTypes": [
    {
     "IsPrimary": true,
     "Name": "Trailer"
    }
   ]
  },
  {
   "Country": "UNITED STATES (USA)",
   "Mfr_CommonName": null,
   "Mfr_ID": 6221,
   "Mfr_Name": "KELDERMAN MANUFACTURING INCORPORATED",
   "VehicleTypes": []
  },
  {
   "Country": "UNITED STATES (USA)",
   "Mfr_CommonName": null,
   "Mfr_ID": 6222,
   "Mfr_Name": "BUILT-RITE MFG., CORP.",
   "VehicleTypes": []
  },
  {
   "Country": "UNITED STATES (USA)",
   "Mfr_CommonName": null,
   "Mfr_ID": 6223,
   "Mfr_Name": "HAPPITRAILS TRAILERS LLC",
   "VehicleTypes": [
    {
     "IsPrimary": true,
     "Name": "Trailer"
    }
   ]
  },
  {
   "Country": "UNITED STATES (USA)",
   "Mfr_CommonName": null,
   "Mfr_ID": 6224,
   "Mfr_Name": "CUSTOM FARM AND RANCH SUPPLY, LLC",
   "VehicleTypes": [
    {
     "IsPrimary": true,
     "Name": "Trailer"
    }
   ]
  },
  {
   "Country": "UNITED STATES (USA)",
   "Mfr_CommonName": null,
   "Mfr_ID": 6225,
   "Mfr_Name": "TRUX LLC",
   "VehicleTypes": [
    {
     "IsPrimary": true,
     "Name": "Truck "
    },
    {
     "IsPrimary": false,
     "Name": "Bus"
    },
    {
     "IsPrimary": false,
     "Name": "Trailer"
    },
    {
     "IsPrimary": false,
     "Name": "Incomplete Vehicle"
    }
   ]
  },
  {
   "Country": "UNITED STATES (USA)",
   "Mfr_CommonName": null,
   "Mfr_ID": 6226,
   "Mfr_Name": "R&J TRAILERS, INC.",
   "VehicleTypes": [
    {
     "IsPrimary": true,
     "Name": "Trailer"
    }
   ]
  },
  {
   "Country": "UNITED STATES (USA)",
   "Mfr_CommonName": null,
   "Mfr_ID": 6227,
   "Mfr_Name": "NOR-TECH FABRICATION LLC",
   "VehicleTypes": [
    {
     "IsPrimary": true,
     "Name": "Trailer"
    }
   ]
  },
  {
   "Country": "UNITED STATES (USA)",
   "Mfr_CommonName": null,
   "Mfr_ID": 6228,
   "Mfr_Name": "T & T UNLIMITED, LLC",
   "VehicleTypes": [
    {
     "IsPrimary": true,
     "Name": "Trailer"
    }
   ]
  },
  {
   "Country": "UNITED STATES (USA)",
   "Mfr_CommonName": null,
   "Mfr_ID": 6229,
   "Mfr_Name": "VANTAGE VEHICLE INTERNATIONAL, INC.",
   "VehicleTypes": [
    {
     "IsPrimary": true,
     "Name": "Low Speed Vehicle (LSV)"
    }
   ]
  },
  {
   "Country": "UNITED STATES (USA)",
   "Mfr_CommonName": "DBI",
   "Mfr_ID": 6232,
   "Mfr_Name": "DEANGELO BROTHERS, INC.",
   "VehicleTypes": [
    {
     "IsPrimary": true,
     "Name": "Truck "
    }
   ]
  },
  {
   "Country": "UNITED STATES (USA)",
   "Mfr_CommonName": null,
   "Mfr_ID": 6233,
   "Mfr_Name": "MID-ATLANTIC TRANSPORT, INC.",
   "VehicleTypes": [
    {
     "IsPrimary": true,
     "Name": "Trailer"
    }
   ]
  },
  {
   "Country": "CHINA",
   "Mfr_CommonName": null,
   "Mfr_ID": 6234,
   "Mfr_Name": "ZHEJIANG WELET PLASTIC (HELMETS) CO., LTD.",
   "VehicleTypes": []
  },
  {
   "Country": "UNITED STATES (USA)",
   "Mfr_CommonName": null,
   "Mfr_ID": 6235,
   "Mfr_Name": "PACIFIC ALOHA INNOVATIONS",
   "VehicleTypes": [
    {
     "IsPrimary": true,
     "Name": "Motorcycle"
    }
   ]
  },
  {
   "Country": "UNITED STATES (USA)",
   "Mfr_CommonName": null,
   "Mfr_ID": 6236,
   "Mfr_Name": "ULTRA HAULERS CORP.",
   "VehicleTypes": [
    {
     "IsPrimary": true,
     "Name": "Trailer"
    }
   ]
  },
  {
   "Country": "UNITED STATES (USA)",
   "Mfr_CommonName": null,
   "Mfr_ID": 6237,
   "Mfr_Name": "SEMEREDY IMPERIAL LLC",
   "VehicleTypes": [
    {
     "IsPrimary": true,
     "Name": "Motorcycle"
    }
   ]
  },
  {
   "Country": "UNITED STATES (USA)",
   "Mfr_CommonName": null,
   "Mfr_ID": 6238,
   "Mfr_Name": "BAGGETT'S TRAILER CONNECTION LLC",
   "VehicleTypes": [
    {
     "IsPrimary": true,
     "Name": "Trailer"
    }
   ]
  },
  {
   "Country": "UNITED STATES (USA)",
   "Mfr_CommonName": null,
   "Mfr_ID": 6239,
   "Mfr_Name": "TRAILER COMPONENTS, INC.",
   "VehicleTypes": []
  },
  {
   "Country": "UNITED STATES (USA)",
   "Mfr_CommonName": null,
   "Mfr_ID": 6240,
   "Mfr_Name": "ACCUSTOMX",
   "VehicleTypes": [
    {
     "IsPrimary": true,
     "Name": "Motorcycle"
    }
   ]
  },
  {
   "Country": "UNITED STATES (USA)",
   "Mfr_CommonName": null,
   "Mfr_ID": 6241,
   "Mfr_Name": "NY MOTORCYCLE DESIGN",
   "VehicleTypes": [
    {
     "IsPrimary": true,
     "Name": "Motorcycle"
    }
   ]
  },
  {
   "Country": "UNITED STATES (USA)",
   "Mfr_CommonName": null,
   "Mfr_ID": 6242,
   "Mfr_Name": "CURRAHEE TRAILERS INC.",
   "VehicleTypes": [
    {
     "IsPrimary": true,
     "Name": "Trailer"
    }
   ]
  },
  {
   "Country": "ESTONIA",
   "Mfr_CommonName": null,
   "Mfr_ID": 6243,
   "Mfr_Name": "TRUCKS & TRAILERS OU",
   "VehicleTypes": [
    {
     "IsPrimary": true,
     "Name": "Trailer"
    }
   ]
  },
  {
   "Country": "UNITED STATES (USA)",
   "Mfr_CommonName": null,
   "Mfr_ID": 6244,
   "Mfr_Name": "TW ENTERPRISES, INC.",
   "VehicleTypes": [
    {
     "IsPrimary": true,
     "Name": "Trailer"
    }
   ]
  },
  {
   "Country": "UNITED STATES (USA)",
   "Mfr_CommonName": null,
   "Mfr_ID": 6245,
   "Mfr_Name": "MURRAY'S TAG & TITLE SERVICES",
   "VehicleTypes": [
    {
     "IsPrimary": true,
     "Name": "Trailer"
    }
   ]
  },
  {
   "Country": "CHINA",
   "Mfr_CommonName": null,
   "Mfr_ID": 6246,
   "Mfr_Name": "SHENZHEN GREENWHEEL ELECTRIC VEHICLE CO., LTD.",
   "VehicleTypes": [
    {
     "IsPrimary": false,
     "Name": "Low Speed Vehicle (LSV)"
    }
   ]
  },
  {
   "Country": "UNITED STATES (USA)",
   "Mfr_CommonName": null,
   "Mfr_ID": 6247,
   "Mfr_Name": "SWELL MARINE",
   "VehicleTypes": []
  },
  {
   "Country": "UNITED STATES (USA)",
   "Mfr_CommonName": null,
   "Mfr_ID": 6248,
   "Mfr_Name": "KNAPHEIDE TRUCK EQUIPMENT MID SOUTH",
   "VehicleTypes": [
    {
     "IsPrimary": false,
     "Name": "Truck "
    }
   ]
  },
  {
   "Country": "SWITZERLAND",
   "Mfr_CommonName": null,
   "Mfr_ID": 6249,
   "Mfr_Name": "QUANTYA SA",
   "VehicleTypes": [
    {
     "IsPrimary": true,
     "Name": "Motorcycle"
    }
   ]
  },
  {
   "Country": "UNITED STATES (USA)",
   "Mfr_CommonName": null,
   "Mfr_ID": 6250,
   "Mfr_Name": "RONALD J. MENARD ",
   "VehicleTypes": [
    {
     "IsPrimary": true,
     "Name": "Trailer"
    }
   ]
  }
 ]
}