{
 "Count": 89,
 "Message": "Response returned successfully",
 "SearchCriteria": null,
 "Results": [
  {
   "Country": "UNITED STATES (USA)",
   "Mfr_CommonName": null,
   "Mfr_ID": 16438,
   "Mfr_Name": "JIM REEDS TRUCK SALES INC",
   "VehicleTypes": [
    {
     "IsPrimary": true,
     "Name": "Truck "
    }
   ]
  },
  {
   "Country": "UNITED STATES (USA)",
   "Mfr_CommonName": null,
   "Mfr_ID": 16439,
   "Mfr_Name": "ADVANCE MECHANICAL SERVICE",
   "VehicleTypes": [
    {
     "IsPrimary": false,
     "Name": "Trailer"
    }
   ]
  },
  {
   "Country": "UNITED STATES (USA)",
   "Mfr_CommonName": null,
   "Mfr_ID": 16440,
   "Mfr_Name": "WORK HORSE MANUFACTURING INC",
   "VehicleTypes": [
    {
     "IsPrimary": false,
     "Name": "Truck "
    },
    {
     "IsPrimary": false,
     "Name": "Multipurpose Passenger Vehicle (MPV)"
    }
   ]
  },
  {
   "Country": "UNITED STATES (USA)",
   "Mfr_CommonName": "BellaCar",
   "Mfr_ID": 16441,
   "Mfr_Name": "BELLAMY'S OUTDOOR SPORTS, INC.",
   "VehicleTypes": [
    {
     "IsPrimary": false,
     "Name": "Low Speed Vehicle (LSV)"
    }
   ]
  },
  {
   "Country": "",
   "Mfr_CommonName": null,
   "Mfr_ID": 16442,
   "Mfr_Name": "Absolute Styling Limousine Ltd.",
   "VehicleTypes": []
  },
  {
   "Country": "UNITED STATES (USA)",
   "Mfr_CommonName": null,
   "Mfr_ID": 16443,
   "Mfr_Name": "INTERNATIONAL LIFT CORPORATION ",
   "VehicleTypes": []
  },
  {
   "Country": "UNITED STATES (USA)",
   "Mfr_CommonName": "j and e",
   "Mfr_ID": 16444,
   "Mfr_Name": "J AND E STEEL LLC",
   "VehicleTypes": [
    {
     "IsPrimary": true,
     "Name": "Trailer"
    }
   ]
  },
  {
   "Country": "UNITED STATES (USA)",
   "Mfr_CommonName": null,
   "Mfr_ID": 16445,
   "Mfr_Name": "AETNA ROOFING CORP",
   "VehicleTypes": [
    {
     "IsPrimary": false,
     "Name": "Truck "
    }
   ]
  },
  {
   "Country": "UNITED STATES (USA)",
   "Mfr_CommonName": null,
   "Mfr_ID": 16446,
   "Mfr_Name": "THE HYDROSEEDING COMPANY LLC",
   "VehicleTypes": [
    {
     "IsPrimary": true,
     "Name": "Trailer"
    }
   ]
  },
  {
   "Country": "UNITED STATES (USA)",
   "Mfr_CommonName": null,
   "Mfr_ID": 16447,
   "Mfr_Name": "COUFAL-PRATER EQUIPMENT, LLC",
   "VehicleTypes": [
    {
     "IsPrimary": false,
     "Name": "Truck "
    }
   ]
  },
  {
   "Country": "UNITED STATES (USA)",
   "Mfr_CommonName": null,
   "Mfr_ID": 16448,
   "Mfr_Name": "BOLINGER INC.",
   "VehicleTypes": []
  },
  {
   "Country": "UNITED STATES (USA)",
   "Mfr_CommonName": null,
   "Mfr_ID": 16449,
   "Mfr_Name": "FIRST CHOICE AUTO, INC",
   "VehicleTypes": []
  },
  {
   "Country": "UNITED STATES (USA)",
   "Mfr_CommonName": "Skeeter Brush Trucks",
   "Mfr_ID": 16450,
   "Mfr_Name": "SKEETER BRUSH TRUCKS, LLC",
   "VehicleTypes": [
    {
     "IsPrimary": true,
     "Name": "Truck "
    }
   ]
  },
  {
   "Country": "UNITED STATES (USA)",
   "Mfr_CommonName": null,
   "Mfr_ID": 16451,
   "Mfr_Name": "MESA INDUSTRIES, INC.",
   "VehicleTypes": [
    {
     "IsPrimary": false,
     "Name": "Trailer"
    }
   ]
  },
  {
   "Country": "UNITED STATES (USA)",
   "Mfr_CommonName": null,
   "Mfr_ID": 16452,
   "Mfr_Name": "PETTY TRAILERS ",
   "VehicleTypes": []
  },
  {
   "Country": "UNITED STATES (USA)",
   "Mfr_CommonName": null,
   "Mfr_ID": 16453,
   "Mfr_Name": "TRUCK & TRAILER SPECIALTIES INC",
   "VehicleTypes": [
    {
     "IsPrimary": false,
     "Name": "Truck "
    },
    {
     "IsPrimary": true,
     "Name": "Incomplete Vehicle"
    }
   ]
  },
  {
   "Country": "AUSTRIA",
   "Mfr_CommonName": "iSi Automotive",
   "Mfr_ID": 16454,
   "Mfr_Name": "ISI AUTOMOTIVE AUSTRIA GMBH",
   "VehicleTypes": []
  },
  {
   "Country": "POLAND",
   "Mfr_CommonName": "MW Lublin",
   "Mfr_ID": 16455,
   "Mfr_Name": "MW LUBLIN SP. Z O.O.",
   "VehicleTypes": []
  },
  {
   "Country": "TAIWAN",
   "Mfr_CommonName": null,
   "Mfr_ID": 16456,
   "Mfr_Name": "MARKMA TIRE CO., LIMITED",
   "VehicleTypes": []
  },
  {
   "Country": "NETHERLANDS",
   "Mfr_CommonName": "Vanclaes",
   "Mfr_ID": 16457,
   "Mfr_Name": "VANCLAES BOAT TRAILERS",
   "VehicleTypes": [
    {
     "IsPrimary": true,
     "Name": "Trailer"
    }
   ]
  },
  {
   "Country": "INDIA",
   "Mfr_CommonName": "JK TYRE",
   "Mfr_ID": 16458,
   "Mfr_Name": "CAVENDISH INDUSTRIES LIMITED (A JK TYRE ASSOCIATE)",
   "VehicleTypes": []
  },
  {
   "Country": "CZECH REPUBLIC",
   "Mfr_CommonName": null,
   "Mfr_ID": 16459,
   "Mfr_Name": "ITW PRONOVIA, S.R.O.",
   "VehicleTypes": [
    {
     "IsPrimary": true,
     "Name": "Passenger Car"
    }
   ]
  },
  {
   "Country": "NEW ZEALAND",
   "Mfr_CommonName": null,
   "Mfr_ID": 16460,
   "Mfr_Name": "HELLA NEW ZEALAND LIMITED",
   "VehicleTypes": []
  },
  {
   "Country": "INDIA",
   "Mfr_CommonName": null,
   "Mfr_ID": 16461,
   "Mfr_Name": "HELLA INDIA LIGHTING LTD.",
   "VehicleTypes": []
  },
  {
   "Country": "SOUTH KOREA",
   "Mfr_CommonName": "HUNG-A",
   "Mfr_ID": 16462,
   "Mfr_Name": "HUNG-A CO., LTD",
   "VehicleTypes": []
  },
  {
   "Country": "UNITED STATES (USA)",
   "Mfr_CommonName": null,
   "Mfr_ID": 16463,
   "Mfr_Name": "TEDSON TRAILER & EQUIPMENT REPAIR LLC",
   "VehicleTypes": [
    {
     "IsPrimary": false,
     "Name": "Trailer"
    }
   ]
  },
  {
   "Country": "UNITED STATES (USA)",
   "Mfr_CommonName": null,
   "Mfr_ID": 16464,
   "Mfr_Name": "REFUSE EQUIPMENT AND TRUCK SERVICES, INC.",
   "VehicleTypes": [
    {
     "IsPrimary": false,
     "Name": "Truck "
    }
   ]
  },
  {
   "Country": "UNITED STATES (USA)",
   "Mfr_CommonName": "Renli",
   "Mfr_ID": 16465,
   "Mfr_Name": "SHIFT MOTORSPORTS, LLC",
   "VehicleTypes": [
    {
     "IsPrimary": true,
     "Name": "Low Speed Vehicle (LSV)"
    }
   ]
  },
  {
   "Country": "UNITED STATES (USA)",
   "Mfr_CommonName": null,
   "Mfr_ID": 16466,
   "Mfr_Name": "THE WELDING WORKS",
   "VehicleTypes": [
    {
     "IsPrimary": true,
     "Name": "Trailer"
    }
   ]
  },
  {
   "Country": "UNITED STATES (USA)",
   "Mfr_CommonName": null,
   "Mfr_ID": 16467,
   "Mfr_Name": "WECLY INTERNATIONAL, INC",
   "VehicleTypes": []
  },
  {
   "Country": "UNITED STATES (USA)",
   "Mfr_CommonName": null,
   "Mfr_ID": 16468,
   "Mfr_Name": "Knapheide Truck Equipment Center",
   "VehicleTypes": [
    {
     "IsPrimary": false,
     "Name": "Truck "
    }
   ]
  },
  {
   "Country": "UNITED STATES (USA)",
   "Mfr_CommonName": null,
   "Mfr_ID": 16469,
   "Mfr_Name": "VRV, Inc.",
   "VehicleTypes": [
    {
     "IsPrimary": false,
     "Name": "Trailer"
    }
   ]
  },
  {
   "Country": "UNITED STATES (USA)",
   "Mfr_CommonName": null,
   "Mfr_ID": 16470,
   "Mfr_Name": "A THUMBS UP INC.",
   "VehicleTypes": [
    {
     "IsPrimary": false,
     "Name": "Passenger Car"
    },
    {
     "IsPrimary": false,
     "Name": "Truck "
    },
    {
     "IsPrimary": false,
     "Name": "Bus"
    },
    {
     "IsPrimary": false,
     "Name": "Trailer"
    },
    {
     "IsPrimary": false,
     "Name": "Multipurpose Passenger Vehicle (MPV)"
    }
   ]
  },
  {
   "Country": "UNITED STATES (USA)",
   "Mfr_CommonName": null,
   "Mfr_ID": 16471,
   "Mfr_Name": "RED ROCK OILFIELD SERVICES",
   "VehicleTypes": [
    {
     "IsPrimary": false,
     "Name": "Truck "
    }
   ]
  },
  {
   "Country": "UNITED STATES (USA)",
   "Mfr_CommonName": null,
   "Mfr_ID": 16472,
   "Mfr_Name": "AUTO-MANIA",
   "VehicleTypes": [
    {
     "IsPrimary": true,
     "Name": "Trailer"
    }
   ]
  },
  {
   "Country": "UNITED STATES (USA)",
   "Mfr_CommonName": null,
   "Mfr_ID": 16473,
   "Mfr_Name": "ULTIMATE CUSTOM CYCLES AND FRAMES",
   "VehicleTypes": []
  },
  {
   "Country": "UNITED STATES (USA)",
   "Mfr_CommonName": null,
   "Mfr_ID": 16474,
   "Mfr_Name": "FNA GROUP INC",
   "VehicleTypes": [
    {
     "IsPrimary": true,
     "Name": "Trailer"
    }
   ]
  },
  {
   "Country": "UNITED STATES (USA)",
   "Mfr_CommonName": null,
   "Mfr_ID": 16475,
   "Mfr_Name": "CHEMGUARD INC ",
   "VehicleTypes": []
  },
  {
   "Country": "UNITED STATES (USA)",
   "Mfr_CommonName": null,
   "Mfr_ID": 16476,
   "Mfr_Name": "BULLDOG TRAILERWORKS",
   "VehicleTypes": []
  },
  {
   "Country": "CHINA",
   "Mfr_CommonName": "Volvo",
   "Mfr_ID": 16477,
   "Mfr_Name": "DAQING VOLVO CAR MANUFACTURING CO LTD",
   "VehicleTypes": []
  },
  {
   "Country": "MEXICO",
   "Mfr_CommonName": "Volkswagen (Mexico)",
   "Mfr_ID": 16478,
   "Mfr_Name": "VOLKSWAGEN DE MEXICO SA DE CV",
   "VehicleTypes": []
  },
  {
   "Country": "UNITED STATES (USA)",
   "Mfr_CommonName": null,
   "Mfr_ID": 16479,
   "Mfr_Name": "MACH ONE TRAILERS ",
   "VehicleTypes": []
  },
  {
   "Country": "EL SALVADOR",
   "Mfr_CommonName": null,
   "Mfr_ID": 16480,
   "Mfr_Name": "FAJUMES SA DE CV ",
   "VehicleTypes": []
  },
  {
   "Country": "UNITED STATES (USA)",
   "Mfr_CommonName": null,
   "Mfr_ID": 16481,
   "Mfr_Name": "CAMPER PRODUCT INC",
   "VehicleTypes": []
  },
  {
   "Country": "UNITED STATES (USA)",
   "Mfr_CommonName": null,
   "Mfr_ID": 16482,
   "Mfr_Name": "M-CO WELDING",
   "VehicleTypes": [
    {
     "IsPrimary": false,
     "Name": "Trailer"
    }
   ]
  },
  {
   "Country": "UNITED STATES (USA)",
   "Mfr_CommonName": null,
   "Mfr_ID": 16483,
   "Mfr_Name": "M&M LIFTS,INC",
   "VehicleTypes": [
    {
     "IsPrimary": true,
     "Name": "Truck "
    }
   ]
  },
  {
   "Country": "UNITED STATES (USA)",
   "Mfr_CommonName": null,
   "Mfr_ID": 16484,
   "Mfr_Name": "M8-A1 MULE OFF ROAD TRAILER",
   "VehicleTypes": [
    {
     "IsPrimary": true,
     "Name": "Trailer"
    }
   ]
  },
  {
   "Country": "UNITED STATES (USA)",
   "Mfr_CommonName": null,
   "Mfr_ID": 16485,
   "Mfr_Name": "TOTAL TUBING, LLC",
   "VehicleTypes": []
  },
  {
   "Country": "UNITED STATES (USA)",
   "Mfr_CommonName": null,
   "Mfr_ID": 16486,
   "Mfr_Name": "HENSON'S AUTO PARTS & SUPPLY, LLC",
   "VehicleTypes": []
  },
  {
   "Country": "UNITED STATES (USA)",
   "Mfr_CommonName": "Bush Electronics Inc.",
   "Mfr_ID": 16487,
   "Mfr_Name": "BUSH ELECTRONICS INC",
   "VehicleTypes": [
    {
     "IsPrimary": false,
     "Name": "Bus"
    }
   ]
  },
  {
   "Country": "UNITED STATES (USA)",
   "Mfr_CommonName": null,
   "Mfr_ID": 16488,
   "Mfr_Name": "TOPAR WELDING, INC.",
   "VehicleTypes": [
    {
     "IsPrimary": false,
     "Name": "Passenger Car"
    },
    {
     "IsPrimary": true,
     "Name": "Truck "
    },
    {
     "IsPrimary": false,
     "Name": "Trailer"
    },
    {
     "IsPrimary": false,
     "Name": "Off Road Vehicle"
    }
   ]
  },
  {
   "Country": "UNITED STATES (USA)",
   "Mfr_CommonName": null,
   "Mfr_ID": 16489,
   "Mfr_Name": "ETI GLOBAL SOLUTIONS ",
   "VehicleTypes": []
  },
  {
   "Country": "UNITED STATES (USA)",
   "Mfr_CommonName": null,
   "Mfr_ID": 16490,
   "Mfr_Name": "BC TRAILERS",
   "VehicleTypes": []
  },
  {
   "Country": "INDIA",
   "Mfr_CommonName": "MRL TYRES",
   "Mfr_ID": 16491,
   "Mfr_Name": "MRL TYRES, LTD.",
   "VehicleTypes": []
  },
  {
   "Country": "CANADA",
   "Mfr_CommonName": "Bridgestone",
   "Mfr_ID": 16492,
   "Mfr_Name": "BRIDGESTONE CANADA INC",
   "VehicleTypes": []
  },
  {
   "Country": "CHINA",
   "Mfr_CommonName": null,
   "Mfr_ID": 16493,
   "Mfr_Name": "SHANDONG YIWEI RUBBER CO., LTD",
   "VehicleTypes": []
  },
  {
   "Country": "CHINA",
   "Mfr_CommonName": null,
   "Mfr_ID": 16494,
   "Mfr_Name": "SHANDONG HENGRI SUSPENSION SPRING CO., LTD.",
   "VehicleTypes": []
  },
  {
   "Country": "CHINA",
   "Mfr_CommonName": null,
   "Mfr_ID": 16495,
   "Mfr_Name": "QINGDAO VISASTONE INDUSTRY &TRADE CO.,LTD",
   "VehicleTypes": []
  },
  {
   "Country": "CANADA",
   "Mfr_CommonName": "Rebel Vac Systems Ltd.",
   "Mfr_ID": 16496,
   "Mfr_Name": "REBEL METAL FABRICATORS LTD",
   "VehicleTypes": [
    {
     "IsPrimary": true,
     "Name": "Truck "
    },
    {
     "IsPrimary": false,
     "Name": "Trailer"
    }
   ]
  },
  {
   "Country": "BELGIUM",
   "Mfr_CommonName": null,
   "Mfr_ID": 16497,
   "Mfr_Name": "ATLAS COPCO",
   "VehicleTypes": [
    {
     "IsPrimary": true,
     "Name": "Trailer"
    }
   ]
  },
  {
   "Country": "CHINA",
   "Mfr_CommonName": null,
   "Mfr_ID": 16498,
   "Mfr_Name": "CHANGZHOU HONGQIAO MINI AUTO ACCESSORIES FACTORY ",
   "VehicleTypes": []
  },
  {
   "Country": "UNITED STATES (USA)",
   "Mfr_CommonName": "In2Go",
   "Mfr_ID": 16499,
   "Mfr_Name": "IN2GO INDUSTRIES, LLC",
   "VehicleTypes": [
    {
     "IsPrimary": true,
     "Name": "Motorcycle"
    },
    {
     "IsPrimary": false,
     "Name": "Passenger Car"
    },
    {
     "IsPrimary": false,
     "Name": "Incomplete Vehicle"
    }
   ]
  },
  {
   "Country": "UNITED STATES (USA)",
   "Mfr_CommonName": "E.H. Wachs",
   "Mfr_ID": 16500,
   "Mfr_Name": "E.H. WACHS COMPANY",
   "VehicleTypes": [
    {
     "IsPrimary": false,
     "Name": "Trailer"
    }
   ]
  },
  {
   "Country": "UNITED STATES (USA)",
   "Mfr_CommonName": null,
   "Mfr_ID": 16501,
   "Mfr_Name": "Inverom Corp",
   "VehicleTypes": [
    {
     "IsPrimary": false,
     "Name": "Low Speed Vehicle (LSV)"
    }
   ]
  },
  {
   "Country": "UNITED STATES (USA)",
   "Mfr_CommonName": null,
   "Mfr_ID": 16502,
   "Mfr_Name": "THIELEN MACHINE & WELDING, INC",
   "VehicleTypes": [
    {
     "IsPrimary": false,
     "Name": "Trailer"
    }
   ]
  },
  {
   "Country": "UNITED STATES (USA)",
   "Mfr_CommonName": null,
   "Mfr_ID": 16503,
   "Mfr_Name": "PRO PULL",
   "VehicleTypes": [
    {
     "IsPrimary": false,
     "Name": "Trailer"
    }
   ]
  },
  {
   "Country": "UNITED STATES (USA)",
   "Mfr_CommonName": "Bear Bones Systems",
   "Mfr_ID": 16505,
   "Mfr_Name": "BEAR BONES SYSTEMS LLC",
   "VehicleTypes": [
    {
     "IsPrimary": false,
     "Name": "Trailer"
    }
   ]
  },
  {
   "Country": "UNITED STATES (USA)",
   "Mfr_CommonName": "Multi Parts",
   "Mfr_ID": 16506,
   "Mfr_Name": "MULTI PARTS SUPPLY USA, INC.",
   "VehicleTypes": []
  },
  {
   "Country": "UNITED STATES (USA)",
   "Mfr_CommonName": "Epic Manufacturing",
   "Mfr_ID": 16507,
   "Mfr_Name": "EPIC MANUFACTURING LLC",
   "VehicleTypes": [
    {
     "IsPrimary": true,
     "Name": "Trailer"
    }
   ]
  },
  {
   "Country": "MEXICO",
   "Mfr_CommonName": null,
   "Mfr_ID": 16508,
   "Mfr_Name": "INDUSTRIA VITALIZADORA OTTO'S TIRE S.A. DE C.V.",
   "VehicleTypes": []
  },
  {
   "Country": "CANADA",
   "Mfr_CommonName": "BWS",
   "Mfr_ID": 16509,
   "Mfr_Name": "B.W.S. MANUFACTURING LTD.",
   "VehicleTypes": [
    {
     "IsPrimary": true,
     "Name": "Trailer"
    }
   ]
  },
  {
   "Country": "UNITED STATES (USA)",
   "Mfr_CommonName": null,
   "Mfr_ID": 16511,
   "Mfr_Name": "IDEAL WELDING",
   "VehicleTypes": [
    {
     "IsPrimary": true,
     "Name": "Trailer"
    }
   ]
  },
  {
   "Country": "UNITED STATES (USA)",
   "Mfr_CommonName": null,
   "Mfr_ID": 16512,
   "Mfr_Name": "STANFORD MANUFACTURING CO.",
   "VehicleTypes": [
    {
     "IsPrimary": true,
     "Name": "Passenger Car"
    }
   ]
  },
  {
   "Country": "UNITED STATES (USA)",
   "Mfr_CommonName": null,
   "Mfr_ID": 16513,
   "Mfr_Name": "CARRIER SYSTEMS, LLC",
   "VehicleTypes": [
    {
     "IsPrimary": true,
     "Name": "Trailer"
    }
   ]
  },
  {
   "Country": "UNITED STATES (USA)",
   "Mfr_CommonName": null,
   "Mfr_ID": 16514,
   "Mfr_Name": "INLAND EMPIRE CHOPPERS",
   "VehicleTypes": []
  },
  {
   "Country": "UNITED STATES (USA)",
   "Mfr_CommonName": null,
   "Mfr_ID": 16515,
   "Mfr_Name": "SATURN MACHINE & WELDING CO. INC.",
   "VehicleTypes": [
    {
     "IsPrimary": false,
     "Name": "Trailer"
    }
   ]
  },
  {
   "Country": "UNITED STATES (USA)",
   "Mfr_CommonName": null,
   "Mfr_ID": 16516,
   "Mfr_Name": "EAST POINT EQUIPMENT CO., INC. ",
   "VehicleTypes": [
    {
     "IsPrimary": true,
     "Name": "Trailer"
    }
   ]
  },
  {
   "Country": "UNITED STATES (USA)",
   "Mfr_CommonName": null,
   "Mfr_ID": 16517,
   "Mfr_Name": "BB WELDING",
   "VehicleTypes": [
    {
     "IsPrimary": false,
     "Name": "Incomplete Vehicle"
    }
   ]
  },
  {
   "Country": "UNITED STATES (USA)",
   "Mfr_CommonName": null,
   "Mfr_ID": 16518,
   "Mfr_Name": "MHQ",
   "VehicleTypes": [
    {
     "IsPrimary": false,
     "Name": "Truck "
    }
   ]
  },
  {
   "Country": "UNITED STATES (USA)",
   "Mfr_CommonName": "Broken Arrow",
   "Mfr_ID": 16519,
   "Mfr_Name": "BROKEN ARROW INCORPORATED",
   "VehicleTypes": [
    {
     "IsPrimary": true,
     "Name": "Truck "
    }
   ]
  },
  {
   "Country": "UNITED STATES (USA)",
   "Mfr_CommonName": null,
   "Mfr_ID": 16520,
   "Mfr_Name": "THOMPSON CHOPPERS INC ",
   "VehicleTypes": []
  },
  {
   "Country": "UNITED STATES (USA)",
   "Mfr_CommonName": null,
   "Mfr_ID": 16521,
   "Mfr_Name": "COPY CATT TRAILERS",
   "VehicleTypes": [
    {
     "IsPrimary": true,
     "Name": "Trailer"
    }
   ]
  },
  {
   "Country": "UNITED STATES (USA)",
   "Mfr_CommonName": null,
   "Mfr_ID": 16522,
   "Mfr_Name": "VANGUARD NATIONAL TRAILER CORPORATION (VNTC)",
   "VehicleTypes": []
  },
  {
   "Country": "MEXICO",
   "Mfr_CommonName": "CUSITEC",
   "Mfr_ID": 16523,
   "Mfr_Name": "CUSITEC SA DE CV",
   "VehicleTypes": [
    {
     "IsPrimary": true,
     "Name": "Trailer"
    }
   ]
  },
  {
   "Country": "GERMANY",
   "Mfr_CommonName": "Preh ",
   "Mfr_ID": 16524,
   "Mfr_Name": "PREH GMBH",
   "VehicleTypes": []
  },
  {
   "Country": "PORTUGAL",
   "Mfr_CommonName": "ASP\u00d6CK PORTUGAL, S.A.",
   "Mfr_ID": 16525,
   "Mfr_Name": "ASP\u00d6CK PORTUGAL, S.A.",
   "VehicleTypes": []
  },
  {
   "Country": "MEXICO",
   "Mfr_CommonName": null,
   "Mfr_ID": 16526,
   "Mfr_Name": "VALEO SISTEMAS ELECTRICOS, S.A. DE C.V.",
   "VehicleTypes": []
  },
  {
   "Country": "UNITED STATES (USA)",
   "Mfr_CommonName": null,
   "Mfr_ID": 16527,
   "Mfr_Name": "KERR INDUSTRIES OF TEXAS",
   "VehicleTypes": [
    {
     "IsPrimary": false,
     "Name": "Passenger Car"
    },
    {
     "IsPrimary": false,
     "Name": "Truck "
    },
    {
     "IsPrimary": false,
     "Name": "Multipurpose Passenger Vehicle (MPV)"
    }
   ]
  },
  {
   "Country": "UNITED STATES (USA)",
   "Mfr_CommonName": null,
   "Mfr_ID": 16529,
   "Mfr_Name": "ROCK RIVER INDUSTRIES ",
   "VehicleTypes": [
    {
     "IsPrimary": false,
     "Name": "Truck "
    }
   ]
  }
 ]
}