{
 "Count": 91,
 "Message": "Response returned successfully",
 "SearchCriteria": null,
 "Results": [
  {
   "Country": "UNITED STATES (USA)",
   "Mfr_CommonName": null,
   "Mfr_ID": 1892,
   "Mfr_Name": "BARKUS & SONS TRUCK CENTER INC",
   "VehicleTypes": [
    {
     "IsPrimary": true,
     "Name": "Truck "
    }
   ]
  },
  {
   "Country": "UNITED STATES (USA)",
   "Mfr_CommonName": null,
   "Mfr_ID": 1893,
   "Mfr_Name": "BARLOW'S WELDING AND CUSTOM TRAILER",
   "VehicleTypes": []
  },
  {
   "Country": "UNITED STATES (USA)",
   "Mfr_CommonName": null,
   "Mfr_ID": 1894,
   "Mfr_Name": "BARON USA INC",
   "VehicleTypes": []
  },
  {
   "Country": "UNITED STATES (USA)",
   "Mfr_CommonName": null,
   "Mfr_ID": 1895,
   "Mfr_Name": "BARRETO MANUFACTURING, INC.",
   "VehicleTypes": [
    {
     "IsPrimary": true,
     "Name": "Trailer"
    }
   ]
  },
  {
   "Country": "UNITED STATES (USA)",
   "Mfr_CommonName": null,
   "Mfr_ID": 1896,
   "Mfr_Name": "BARRETT EQUIP., INC.",
   "VehicleTypes": []
  },
  {
   "Country": "UNITED STATES (USA)",
   "Mfr_CommonName": "Barrett Trailers",
   "Mfr_ID": 1897,
   "Mfr_Name": "BARRETT TRAILERS LLC",
   "VehicleTypes": [
    {
     "IsPrimary": false,
     "Name": "Trailer"
    }
   ]
  },
  {
   "Country": "UNITED STATES (USA)",
   "Mfr_CommonName": null,
   "Mfr_ID": 1898,
   "Mfr_Name": "BART TRUCK EQUIPMENT LLC.",
   "VehicleTypes": [
    {
     "IsPrimary": true,
     "Name": "Truck "
    },
    {
     "IsPrimary": false,
     "Name": "Incomplete Vehicle"
    }
   ]
  },
  {
   "Country": "UNITED STATES (USA)",
   "Mfr_CommonName": null,
   "Mfr_ID": 1899,
   "Mfr_Name": "BARTH INC.",
   "VehicleTypes": []
  },
  {
   "Country": "UNITED STATES (USA)",
   "Mfr_CommonName": null,
   "Mfr_ID": 1900,
   "Mfr_Name": "BARTLETT LIFTING DEVICES, INC.",
   "VehicleTypes": []
  },
  {
   "Country": "UNITED STATES (USA)",
   "Mfr_CommonName": null,
   "Mfr_ID": 1901,
   "Mfr_Name": "BATON ROUGE WHITE TRUCK SALES, INC.",
   "VehicleTypes": []
  },
  {
   "Country": "",
   "Mfr_CommonName": null,
   "Mfr_ID": 1902,
   "Mfr_Name": "BAUER & SCHAURTE",
   "VehicleTypes": []
  },
  {
   "Country": "UNITED STATES (USA)",
   "Mfr_CommonName": null,
   "Mfr_ID": 1903,
   "Mfr_Name": "BAUMERT SALES CO., INC.",
   "VehicleTypes": []
  },
  {
   "Country": "UNITED STATES (USA)",
   "Mfr_CommonName": null,
   "Mfr_ID": 1904,
   "Mfr_Name": "BAUR TRUCK & EQUIPMENT, INC.",
   "VehicleTypes": []
  },
  {
   "Country": "UNITED STATES (USA)",
   "Mfr_CommonName": null,
   "Mfr_ID": 1905,
   "Mfr_Name": "BAXLEY BLOWPIPE CO.,Inc.",
   "VehicleTypes": []
  },
  {
   "Country": "UNITED STATES (USA)",
   "Mfr_CommonName": null,
   "Mfr_ID": 1906,
   "Mfr_Name": "BAXTER BUILT MFG., & SALES",
   "VehicleTypes": []
  },
  {
   "Country": "UNITED STATES (USA)",
   "Mfr_CommonName": null,
   "Mfr_ID": 1907,
   "Mfr_Name": "BAY BRIDGE MANUFACTURING, INC.",
   "VehicleTypes": []
  },
  {
   "Country": "UNITED STATES (USA)",
   "Mfr_CommonName": null,
   "Mfr_ID": 1908,
   "Mfr_Name": "GENERAL SHELTERS OF TEXAS INC",
   "VehicleTypes": [
    {
     "IsPrimary": true,
     "Name": "Trailer"
    }
   ]
  },
  {
   "Country": "UNITED STATES (USA)",
   "Mfr_CommonName": null,
   "Mfr_ID": 1909,
   "Mfr_Name": "GENERAL SUPPLY & LEASING CO.",
   "VehicleTypes": []
  },
  {
   "Country": "UNITED STATES (USA)",
   "Mfr_CommonName": null,
   "Mfr_ID": 1910,
   "Mfr_Name": "GENERAL TIRE, INC.",
   "VehicleTypes": []
  },
  {
   "Country": "UNITED STATES (USA)",
   "Mfr_CommonName": null,
   "Mfr_ID": 1911,
   "Mfr_Name": "GENERAL TRAILERS, INC.",
   "VehicleTypes": []
  },
  {
   "Country": "UNITED STATES (USA)",
   "Mfr_CommonName": null,
   "Mfr_ID": 1914,
   "Mfr_Name": "GENERAL TRUCK SALES",
   "VehicleTypes": []
  },
  {
   "Country": "UNITED STATES (USA)",
   "Mfr_CommonName": null,
   "Mfr_ID": 1915,
   "Mfr_Name": "GENERAL WELDING AND FABRICATING INC",
   "VehicleTypes": [
    {
     "IsPrimary": true,
     "Name": "Trailer"
    }
   ]
  },
  {
   "Country": "UNITED STATES (USA)",
   "Mfr_CommonName": null,
   "Mfr_ID": 1917,
   "Mfr_Name": "JAKEL COMPANY, INC.",
   "VehicleTypes": []
  },
  {
   "Country": "UNITED STATES (USA)",
   "Mfr_CommonName": null,
   "Mfr_ID": 1918,
   "Mfr_Name": "JAMES A. KILEY CO.",
   "VehicleTypes": []
  },
  {
   "Country": "UNITED STATES (USA)",
   "Mfr_CommonName": null,
   "Mfr_ID": 1919,
   "Mfr_Name": "BLACK HORSE TRAILER",
   "VehicleTypes": []
  },
  {
   "Country": "CANADA",
   "Mfr_CommonName": null,
   "Mfr_ID": 1920,
   "Mfr_Name": "BLACK LIGHTNING ALUMINUM TRAILERS LTD",
   "VehicleTypes": []
  },
  {
   "Country": "UNITED STATES (USA)",
   "Mfr_CommonName": null,
   "Mfr_ID": 1921,
   "Mfr_Name": "BLACKFOOT MANUFACTURING",
   "VehicleTypes": []
  },
  {
   "Country": "UNITED STATES (USA)",
   "Mfr_CommonName": null,
   "Mfr_ID": 1922,
   "Mfr_Name": "BLACKHAWK BIKES",
   "VehicleTypes": []
  },
  {
   "Country": "UNITED STATES (USA)",
   "Mfr_CommonName": null,
   "Mfr_ID": 1923,
   "Mfr_Name": "BLACKHAWK MOTOR WORKS, INC",
   "VehicleTypes": []
  },
  {
   "Country": "UNITED STATES (USA)",
   "Mfr_CommonName": null,
   "Mfr_ID": 1924,
   "Mfr_Name": "BLACKHAWK MOTOR WORKS, INC.",
   "VehicleTypes": []
  },
  {
   "Country": "UNITED STATES (USA)",
   "Mfr_CommonName": null,
   "Mfr_ID": 1925,
   "Mfr_Name": "GEORGIE BOY MANUFACTURING, INC.",
   "VehicleTypes": []
  },
  {
   "Country": "UNITED STATES (USA)",
   "Mfr_CommonName": null,
   "Mfr_ID": 1926,
   "Mfr_Name": "GER-WIN VANS",
   "VehicleTypes": []
  },
  {
   "Country": "UNITED STATES (USA)",
   "Mfr_CommonName": null,
   "Mfr_ID": 1927,
   "Mfr_Name": "GER-WIN VANS OF KANSAS, INC.",
   "VehicleTypes": []
  },
  {
   "Country": "UNITED STATES (USA)",
   "Mfr_CommonName": null,
   "Mfr_ID": 1928,
   "Mfr_Name": "GER-WIN VANS, INC.",
   "VehicleTypes": []
  },
  {
   "Country": "UNITED STATES (USA)",
   "Mfr_CommonName": null,
   "Mfr_ID": 1929,
   "Mfr_Name": "GER/WIN CORP",
   "VehicleTypes": []
  },
  {
   "Country": "UNITED STATES (USA)",
   "Mfr_CommonName": null,
   "Mfr_ID": 1930,
   "Mfr_Name": "GER/WIN CORPORATION",
   "VehicleTypes": []
  },
  {
   "Country": "UNITED STATES (USA)",
   "Mfr_CommonName": null,
   "Mfr_ID": 1931,
   "Mfr_Name": "GERALD ENOCHS",
   "VehicleTypes": []
  },
  {
   "Country": "UNITED STATES (USA)",
   "Mfr_CommonName": null,
   "Mfr_ID": 1932,
   "Mfr_Name": "GERALD L. MCCOY",
   "VehicleTypes": []
  },
  {
   "Country": "UNITED STATES (USA)",
   "Mfr_CommonName": null,
   "Mfr_ID": 1933,
   "Mfr_Name": "GERIC-SCURFIELD",
   "VehicleTypes": [
    {
     "IsPrimary": true,
     "Name": "Truck "
    },
    {
     "IsPrimary": false,
     "Name": "Trailer"
    }
   ]
  },
  {
   "Country": "UNITED STATES (USA)",
   "Mfr_CommonName": null,
   "Mfr_ID": 1936,
   "Mfr_Name": "1 & A TRUCKS & EQUIPMENT COMPANY",
   "VehicleTypes": []
  },
  {
   "Country": "UNITED STATES (USA)",
   "Mfr_CommonName": null,
   "Mfr_ID": 1937,
   "Mfr_Name": "14-24 DESIGNS, LLC",
   "VehicleTypes": []
  },
  {
   "Country": "UNITED STATES (USA)",
   "Mfr_CommonName": null,
   "Mfr_ID": 1938,
   "Mfr_Name": "1M CUSTOM CAR TRANSPORTS INC",
   "VehicleTypes": []
  },
  {
   "Country": "UNITED STATES (USA)",
   "Mfr_CommonName": null,
   "Mfr_ID": 1939,
   "Mfr_Name": "1ST CHOICE MANUFACTURING INC",
   "VehicleTypes": [
    {
     "IsPrimary": true,
     "Name": "Motorcycle"
    }
   ]
  },
  {
   "Country": "UNITED STATES (USA)",
   "Mfr_CommonName": null,
   "Mfr_ID": 1940,
   "Mfr_Name": "33 EAST MAINTENANCE INC.",
   "VehicleTypes": []
  },
  {
   "Country": "UNITED STATES (USA)",
   "Mfr_CommonName": null,
   "Mfr_ID": 1941,
   "Mfr_Name": "3M DYNAMIC MESSAGE SYSTEMS",
   "VehicleTypes": []
  },
  {
   "Country": "UNITED STATES (USA)",
   "Mfr_CommonName": null,
   "Mfr_ID": 1942,
   "Mfr_Name": "BULK TRUCK & TRANSPORT SERVICE INC",
   "VehicleTypes": []
  },
  {
   "Country": "UNITED STATES (USA)",
   "Mfr_CommonName": null,
   "Mfr_ID": 1943,
   "Mfr_Name": "BULL DAWG TRAILERS",
   "VehicleTypes": []
  },
  {
   "Country": "UNITED STATES (USA)",
   "Mfr_CommonName": null,
   "Mfr_ID": 1944,
   "Mfr_Name": "BULLMOBILE TRAILERS INC.",
   "VehicleTypes": []
  },
  {
   "Country": "UNITED STATES (USA)",
   "Mfr_CommonName": null,
   "Mfr_ID": 1945,
   "Mfr_Name": "BUMPER BAR PRODUCTS",
   "VehicleTypes": []
  },
  {
   "Country": "UNITED STATES (USA)",
   "Mfr_CommonName": null,
   "Mfr_ID": 1946,
   "Mfr_Name": "BUNDIT",
   "VehicleTypes": []
  },
  {
   "Country": "UNITED STATES (USA)",
   "Mfr_CommonName": null,
   "Mfr_ID": 1947,
   "Mfr_Name": "BURCH BODY WORKS, INC.",
   "VehicleTypes": []
  },
  {
   "Country": "UNITED STATES (USA)",
   "Mfr_CommonName": null,
   "Mfr_ID": 1948,
   "Mfr_Name": "GRIMALDI'S HEATING & SHEET METAL INC",
   "VehicleTypes": []
  },
  {
   "Country": "UNITED STATES (USA)",
   "Mfr_CommonName": null,
   "Mfr_ID": 1949,
   "Mfr_Name": "GRIMM'S PUMP SERVICE, INC.",
   "VehicleTypes": []
  },
  {
   "Country": "UNITED STATES (USA)",
   "Mfr_CommonName": null,
   "Mfr_ID": 1950,
   "Mfr_Name": "GRISWOLD MACHINE & ENGINEERING, INC.",
   "VehicleTypes": []
  },
  {
   "Country": "UNITED STATES (USA)",
   "Mfr_CommonName": null,
   "Mfr_ID": 1951,
   "Mfr_Name": "GRIWOLD MACHINE & ENGINEERING INC",
   "VehicleTypes": []
  },
  {
   "Country": "UNITED STATES (USA)",
   "Mfr_CommonName": null,
   "Mfr_ID": 1952,
   "Mfr_Name": "GRIZZLY CYCLE WORKS",
   "VehicleTypes": []
  },
  {
   "Country": "UNITED STATES (USA)",
   "Mfr_CommonName": null,
   "Mfr_ID": 1953,
   "Mfr_Name": "GRIZZLY MOUNTAIN MANUFACTURING",
   "VehicleTypes": []
  },
  {
   "Country": "UNITED STATES (USA)",
   "Mfr_CommonName": null,
   "Mfr_ID": 1955,
   "Mfr_Name": "GROOMS WELDING AND MACHINE",
   "VehicleTypes": []
  },
  {
   "Country": "UNITED STATES (USA)",
   "Mfr_CommonName": null,
   "Mfr_ID": 1956,
   "Mfr_Name": "GROUND HEATERS INC",
   "VehicleTypes": []
  },
  {
   "Country": "UNITED STATES (USA)",
   "Mfr_CommonName": null,
   "Mfr_ID": 1957,
   "Mfr_Name": "ALUMINX CO",
   "VehicleTypes": []
  },
  {
   "Country": "UNITED STATES (USA)",
   "Mfr_CommonName": null,
   "Mfr_ID": 1958,
   "Mfr_Name": "ALUMITUFF MANUFACTURING, LLC",
   "VehicleTypes": []
  },
  {
   "Country": "UNITED STATES (USA)",
   "Mfr_CommonName": null,
   "Mfr_ID": 1959,
   "Mfr_Name": "ALVAN CORPORATION",
   "VehicleTypes": []
  },
  {
   "Country": "UNITED STATES (USA)",
   "Mfr_CommonName": null,
   "Mfr_ID": 1960,
   "Mfr_Name": "ALVEY EQUIPMENT INC.",
   "VehicleTypes": []
  },
  {
   "Country": "UNITED STATES (USA)",
   "Mfr_CommonName": null,
   "Mfr_ID": 1962,
   "Mfr_Name": "AMARON TRAILERS",
   "VehicleTypes": []
  },
  {
   "Country": "UNITED STATES (USA)",
   "Mfr_CommonName": null,
   "Mfr_ID": 1963,
   "Mfr_Name": "AMAZE-N-TOW INC",
   "VehicleTypes": [
    {
     "IsPrimary": false,
     "Name": "Trailer"
    }
   ]
  },
  {
   "Country": "UNITED STATES (USA)",
   "Mfr_CommonName": null,
   "Mfr_ID": 1964,
   "Mfr_Name": "AMBASSADOR CONVERSIONS CORPORATION",
   "VehicleTypes": []
  },
  {
   "Country": "UNITED STATES (USA)",
   "Mfr_CommonName": null,
   "Mfr_ID": 1966,
   "Mfr_Name": "AMCAST AUTOMOTIVE",
   "VehicleTypes": []
  },
  {
   "Country": "UNITED STATES (USA)",
   "Mfr_CommonName": null,
   "Mfr_ID": 1967,
   "Mfr_Name": "AMEN CHASSIS WORKS",
   "VehicleTypes": []
  },
  {
   "Country": "UNITED STATES (USA)",
   "Mfr_CommonName": null,
   "Mfr_ID": 1968,
   "Mfr_Name": "AMERA TRAIL INC ",
   "VehicleTypes": [
    {
     "IsPrimary": false,
     "Name": "Trailer"
    }
   ]
  },
  {
   "Country": "UNITED STATES (USA)",
   "Mfr_CommonName": null,
   "Mfr_ID": 1969,
   "Mfr_Name": "AMERI-CAN ENGINEERING, INC.",
   "VehicleTypes": [
    {
     "IsPrimary": true,
     "Name": "Trailer"
    }
   ]
  },
  {
   "Country": "UNITED STATES (USA)",
   "Mfr_CommonName": null,
   "Mfr_ID": 1970,
   "Mfr_Name": "AMERI-CAMP",
   "VehicleTypes": []
  },
  {
   "Country": "UNITED STATES (USA)",
   "Mfr_CommonName": null,
   "Mfr_ID": 1971,
   "Mfr_Name": "AMERICA ELECTRIC POWER",
   "VehicleTypes": []
  },
  {
   "Country": "UNITED STATES (USA)",
   "Mfr_CommonName": null,
   "Mfr_ID": 1972,
   "Mfr_Name": "AMERICAN AIRPORT SUPPORT & FIRE RESCUE SYSTEMS INC",
   "VehicleTypes": []
  },
  {
   "Country": "UNITED STATES (USA)",
   "Mfr_CommonName": null,
   "Mfr_ID": 1973,
   "Mfr_Name": "AMERICAN AUGERS, INC.",
   "VehicleTypes": [
    {
     "IsPrimary": true,
     "Name": "Trailer"
    }
   ]
  },
  {
   "Country": "UNITED STATES (USA)",
   "Mfr_CommonName": null,
   "Mfr_ID": 1976,
   "Mfr_Name": "CAROLINA TRUCK & BODY COMPANY INC.",
   "VehicleTypes": [
    {
     "IsPrimary": true,
     "Name": "Truck "
    }
   ]
  },
  {
   "Country": "UNITED STATES (USA)",
   "Mfr_CommonName": null,
   "Mfr_ID": 1978,
   "Mfr_Name": "CARPENTER GROUP INC.",
   "VehicleTypes": []
  },
  {
   "Country": "UNITED STATES (USA)",
   "Mfr_CommonName": null,
   "Mfr_ID": 1979,
   "Mfr_Name": "CARPENTER MANUFACTURING, INC.",
   "VehicleTypes": [
    {
     "IsPrimary": false,
     "Name": "Bus"
    }
   ]
  },
  {
   "Country": "UNITED STATES (USA)",
   "Mfr_CommonName": null,
   "Mfr_ID": 1980,
   "Mfr_Name": "HAWKEYE MANUFACTURING OF SD, INC.",
   "VehicleTypes": []
  },
  {
   "Country": "UNITED STATES (USA)",
   "Mfr_CommonName": null,
   "Mfr_ID": 1982,
   "Mfr_Name": "HAWKEYE TRUCK EQUIPMENT CO., INC.",
   "VehicleTypes": [
    {
     "IsPrimary": false,
     "Name": "Truck "
    }
   ]
  },
  {
   "Country": "UNITED STATES (USA)",
   "Mfr_CommonName": null,
   "Mfr_ID": 1983,
   "Mfr_Name": "HAWKEYTRUCK EQUIPMENT",
   "VehicleTypes": []
  },
  {
   "Country": "UNITED STATES (USA)",
   "Mfr_CommonName": null,
   "Mfr_ID": 1984,
   "Mfr_Name": "HAYE LIVE STOCK SUPPLY",
   "VehicleTypes": []
  },
  {
   "Country": "GERMANY",
   "Mfr_CommonName": null,
   "Mfr_ID": 1985,
   "Mfr_Name": "HAYES LEMMERZ S. P. A.",
   "VehicleTypes": []
  },
  {
   "Country": "UNITED STATES (USA)",
   "Mfr_CommonName": null,
   "Mfr_ID": 1986,
   "Mfr_Name": "HEACOCK WELDING NORTH",
   "VehicleTypes": []
  },
  {
   "Country": "UNITED STATES (USA)",
   "Mfr_CommonName": null,
   "Mfr_ID": 1987,
   "Mfr_Name": "HEARTLAND HOMES",
   "VehicleTypes": []
  },
  {
   "Country": "UNITED STATES (USA)",
   "Mfr_CommonName": null,
   "Mfr_ID": 1988,
   "Mfr_Name": "HEARTLAND MOTORCYCLE, INC.",
   "VehicleTypes": []
  },
  {
   "Country": "UNITED STATES (USA)",
   "Mfr_CommonName": null,
   "Mfr_ID": 1991,
   "Mfr_Name": "ARISTOCRAT INDUSTRIES INC",
   "VehicleTypes": []
  },
  {
   "Country": "UNITED STATES (USA)",
   "Mfr_CommonName": null,
   "Mfr_ID": 1993,
   "Mfr_Name": "ARIZONA DEPT OF TRANSPORTATION",
   "VehicleTypes": [
    {
     "IsPrimary": true,
     "Name": "Truck "
    },
    {
     "IsPrimary": false,
     "Name": "Trailer"
    }
   ]
  },
  {
   "Country": "UNITED STATES (USA)",
   "Mfr_CommonName": null,
   "Mfr_ID": 1994,
   "Mfr_Name": "ARIZONA MACHINE & FABRICATION INC.",
   "VehicleTypes": []
  },
  {
   "Country": "UNITED STATES (USA)",
   "Mfr_CommonName": null,
   "Mfr_ID": 1995,
   "Mfr_Name": "ARIZONA TRUCK SERVICE & SALES",
   "VehicleTypes": []
  },
  {
   "Country": "UNITED STATES (USA)",
   "Mfr_CommonName": null,
   "Mfr_ID": 1996,
   "Mfr_Name": "ARIZONA'S TOWING PROFESSIONALS, INC",
   "VehicleTypes": []
  },
  {
   "Country": "UNITED STATES (USA)",
   "Mfr_CommonName": null,
   "Mfr_ID": 1998,
   "Mfr_Name": "ARKANSAS CONVERSION CENTER",
   "VehicleTypes": []
  }
 ]
}