{
 "Count": 87,
 "Message": "Response returned successfully",
 "SearchCriteria": null,
 "Results": [
  {
   "Country": "ESTONIA",
   "Mfr_CommonName": null,
   "Mfr_ID": 14876,
   "Mfr_Name": "Kart Performance Trailers Inc. ",
   "VehicleTypes": []
  },
  {
   "Country": "TAIWAN",
   "Mfr_CommonName": null,
   "Mfr_ID": 14877,
   "Mfr_Name": "Kyo Wa Racing Co., Ltd.",
   "VehicleTypes": []
  },
  {
   "Country": "CHINA",
   "Mfr_CommonName": null,
   "Mfr_ID": 14878,
   "Mfr_Name": "Lifeng Group Co., Ltd.",
   "VehicleTypes": []
  },
  {
   "Country": "SPAIN",
   "Mfr_CommonName": null,
   "Mfr_ID": 14879,
   "Mfr_Name": "Masats S.A.",
   "VehicleTypes": []
  },
  {
   "Country": "INDIA",
   "Mfr_CommonName": null,
   "Mfr_ID": 14880,
   "Mfr_Name": "Maxxis Rubber India Private Limited",
   "VehicleTypes": []
  },
  {
   "Country": "UNITED STATES (USA)",
   "Mfr_CommonName": "N/A",
   "Mfr_ID": 14881,
   "Mfr_Name": "ALPHA TRUCK SOLUTIONS, INC.",
   "VehicleTypes": [
    {
     "IsPrimary": false,
     "Name": "Truck "
    }
   ]
  },
  {
   "Country": "CANADA",
   "Mfr_CommonName": null,
   "Mfr_ID": 14882,
   "Mfr_Name": "N54Tuning",
   "VehicleTypes": []
  },
  {
   "Country": "CHINA",
   "Mfr_CommonName": null,
   "Mfr_ID": 14883,
   "Mfr_Name": "Ningbo Airfit Pneumatic & Hydraulic Co., Ltd.",
   "VehicleTypes": []
  },
  {
   "Country": "MEXICO",
   "Mfr_CommonName": null,
   "Mfr_ID": 14884,
   "Mfr_Name": "Old Pine Compania, S.A. de C.V.",
   "VehicleTypes": []
  },
  {
   "Country": "UNITED STATES (USA)",
   "Mfr_CommonName": null,
   "Mfr_ID": 14885,
   "Mfr_Name": "BG CYCLES",
   "VehicleTypes": [
    {
     "IsPrimary": false,
     "Name": "Motorcycle"
    },
    {
     "IsPrimary": true,
     "Name": "Incomplete Vehicle"
    }
   ]
  },
  {
   "Country": "TURKEY",
   "Mfr_CommonName": null,
   "Mfr_ID": 14886,
   "Mfr_Name": "Petlas Tyre Industry and Trade Company",
   "VehicleTypes": []
  },
  {
   "Country": "CHINA",
   "Mfr_CommonName": null,
   "Mfr_ID": 14887,
   "Mfr_Name": "PRINX CHENGSHAN (SHANDONG) TIRE COMPANY LTD.",
   "VehicleTypes": []
  },
  {
   "Country": "INDIA",
   "Mfr_CommonName": null,
   "Mfr_ID": 14888,
   "Mfr_Name": "PT. Maxxis International Indonesia",
   "VehicleTypes": []
  },
  {
   "Country": "CHINA",
   "Mfr_CommonName": null,
   "Mfr_ID": 14889,
   "Mfr_Name": "Qingdao Fudong Tyre co., Ltd.",
   "VehicleTypes": []
  },
  {
   "Country": "CHINA",
   "Mfr_CommonName": null,
   "Mfr_ID": 14890,
   "Mfr_Name": "Qingdao KST Technology Inc.",
   "VehicleTypes": []
  },
  {
   "Country": "CHINA",
   "Mfr_CommonName": null,
   "Mfr_ID": 14891,
   "Mfr_Name": "SICHUAN DUANHUI LIDA ELECTRONIC TECHNOLOGY CO., LTD.",
   "VehicleTypes": []
  },
  {
   "Country": "CANADA",
   "Mfr_CommonName": null,
   "Mfr_ID": 14892,
   "Mfr_Name": "Ricden Auto Import Inc.",
   "VehicleTypes": []
  },
  {
   "Country": "CHINA",
   "Mfr_CommonName": null,
   "Mfr_ID": 14893,
   "Mfr_Name": "RUI'AN GAODA VEHICLE PARTS CO., LTD",
   "VehicleTypes": []
  },
  {
   "Country": "ARGENTINA",
   "Mfr_CommonName": null,
   "Mfr_ID": 14894,
   "Mfr_Name": "Saint-Gobain Argentina S.A.",
   "VehicleTypes": []
  },
  {
   "Country": "POLAND",
   "Mfr_CommonName": null,
   "Mfr_ID": 14895,
   "Mfr_Name": "SAINT-GOBAIN INNOVATIVE MATERIALS POLSKA SP. Z.O.O.",
   "VehicleTypes": []
  },
  {
   "Country": "CHINA",
   "Mfr_CommonName": null,
   "Mfr_ID": 14896,
   "Mfr_Name": "SANRAY ELECTRONIC CORP., LTD.",
   "VehicleTypes": []
  },
  {
   "Country": "ITALY",
   "Mfr_CommonName": null,
   "Mfr_ID": 14897,
   "Mfr_Name": "SBH Extrusion S.R.L.",
   "VehicleTypes": []
  },
  {
   "Country": "MEXICO",
   "Mfr_CommonName": null,
   "Mfr_ID": 14898,
   "Mfr_Name": "Semiremolques el Paisano, S.A. de C.V.",
   "VehicleTypes": []
  },
  {
   "Country": "CHINA",
   "Mfr_CommonName": null,
   "Mfr_ID": 14899,
   "Mfr_Name": "Shandong PGW Jinjing Automotive Glass Co., Ltd.",
   "VehicleTypes": []
  },
  {
   "Country": "CHINA",
   "Mfr_CommonName": null,
   "Mfr_ID": 14900,
   "Mfr_Name": "Shanghai Meiji Auto Parts Co., Ltd. ",
   "VehicleTypes": []
  },
  {
   "Country": "VIETNAM",
   "Mfr_CommonName": null,
   "Mfr_ID": 14901,
   "Mfr_Name": "Shih Fa Rubber Industries (VN) Co., Ltd.",
   "VehicleTypes": []
  },
  {
   "Country": "SOUTH KOREA",
   "Mfr_CommonName": null,
   "Mfr_ID": 14902,
   "Mfr_Name": "Soltechnology Co., Ltd.",
   "VehicleTypes": []
  },
  {
   "Country": "CANADA",
   "Mfr_CommonName": null,
   "Mfr_ID": 14903,
   "Mfr_Name": "Soudure A.C.N.S. Inc.",
   "VehicleTypes": []
  },
  {
   "Country": "CHINA",
   "Mfr_CommonName": null,
   "Mfr_ID": 14904,
   "Mfr_Name": "Zhehiang Taizhou Wangye Power Factory",
   "VehicleTypes": []
  },
  {
   "Country": "CHINA",
   "Mfr_CommonName": null,
   "Mfr_ID": 14905,
   "Mfr_Name": "STRATEGIC SPORTS, LTD.",
   "VehicleTypes": []
  },
  {
   "Country": "CHINA",
   "Mfr_CommonName": null,
   "Mfr_ID": 14907,
   "Mfr_Name": "Taizhou Hezhan Auto Parts Co., Ltd.",
   "VehicleTypes": []
  },
  {
   "Country": "GERMANY",
   "Mfr_CommonName": null,
   "Mfr_ID": 14908,
   "Mfr_Name": "TI Automotive GmbH",
   "VehicleTypes": []
  },
  {
   "Country": "CHINA",
   "Mfr_CommonName": null,
   "Mfr_ID": 14909,
   "Mfr_Name": "Touchdown International Co., Ltd.",
   "VehicleTypes": []
  },
  {
   "Country": "UNITED STATES (USA)",
   "Mfr_CommonName": "DI MAGGIO TIRES MICHIGAN, INC",
   "Mfr_ID": 14910,
   "Mfr_Name": "DI MAGGIO TIRES-MICHIGAN INC.",
   "VehicleTypes": []
  },
  {
   "Country": "MEXICO",
   "Mfr_CommonName": null,
   "Mfr_ID": 14911,
   "Mfr_Name": "Trailers Concar De Mexico, S. de R.L. de C.V.",
   "VehicleTypes": []
  },
  {
   "Country": "MYANMAR (BURMA)",
   "Mfr_CommonName": null,
   "Mfr_ID": 14912,
   "Mfr_Name": "TRISTAR TYRE FACTORY",
   "VehicleTypes": []
  },
  {
   "Country": "TAIWAN",
   "Mfr_CommonName": null,
   "Mfr_ID": 14913,
   "Mfr_Name": "Curtis (Chih-Chung) Lin ",
   "VehicleTypes": []
  },
  {
   "Country": "SWEDEN",
   "Mfr_CommonName": "Volvo",
   "Mfr_ID": 14914,
   "Mfr_Name": "VOLVO CAR CORPORATION",
   "VehicleTypes": []
  },
  {
   "Country": "UNITED STATES (USA)",
   "Mfr_CommonName": null,
   "Mfr_ID": 14915,
   "Mfr_Name": "MAINTENANCE SERVICES, INC.",
   "VehicleTypes": [
    {
     "IsPrimary": false,
     "Name": "Trailer"
    }
   ]
  },
  {
   "Country": "UNITED STATES (USA)",
   "Mfr_CommonName": null,
   "Mfr_ID": 14916,
   "Mfr_Name": "Gateway Teardrops LLC",
   "VehicleTypes": [
    {
     "IsPrimary": false,
     "Name": "Trailer"
    }
   ]
  },
  {
   "Country": "UNITED STATES (USA)",
   "Mfr_CommonName": null,
   "Mfr_ID": 14917,
   "Mfr_Name": "COUNTRY BLACKSMITH LLC",
   "VehicleTypes": [
    {
     "IsPrimary": true,
     "Name": "Truck "
    },
    {
     "IsPrimary": false,
     "Name": "Trailer"
    }
   ]
  },
  {
   "Country": "UNITED STATES (USA)",
   "Mfr_CommonName": null,
   "Mfr_ID": 14918,
   "Mfr_Name": "CAROLINA CUSTOM GOLF CARTS",
   "VehicleTypes": [
    {
     "IsPrimary": false,
     "Name": "Low Speed Vehicle (LSV)"
    }
   ]
  },
  {
   "Country": "UNITED STATES (USA)",
   "Mfr_CommonName": "OUTER BANKS BEACH BUGGIES",
   "Mfr_ID": 14919,
   "Mfr_Name": "OUTER BANKS BEACH BUGGIES, LLC",
   "VehicleTypes": [
    {
     "IsPrimary": false,
     "Name": "Low Speed Vehicle (LSV)"
    }
   ]
  },
  {
   "Country": "UNITED STATES (USA)",
   "Mfr_CommonName": null,
   "Mfr_ID": 14920,
   "Mfr_Name": "US FLEET SERVICES CORP.",
   "VehicleTypes": [
    {
     "IsPrimary": false,
     "Name": "Passenger Car"
    },
    {
     "IsPrimary": false,
     "Name": "Bus"
    },
    {
     "IsPrimary": false,
     "Name": "Multipurpose Passenger Vehicle (MPV)"
    }
   ]
  },
  {
   "Country": "UNITED STATES (USA)",
   "Mfr_CommonName": null,
   "Mfr_ID": 14921,
   "Mfr_Name": "GARDEN STATE BUS GROUP LLC",
   "VehicleTypes": [
    {
     "IsPrimary": false,
     "Name": "Truck "
    },
    {
     "IsPrimary": false,
     "Name": "Bus"
    }
   ]
  },
  {
   "Country": "CHINA",
   "Mfr_CommonName": null,
   "Mfr_ID": 14922,
   "Mfr_Name": "WPI Global Ltd.",
   "VehicleTypes": []
  },
  {
   "Country": "CHINA",
   "Mfr_CommonName": "Xinyi Sichuan",
   "Mfr_ID": 14926,
   "Mfr_Name": "XINYI GLASS (SICHUAN) COMPANY LIMITED",
   "VehicleTypes": []
  },
  {
   "Country": "CHINA",
   "Mfr_CommonName": null,
   "Mfr_ID": 14928,
   "Mfr_Name": "Yizheng Yaopi Autoglass Co., Ltd",
   "VehicleTypes": []
  },
  {
   "Country": "UNITED STATES (USA)",
   "Mfr_CommonName": null,
   "Mfr_ID": 14934,
   "Mfr_Name": "COLUMBIA PARCAR CUSTOM CARTS, INC.",
   "VehicleTypes": [
    {
     "IsPrimary": false,
     "Name": "Low Speed Vehicle (LSV)"
    }
   ]
  },
  {
   "Country": "UNITED STATES (USA)",
   "Mfr_CommonName": null,
   "Mfr_ID": 14935,
   "Mfr_Name": "THORLEY INDUSTRIES LLC",
   "VehicleTypes": []
  },
  {
   "Country": "UNITED STATES (USA)",
   "Mfr_CommonName": null,
   "Mfr_ID": 14936,
   "Mfr_Name": "SATELLITE INDUSTRIES",
   "VehicleTypes": [
    {
     "IsPrimary": false,
     "Name": "Trailer"
    }
   ]
  },
  {
   "Country": "UNITED STATES (USA)",
   "Mfr_CommonName": "Rally Time",
   "Mfr_ID": 14937,
   "Mfr_Name": "MOHNEY FABRICATING & MANUFACTURING, LLC.",
   "VehicleTypes": [
    {
     "IsPrimary": true,
     "Name": "Trailer"
    }
   ]
  },
  {
   "Country": "UNITED STATES (USA)",
   "Mfr_CommonName": "N/A",
   "Mfr_ID": 14938,
   "Mfr_Name": "ELITE CUSTOM TRAILERS, LLC",
   "VehicleTypes": [
    {
     "IsPrimary": true,
     "Name": "Trailer"
    }
   ]
  },
  {
   "Country": "UNITED STATES (USA)",
   "Mfr_CommonName": null,
   "Mfr_ID": 14939,
   "Mfr_Name": "SUNFUN RENTALS",
   "VehicleTypes": [
    {
     "IsPrimary": false,
     "Name": "Low Speed Vehicle (LSV)"
    }
   ]
  },
  {
   "Country": "CHINA",
   "Mfr_CommonName": null,
   "Mfr_ID": 14940,
   "Mfr_Name": "Zhucheng Yiheshang Rubber Co., Ltd.",
   "VehicleTypes": []
  },
  {
   "Country": "UNITED STATES (USA)",
   "Mfr_CommonName": null,
   "Mfr_ID": 14941,
   "Mfr_Name": "Norwood Sales Inc.",
   "VehicleTypes": [
    {
     "IsPrimary": false,
     "Name": "Trailer"
    }
   ]
  },
  {
   "Country": "THAILAND",
   "Mfr_CommonName": null,
   "Mfr_ID": 14942,
   "Mfr_Name": "Zhong Ce Rubber (Thailand) Co., Ltd.",
   "VehicleTypes": []
  },
  {
   "Country": "CHINA",
   "Mfr_CommonName": null,
   "Mfr_ID": 14943,
   "Mfr_Name": "Zhejiang Zhongda Techinal Export Co. Ltd.",
   "VehicleTypes": []
  },
  {
   "Country": "UNITED STATES (USA)",
   "Mfr_CommonName": null,
   "Mfr_ID": 14944,
   "Mfr_Name": "INLAD TRUCK & VAN EQUIPMENT/U.S. UPFITTERS INC.",
   "VehicleTypes": [
    {
     "IsPrimary": true,
     "Name": "Truck "
    }
   ]
  },
  {
   "Country": "UNITED STATES (USA)",
   "Mfr_CommonName": "Green Alternative Systems",
   "Mfr_ID": 14945,
   "Mfr_Name": "CREATIVE BUS SALES INC. DBA GREEN ALTERNATIVE SYSTEMS",
   "VehicleTypes": [
    {
     "IsPrimary": false,
     "Name": "Truck "
    },
    {
     "IsPrimary": false,
     "Name": "Bus"
    },
    {
     "IsPrimary": false,
     "Name": "Multipurpose Passenger Vehicle (MPV)"
    }
   ]
  },
  {
   "Country": "UNITED STATES (USA)",
   "Mfr_CommonName": null,
   "Mfr_ID": 14946,
   "Mfr_Name": "JOHN EVANS MANUFACTURING CO.",
   "VehicleTypes": [
    {
     "IsPrimary": false,
     "Name": "Trailer"
    }
   ]
  },
  {
   "Country": "UNITED STATES (USA)",
   "Mfr_CommonName": "Ram Truck Equipment",
   "Mfr_ID": 14947,
   "Mfr_Name": "RAM AUTO SUPPLY, INV",
   "VehicleTypes": [
    {
     "IsPrimary": false,
     "Name": "Truck "
    },
    {
     "IsPrimary": false,
     "Name": "Trailer"
    },
    {
     "IsPrimary": true,
     "Name": "Incomplete Vehicle"
    }
   ]
  },
  {
   "Country": "UNITED STATES (USA)",
   "Mfr_CommonName": "Prevost ",
   "Mfr_ID": 14948,
   "Mfr_Name": "PARLIAMENT MOTOR COACH CORP",
   "VehicleTypes": [
    {
     "IsPrimary": false,
     "Name": "Bus"
    }
   ]
  },
  {
   "Country": "UNITED STATES (USA)",
   "Mfr_CommonName": null,
   "Mfr_ID": 14949,
   "Mfr_Name": "ERICKSON INCORPORATED",
   "VehicleTypes": [
    {
     "IsPrimary": false,
     "Name": "Truck "
    }
   ]
  },
  {
   "Country": "UNITED STATES (USA)",
   "Mfr_CommonName": "Tiny Heirloom",
   "Mfr_ID": 14950,
   "Mfr_Name": "HEIRLOOM INC.",
   "VehicleTypes": [
    {
     "IsPrimary": true,
     "Name": "Trailer"
    }
   ]
  },
  {
   "Country": "UNITED STATES (USA)",
   "Mfr_CommonName": "REVOLOGY",
   "Mfr_ID": 14951,
   "Mfr_Name": "REVOLOGY CARS, INC.",
   "VehicleTypes": [
    {
     "IsPrimary": true,
     "Name": "Passenger Car"
    },
    {
     "IsPrimary": false,
     "Name": "Incomplete Vehicle"
    }
   ]
  },
  {
   "Country": "UNITED STATES (USA)",
   "Mfr_CommonName": null,
   "Mfr_ID": 14952,
   "Mfr_Name": "OUTLAW FAB & CONSULTING LLC ",
   "VehicleTypes": [
    {
     "IsPrimary": false,
     "Name": "Trailer"
    }
   ]
  },
  {
   "Country": "UNITED STATES (USA)",
   "Mfr_CommonName": "Fair West Trailers ",
   "Mfr_ID": 14953,
   "Mfr_Name": "FWT-DW, LTD.",
   "VehicleTypes": [
    {
     "IsPrimary": true,
     "Name": "Trailer"
    }
   ]
  },
  {
   "Country": "UNITED STATES (USA)",
   "Mfr_CommonName": null,
   "Mfr_ID": 14954,
   "Mfr_Name": "LUEBKE ENTERPRISES, LLC",
   "VehicleTypes": []
  },
  {
   "Country": "SOUTH KOREA",
   "Mfr_CommonName": null,
   "Mfr_ID": 14955,
   "Mfr_Name": "DAECHANG MOTORS COMPANY LTD.",
   "VehicleTypes": [
    {
     "IsPrimary": true,
     "Name": "Low Speed Vehicle (LSV)"
    }
   ]
  },
  {
   "Country": "UNITED STATES (USA)",
   "Mfr_CommonName": null,
   "Mfr_ID": 14956,
   "Mfr_Name": "STRICK TRAILERS, LLC",
   "VehicleTypes": [
    {
     "IsPrimary": true,
     "Name": "Trailer"
    }
   ]
  },
  {
   "Country": "UNITED STATES (USA)",
   "Mfr_CommonName": null,
   "Mfr_ID": 14957,
   "Mfr_Name": "GOODRIDGE (USA) INC",
   "VehicleTypes": []
  },
  {
   "Country": "UNITED STATES (USA)",
   "Mfr_CommonName": null,
   "Mfr_ID": 14958,
   "Mfr_Name": "CAR REPLICA TRAILERS",
   "VehicleTypes": [
    {
     "IsPrimary": true,
     "Name": "Motorcycle"
    },
    {
     "IsPrimary": false,
     "Name": "Trailer"
    }
   ]
  },
  {
   "Country": "UNITED STATES (USA)",
   "Mfr_CommonName": null,
   "Mfr_ID": 14959,
   "Mfr_Name": "NYLONCRAFT, INC",
   "VehicleTypes": []
  },
  {
   "Country": "UNITED STATES (USA)",
   "Mfr_CommonName": null,
   "Mfr_ID": 14960,
   "Mfr_Name": "BORDER RECAPPING, LLC",
   "VehicleTypes": []
  },
  {
   "Country": "UNITED STATES (USA)",
   "Mfr_CommonName": "EAGLE TRAILERS",
   "Mfr_ID": 14961,
   "Mfr_Name": "EAGLE TRAILERS",
   "VehicleTypes": [
    {
     "IsPrimary": false,
     "Name": "Trailer"
    }
   ]
  },
  {
   "Country": "UNITED STATES (USA)",
   "Mfr_CommonName": "J-Craft",
   "Mfr_ID": 14962,
   "Mfr_Name": "J-CRAFT",
   "VehicleTypes": [
    {
     "IsPrimary": true,
     "Name": "Trailer"
    }
   ]
  },
  {
   "Country": "UNITED STATES (USA)",
   "Mfr_CommonName": null,
   "Mfr_ID": 14964,
   "Mfr_Name": "INDUSTRIAL SYSTEMS, INC.",
   "VehicleTypes": [
    {
     "IsPrimary": true,
     "Name": "Trailer"
    }
   ]
  },
  {
   "Country": "UNITED STATES (USA)",
   "Mfr_CommonName": "Crown Food Carts",
   "Mfr_ID": 14965,
   "Mfr_Name": "CROWN FOOD CARTS INCORPORATED",
   "VehicleTypes": [
    {
     "IsPrimary": false,
     "Name": "Trailer"
    }
   ]
  },
  {
   "Country": "CHINA",
   "Mfr_CommonName": null,
   "Mfr_ID": 14966,
   "Mfr_Name": "ZHEJIANG HANGTONG MACHINERY MANUFACTURING CO., LTD.",
   "VehicleTypes": []
  },
  {
   "Country": "UNITED STATES (USA)",
   "Mfr_CommonName": null,
   "Mfr_ID": 14967,
   "Mfr_Name": "PERFORMANCE CUSTOM TRAILERS, INC.",
   "VehicleTypes": [
    {
     "IsPrimary": true,
     "Name": "Trailer"
    }
   ]
  },
  {
   "Country": "UNITED STATES (USA)",
   "Mfr_CommonName": "Camp365",
   "Mfr_ID": 14968,
   "Mfr_Name": "AWOL OUTDOORS, INC. D/B/A CAMP365",
   "VehicleTypes": [
    {
     "IsPrimary": true,
     "Name": "Trailer"
    }
   ]
  },
  {
   "Country": "UNITED STATES (USA)",
   "Mfr_CommonName": null,
   "Mfr_ID": 14969,
   "Mfr_Name": "JAMES REEVES INC.",
   "VehicleTypes": [
    {
     "IsPrimary": false,
     "Name": "Truck "
    }
   ]
  },
  {
   "Country": "UNITED STATES (USA)",
   "Mfr_CommonName": "NESS Automotive",
   "Mfr_ID": 14970,
   "Mfr_Name": "NEW ENGLAND SELF-SERVE, INC.",
   "VehicleTypes": [
    {
     "IsPrimary": true,
     "Name": "Truck "
    },
    {
     "IsPrimary": false,
     "Name": "Trailer"
    },
    {
     "IsPrimary": false,
     "Name": "Incomplete Vehicle"
    }
   ]
  },
  {
   "Country": "BRAZIL",
   "Mfr_CommonName": "Harley-Davidson (Brasil)",
   "Mfr_ID": 14971,
   "Mfr_Name": "HARLEY-DAVIDSON DO BRASIL LTDA",
   "VehicleTypes": []
  },
  {
   "Country": "UNITED STATES (USA)",
   "Mfr_CommonName": null,
   "Mfr_ID": 14972,
   "Mfr_Name": "ROUTE 11 TRUCK & EQUIPMENT SALES AND SERVICE INC.",
   "VehicleTypes": [
    {
     "IsPrimary": false,
     "Name": "Incomplete Vehicle"
    }
   ]
  },
  {
   "Country": "UNITED STATES (USA)",
   "Mfr_CommonName": null,
   "Mfr_ID": 14973,
   "Mfr_Name": "RAYSIDE TRUCK & TRAILER",
   "VehicleTypes": [
    {
     "IsPrimary": false,
     "Name": "Truck "
    },
    {
     "IsPrimary": false,
     "Name": "Incomplete Vehicle"
    }
   ]
  }
 ]
}