{
 "Count": 98,
 "Message": "Response returned successfully",
 "SearchCriteria": null,
 "Results": [
  {
   "Country": "UNITED STATES (USA)",
   "Mfr_CommonName": null,
   "Mfr_ID": 16616,
   "Mfr_Name": "LDC INDUSTRIES, INC",
   "VehicleTypes": [
    {
     "IsPrimary": false,
     "Name": "Trailer"
    }
   ]
  },
  {
   "Country": "UNITED STATES (USA)",
   "Mfr_CommonName": null,
   "Mfr_ID": 16617,
   "Mfr_Name": "MID-AMERICA TRUCK EQUIPMENT, INC",
   "VehicleTypes": []
  },
  {
   "Country": "UNITED STATES (USA)",
   "Mfr_CommonName": null,
   "Mfr_ID": 16618,
   "Mfr_Name": "ADVANCED FABRICATORS INC",
   "VehicleTypes": []
  },
  {
   "Country": "UNITED STATES (USA)",
   "Mfr_CommonName": null,
   "Mfr_ID": 16619,
   "Mfr_Name": "J & T MERCHANDISE INC",
   "VehicleTypes": []
  },
  {
   "Country": "UNITED STATES (USA)",
   "Mfr_CommonName": null,
   "Mfr_ID": 16620,
   "Mfr_Name": "FREDERIKSEN ENTERPRISES INC",
   "VehicleTypes": []
  },
  {
   "Country": "UNITED STATES (USA)",
   "Mfr_CommonName": "Eurowood",
   "Mfr_ID": 16621,
   "Mfr_Name": "SUSTAINABLE ENGINEERED BUILDINGS, INC. ",
   "VehicleTypes": [
    {
     "IsPrimary": false,
     "Name": "Trailer"
    }
   ]
  },
  {
   "Country": "UNITED STATES (USA)",
   "Mfr_CommonName": null,
   "Mfr_ID": 16622,
   "Mfr_Name": "CHAOS FAB SHOP",
   "VehicleTypes": []
  },
  {
   "Country": "UNITED STATES (USA)",
   "Mfr_CommonName": null,
   "Mfr_ID": 16623,
   "Mfr_Name": "BRISTOL HOSE & FITTINGS, INC",
   "VehicleTypes": []
  },
  {
   "Country": "CHINA",
   "Mfr_CommonName": null,
   "Mfr_ID": 16624,
   "Mfr_Name": "Qingdao Doublestar Tire Industrial Co., Ltd",
   "VehicleTypes": []
  },
  {
   "Country": "CHINA",
   "Mfr_CommonName": null,
   "Mfr_ID": 16625,
   "Mfr_Name": "ZHUHAI WEINENG AUTOMOBILE PARTS CO., LTD.",
   "VehicleTypes": []
  },
  {
   "Country": "CHINA",
   "Mfr_CommonName": null,
   "Mfr_ID": 16626,
   "Mfr_Name": "Qingdao Ailite Rubber Co., Ltd.",
   "VehicleTypes": []
  },
  {
   "Country": "GERMANY",
   "Mfr_CommonName": null,
   "Mfr_ID": 16627,
   "Mfr_Name": "RONAL PRODUKTIONS GMBH & CO. KG",
   "VehicleTypes": []
  },
  {
   "Country": "SPAIN",
   "Mfr_CommonName": null,
   "Mfr_ID": 16628,
   "Mfr_Name": "RONAL IB\u00c9RICA S.A.U.",
   "VehicleTypes": []
  },
  {
   "Country": "ITALY",
   "Mfr_CommonName": null,
   "Mfr_ID": 16629,
   "Mfr_Name": "SPEEDLINE S.R.L.",
   "VehicleTypes": []
  },
  {
   "Country": "ITALY",
   "Mfr_CommonName": null,
   "Mfr_ID": 16630,
   "Mfr_Name": "APP-TECH SRL.",
   "VehicleTypes": []
  },
  {
   "Country": "UNITED STATES (USA)",
   "Mfr_CommonName": null,
   "Mfr_ID": 16631,
   "Mfr_Name": "STAR WAGGONS, INC",
   "VehicleTypes": [
    {
     "IsPrimary": false,
     "Name": "Trailer"
    }
   ]
  },
  {
   "Country": "MEXICO",
   "Mfr_CommonName": null,
   "Mfr_ID": 16632,
   "Mfr_Name": "RONAL SAN LUIS S.A. DE C.V.",
   "VehicleTypes": []
  },
  {
   "Country": "UNITED STATES (USA)",
   "Mfr_CommonName": null,
   "Mfr_ID": 16633,
   "Mfr_Name": "MARSHALL WELDING INC",
   "VehicleTypes": []
  },
  {
   "Country": "UNITED STATES (USA)",
   "Mfr_CommonName": null,
   "Mfr_ID": 16634,
   "Mfr_Name": "W. JOHN PRICE MANUFACTURING AND REPAIR",
   "VehicleTypes": [
    {
     "IsPrimary": false,
     "Name": "Trailer"
    }
   ]
  },
  {
   "Country": "UNITED STATES (USA)",
   "Mfr_CommonName": null,
   "Mfr_ID": 16635,
   "Mfr_Name": "OLYMPIC FIBERGLASS INDUSTRIES, INC ",
   "VehicleTypes": []
  },
  {
   "Country": "UNITED STATES (USA)",
   "Mfr_CommonName": null,
   "Mfr_ID": 16636,
   "Mfr_Name": "MHUNDLEY, INC. D/B/A SHAMROCK TUBE & HOSE",
   "VehicleTypes": []
  },
  {
   "Country": "UNITED STATES (USA)",
   "Mfr_CommonName": null,
   "Mfr_ID": 16637,
   "Mfr_Name": "TOBY'S MECHANICAL LLC",
   "VehicleTypes": [
    {
     "IsPrimary": true,
     "Name": "Trailer"
    }
   ]
  },
  {
   "Country": "CHINA",
   "Mfr_CommonName": null,
   "Mfr_ID": 16638,
   "Mfr_Name": "JIANGSU POMLEAD CO., LTD",
   "VehicleTypes": []
  },
  {
   "Country": "BRAZIL",
   "Mfr_CommonName": null,
   "Mfr_ID": 16639,
   "Mfr_Name": "RINALDI S/A IND\u00daSTRIA DE PNEUM\u00c1TICOS",
   "VehicleTypes": []
  },
  {
   "Country": "MEXICO",
   "Mfr_CommonName": null,
   "Mfr_ID": 16640,
   "Mfr_Name": "RONAL QUER\u00c9TARO S.A. DE C.V.",
   "VehicleTypes": []
  },
  {
   "Country": "GERMANY",
   "Mfr_CommonName": null,
   "Mfr_ID": 16641,
   "Mfr_Name": "BASF SE",
   "VehicleTypes": []
  },
  {
   "Country": "CHINA",
   "Mfr_CommonName": null,
   "Mfr_ID": 16642,
   "Mfr_Name": "CNLIGHT CO., LTD.",
   "VehicleTypes": []
  },
  {
   "Country": "INDIA",
   "Mfr_CommonName": null,
   "Mfr_ID": 16643,
   "Mfr_Name": "United Enterprises",
   "VehicleTypes": []
  },
  {
   "Country": "CHINA",
   "Mfr_CommonName": null,
   "Mfr_ID": 16644,
   "Mfr_Name": "Shandong Lufeng Special-Purpose Vehicle Co. Ltd.",
   "VehicleTypes": []
  },
  {
   "Country": "UNITED STATES (USA)",
   "Mfr_CommonName": null,
   "Mfr_ID": 16646,
   "Mfr_Name": "DICKSON INDUSTRIES INC",
   "VehicleTypes": []
  },
  {
   "Country": "UNITED STATES (USA)",
   "Mfr_CommonName": "USPC",
   "Mfr_ID": 16647,
   "Mfr_Name": "US PRECISION CONSTRUCTION, LLC",
   "VehicleTypes": [
    {
     "IsPrimary": true,
     "Name": "Trailer"
    }
   ]
  },
  {
   "Country": "UNITED STATES (USA)",
   "Mfr_CommonName": "c3 welding",
   "Mfr_ID": 16648,
   "Mfr_Name": "C3 WELDING & FABRICATION",
   "VehicleTypes": [
    {
     "IsPrimary": false,
     "Name": "Trailer"
    }
   ]
  },
  {
   "Country": "MEXICO",
   "Mfr_CommonName": null,
   "Mfr_ID": 16649,
   "Mfr_Name": "CONSTRUCCIONES INDUSTRIALES EL-AR, S.A. de C.V.",
   "VehicleTypes": []
  },
  {
   "Country": "UNITED STATES (USA)",
   "Mfr_CommonName": null,
   "Mfr_ID": 16650,
   "Mfr_Name": "AMERA TRAIL- ORLANDO FL",
   "VehicleTypes": []
  },
  {
   "Country": "UNITED STATES (USA)",
   "Mfr_CommonName": null,
   "Mfr_ID": 16651,
   "Mfr_Name": "DURALITE, INC",
   "VehicleTypes": []
  },
  {
   "Country": "UNITED STATES (USA)",
   "Mfr_CommonName": null,
   "Mfr_ID": 16652,
   "Mfr_Name": "AGRI-MART, INC",
   "VehicleTypes": []
  },
  {
   "Country": "CHINA",
   "Mfr_CommonName": null,
   "Mfr_ID": 16653,
   "Mfr_Name": "NANCHANG AIRCRAFT MFG. CO ( HONGDU MACHINERY PLANT)",
   "VehicleTypes": []
  },
  {
   "Country": "UNITED STATES (USA)",
   "Mfr_CommonName": null,
   "Mfr_ID": 16654,
   "Mfr_Name": "TEMPLES TRAILER SALES INC",
   "VehicleTypes": []
  },
  {
   "Country": "UNITED STATES (USA)",
   "Mfr_CommonName": "Tidetrailers",
   "Mfr_ID": 16655,
   "Mfr_Name": "OCS MARINE INC",
   "VehicleTypes": [
    {
     "IsPrimary": true,
     "Name": "Trailer"
    }
   ]
  },
  {
   "Country": "UNITED STATES (USA)",
   "Mfr_CommonName": "Humble Houses",
   "Mfr_ID": 16656,
   "Mfr_Name": "HUMBLE HOMES MANAGEMENT LLC",
   "VehicleTypes": [
    {
     "IsPrimary": true,
     "Name": "Trailer"
    }
   ]
  },
  {
   "Country": "UNITED STATES (USA)",
   "Mfr_CommonName": null,
   "Mfr_ID": 16657,
   "Mfr_Name": "DIAMOND H SALES ",
   "VehicleTypes": []
  },
  {
   "Country": "UNITED STATES (USA)",
   "Mfr_CommonName": null,
   "Mfr_ID": 16658,
   "Mfr_Name": "DANCO TRAILERS, INC",
   "VehicleTypes": [
    {
     "IsPrimary": false,
     "Name": "Trailer"
    }
   ]
  },
  {
   "Country": "UNITED STATES (USA)",
   "Mfr_CommonName": null,
   "Mfr_ID": 16659,
   "Mfr_Name": "SIVAD, INC",
   "VehicleTypes": []
  },
  {
   "Country": "UNITED STATES (USA)",
   "Mfr_CommonName": null,
   "Mfr_ID": 16660,
   "Mfr_Name": "HERCULES COACH & MFG. CO, INC ",
   "VehicleTypes": []
  },
  {
   "Country": "UNITED STATES (USA)",
   "Mfr_CommonName": null,
   "Mfr_ID": 16661,
   "Mfr_Name": "TNT JET TECH, INC",
   "VehicleTypes": []
  },
  {
   "Country": "UNITED STATES (USA)",
   "Mfr_CommonName": null,
   "Mfr_ID": 16662,
   "Mfr_Name": "PERFORMANCE FABRICATING",
   "VehicleTypes": []
  },
  {
   "Country": "UNITED STATES (USA)",
   "Mfr_CommonName": null,
   "Mfr_ID": 16663,
   "Mfr_Name": "TECHNICAL STRUCTURES, INC",
   "VehicleTypes": []
  },
  {
   "Country": "UNITED STATES (USA)",
   "Mfr_CommonName": null,
   "Mfr_ID": 16664,
   "Mfr_Name": "CARGOSEAT US LLC",
   "VehicleTypes": []
  },
  {
   "Country": "UNITED STATES (USA)",
   "Mfr_CommonName": "LCI",
   "Mfr_ID": 16665,
   "Mfr_Name": "LIPPERT COMPONENTS MANUFACTURING, INC",
   "VehicleTypes": [
    {
     "IsPrimary": true,
     "Name": "Trailer"
    }
   ]
  },
  {
   "Country": "UNITED STATES (USA)",
   "Mfr_CommonName": null,
   "Mfr_ID": 16666,
   "Mfr_Name": "TIMBERLINE ENTERPRISES ",
   "VehicleTypes": []
  },
  {
   "Country": "UNITED STATES (USA)",
   "Mfr_CommonName": null,
   "Mfr_ID": 16667,
   "Mfr_Name": "ATWOOD TRAILERS",
   "VehicleTypes": []
  },
  {
   "Country": "UNITED STATES (USA)",
   "Mfr_CommonName": null,
   "Mfr_ID": 16668,
   "Mfr_Name": "RENCO, INC",
   "VehicleTypes": []
  },
  {
   "Country": "UNITED STATES (USA)",
   "Mfr_CommonName": null,
   "Mfr_ID": 16669,
   "Mfr_Name": "DIAMOND B TRAILERWORKS",
   "VehicleTypes": []
  },
  {
   "Country": "UNITED STATES (USA)",
   "Mfr_CommonName": null,
   "Mfr_ID": 16670,
   "Mfr_Name": "A.P.E, INC",
   "VehicleTypes": []
  },
  {
   "Country": "UNITED STATES (USA)",
   "Mfr_CommonName": null,
   "Mfr_ID": 16671,
   "Mfr_Name": "B & S TRAILER SALES ",
   "VehicleTypes": []
  },
  {
   "Country": "UNITED STATES (USA)",
   "Mfr_CommonName": null,
   "Mfr_ID": 16672,
   "Mfr_Name": "HAWKINS WESTERN WORLD",
   "VehicleTypes": []
  },
  {
   "Country": "UNITED STATES (USA)",
   "Mfr_CommonName": null,
   "Mfr_ID": 16673,
   "Mfr_Name": "BROCK'S FIELD SERVICE FABRICATION ",
   "VehicleTypes": []
  },
  {
   "Country": "UNITED STATES (USA)",
   "Mfr_CommonName": null,
   "Mfr_ID": 16674,
   "Mfr_Name": "KNUTSON ENGINEERING LLC",
   "VehicleTypes": [
    {
     "IsPrimary": false,
     "Name": "Trailer"
    }
   ]
  },
  {
   "Country": "UNITED STATES (USA)",
   "Mfr_CommonName": "Millennium",
   "Mfr_ID": 16675,
   "Mfr_Name": "MILLENNIUM INDUSTRIES CORPORATION",
   "VehicleTypes": []
  },
  {
   "Country": "UNITED STATES (USA)",
   "Mfr_CommonName": null,
   "Mfr_ID": 16676,
   "Mfr_Name": "A PLUS MANUFACTURING & COLLISION REPAIR ",
   "VehicleTypes": []
  },
  {
   "Country": "UNITED STATES (USA)",
   "Mfr_CommonName": null,
   "Mfr_ID": 16677,
   "Mfr_Name": "FOX BETTER BUILT TRAILERS",
   "VehicleTypes": []
  },
  {
   "Country": "UNITED STATES (USA)",
   "Mfr_CommonName": null,
   "Mfr_ID": 16678,
   "Mfr_Name": "CROWD PLEASERS, INC",
   "VehicleTypes": []
  },
  {
   "Country": "UNITED STATES (USA)",
   "Mfr_CommonName": "LODAL",
   "Mfr_ID": 16679,
   "Mfr_Name": "LODAL LLC",
   "VehicleTypes": [
    {
     "IsPrimary": true,
     "Name": "Truck "
    }
   ]
  },
  {
   "Country": "UNITED STATES (USA)",
   "Mfr_CommonName": null,
   "Mfr_ID": 16680,
   "Mfr_Name": "TAYLOR TRAILERS (DIVISION OF DACODA TRAILERS, INC)",
   "VehicleTypes": []
  },
  {
   "Country": "UNITED STATES (USA)",
   "Mfr_CommonName": null,
   "Mfr_ID": 16681,
   "Mfr_Name": "MARSH INDUSTRIAL SERVICES, INC",
   "VehicleTypes": []
  },
  {
   "Country": "UNITED STATES (USA)",
   "Mfr_CommonName": null,
   "Mfr_ID": 16682,
   "Mfr_Name": "EL-SAN, INC",
   "VehicleTypes": []
  },
  {
   "Country": "UNITED STATES (USA)",
   "Mfr_CommonName": "Holland",
   "Mfr_ID": 16683,
   "Mfr_Name": "HOLLAND LP",
   "VehicleTypes": [
    {
     "IsPrimary": false,
     "Name": "Truck "
    },
    {
     "IsPrimary": true,
     "Name": "Trailer"
    }
   ]
  },
  {
   "Country": "UNITED STATES (USA)",
   "Mfr_CommonName": null,
   "Mfr_ID": 16684,
   "Mfr_Name": "PHOENIX CONVERSIONS, INC.",
   "VehicleTypes": [
    {
     "IsPrimary": true,
     "Name": "Truck "
    },
    {
     "IsPrimary": false,
     "Name": "Multipurpose Passenger Vehicle (MPV)"
    }
   ]
  },
  {
   "Country": "UNITED STATES (USA)",
   "Mfr_CommonName": null,
   "Mfr_ID": 16685,
   "Mfr_Name": "HARCO TRAILERS",
   "VehicleTypes": []
  },
  {
   "Country": "UNITED STATES (USA)",
   "Mfr_CommonName": null,
   "Mfr_ID": 16686,
   "Mfr_Name": "C.V. INC",
   "VehicleTypes": []
  },
  {
   "Country": "UNITED STATES (USA)",
   "Mfr_CommonName": null,
   "Mfr_ID": 16687,
   "Mfr_Name": "CJ CARGO INC",
   "VehicleTypes": []
  },
  {
   "Country": "UNITED STATES (USA)",
   "Mfr_CommonName": null,
   "Mfr_ID": 16688,
   "Mfr_Name": "OGAWA ENTERPRISE",
   "VehicleTypes": []
  },
  {
   "Country": "UNITED STATES (USA)",
   "Mfr_CommonName": "Overland Access ",
   "Mfr_ID": 16689,
   "Mfr_Name": "OVERLAND ACCESS LLC",
   "VehicleTypes": [
    {
     "IsPrimary": true,
     "Name": "Trailer"
    }
   ]
  },
  {
   "Country": "UNITED STATES (USA)",
   "Mfr_CommonName": null,
   "Mfr_ID": 16690,
   "Mfr_Name": "SWEITZER COMPANIES ",
   "VehicleTypes": []
  },
  {
   "Country": "UNITED STATES (USA)",
   "Mfr_CommonName": null,
   "Mfr_ID": 16691,
   "Mfr_Name": "EAST KENTUCKY TRAILERS MFG. CO",
   "VehicleTypes": []
  },
  {
   "Country": "UNITED STATES (USA)",
   "Mfr_CommonName": null,
   "Mfr_ID": 16692,
   "Mfr_Name": "FABRICATION & DESIGN INC",
   "VehicleTypes": []
  },
  {
   "Country": "UNITED STATES (USA)",
   "Mfr_CommonName": null,
   "Mfr_ID": 16693,
   "Mfr_Name": "DURANGO TRAILER MFG.",
   "VehicleTypes": []
  },
  {
   "Country": "UNITED STATES (USA)",
   "Mfr_CommonName": null,
   "Mfr_ID": 16694,
   "Mfr_Name": "TRI-DEN, INC",
   "VehicleTypes": []
  },
  {
   "Country": "UNITED STATES (USA)",
   "Mfr_CommonName": null,
   "Mfr_ID": 16695,
   "Mfr_Name": "FIBERGLASS PROTOTYPES DEVELOPMENT MANUFACTURING COMPANY",
   "VehicleTypes": []
  },
  {
   "Country": "UNITED STATES (USA)",
   "Mfr_CommonName": null,
   "Mfr_ID": 16696,
   "Mfr_Name": "JAMES EQUIPMENT COMPANY, INC",
   "VehicleTypes": []
  },
  {
   "Country": "UNITED STATES (USA)",
   "Mfr_CommonName": null,
   "Mfr_ID": 16697,
   "Mfr_Name": "PLAYBUOY PONTOON MFG. INC",
   "VehicleTypes": []
  },
  {
   "Country": "UNITED STATES (USA)",
   "Mfr_CommonName": null,
   "Mfr_ID": 16698,
   "Mfr_Name": "BORCO EQUIPMENT ",
   "VehicleTypes": []
  },
  {
   "Country": "UNITED STATES (USA)",
   "Mfr_CommonName": null,
   "Mfr_ID": 16699,
   "Mfr_Name": "AFTER-MARKET SPECIALTIES",
   "VehicleTypes": []
  },
  {
   "Country": "UNITED STATES (USA)",
   "Mfr_CommonName": null,
   "Mfr_ID": 16700,
   "Mfr_Name": "CROMWELL BUILDERS MANUFACTURING INC",
   "VehicleTypes": []
  },
  {
   "Country": "UNITED STATES (USA)",
   "Mfr_CommonName": null,
   "Mfr_ID": 16701,
   "Mfr_Name": "M AND S AUTO SALES INC",
   "VehicleTypes": [
    {
     "IsPrimary": false,
     "Name": "Trailer"
    }
   ]
  },
  {
   "Country": "UNITED STATES (USA)",
   "Mfr_CommonName": null,
   "Mfr_ID": 16702,
   "Mfr_Name": "SUGGS MANUFACTURING COMPANY ",
   "VehicleTypes": [
    {
     "IsPrimary": false,
     "Name": "Trailer"
    }
   ]
  },
  {
   "Country": "UNITED STATES (USA)",
   "Mfr_CommonName": null,
   "Mfr_ID": 16703,
   "Mfr_Name": "B B's TRAILERS",
   "VehicleTypes": []
  },
  {
   "Country": "UNITED STATES (USA)",
   "Mfr_CommonName": null,
   "Mfr_ID": 16704,
   "Mfr_Name": "FARMERS & CONTRACTORS SUPPLY CO. ",
   "VehicleTypes": []
  },
  {
   "Country": "UNITED STATES (USA)",
   "Mfr_CommonName": null,
   "Mfr_ID": 16705,
   "Mfr_Name": "SERVICES & MATERIALS COMPANY ",
   "VehicleTypes": []
  },
  {
   "Country": "UNITED STATES (USA)",
   "Mfr_CommonName": null,
   "Mfr_ID": 16706,
   "Mfr_Name": "BULLY BRAND TRAILERS",
   "VehicleTypes": [
    {
     "IsPrimary": true,
     "Name": "Trailer"
    }
   ]
  },
  {
   "Country": "UNITED STATES (USA)",
   "Mfr_CommonName": null,
   "Mfr_ID": 16707,
   "Mfr_Name": "MICHAEL MANUFACTURING AND REPAIR ",
   "VehicleTypes": []
  },
  {
   "Country": "UNITED STATES (USA)",
   "Mfr_CommonName": null,
   "Mfr_ID": 16708,
   "Mfr_Name": "VRC INDUSTRIES ",
   "VehicleTypes": []
  },
  {
   "Country": "UNITED STATES (USA)",
   "Mfr_CommonName": null,
   "Mfr_ID": 16709,
   "Mfr_Name": "POTTER & SON TRAILER FABRICATING INC",
   "VehicleTypes": []
  },
  {
   "Country": "UNITED STATES (USA)",
   "Mfr_CommonName": null,
   "Mfr_ID": 16710,
   "Mfr_Name": "T & R RACING AND FABRICATION ",
   "VehicleTypes": []
  },
  {
   "Country": "UNITED STATES (USA)",
   "Mfr_CommonName": null,
   "Mfr_ID": 16711,
   "Mfr_Name": "VALLEY MANUFACTURING, INC",
   "VehicleTypes": []
  },
  {
   "Country": "UNITED STATES (USA)",
   "Mfr_CommonName": null,
   "Mfr_ID": 16712,
   "Mfr_Name": "DISCOVERY CARGO TRAILERS INC.",
   "VehicleTypes": [
    {
     "IsPrimary": false,
     "Name": "Trailer"
    }
   ]
  },
  {
   "Country": "UNITED STATES (USA)",
   "Mfr_CommonName": null,
   "Mfr_ID": 16713,
   "Mfr_Name": "BESSER APPCO",
   "VehicleTypes": []
  },
  {
   "Country": "UNITED STATES (USA)",
   "Mfr_CommonName": null,
   "Mfr_ID": 16714,
   "Mfr_Name": "ADVANCED CONTAINMENT SYSTEMS, INC",
   "VehicleTypes": []
  }
 ]
}