{
 "Count": 77,
 "Message": "Response returned successfully",
 "SearchCriteria": null,
 "Results": [
  {
   "Country": "UNITED STATES (USA)",
   "Mfr_CommonName": null,
   "Mfr_ID": 20042,
   "Mfr_Name": "LONE STAR BODY SYSTEMS, LLC",
   "VehicleTypes": [
    {
     "IsPrimary": true,
     "Name": "Trailer"
    }
   ]
  },
  {
   "Country": "UNITED STATES (USA)",
   "Mfr_CommonName": "Ninjavan",
   "Mfr_ID": 20043,
   "Mfr_Name": "NINJAVAN LLC",
   "VehicleTypes": [
    {
     "IsPrimary": true,
     "Name": "Multipurpose Passenger Vehicle (MPV)"
    }
   ]
  },
  {
   "Country": "UNITED STATES (USA)",
   "Mfr_CommonName": null,
   "Mfr_ID": 20044,
   "Mfr_Name": "PIRTEK - FOSTER",
   "VehicleTypes": []
  },
  {
   "Country": "UNITED STATES (USA)",
   "Mfr_CommonName": null,
   "Mfr_ID": 20045,
   "Mfr_Name": "MCU MANUFACTURING LLC",
   "VehicleTypes": [
    {
     "IsPrimary": false,
     "Name": "Trailer"
    }
   ]
  },
  {
   "Country": "UNITED STATES (USA)",
   "Mfr_CommonName": null,
   "Mfr_ID": 20046,
   "Mfr_Name": "NEWARK FOOD TRUCKS MANUFACTURE",
   "VehicleTypes": [
    {
     "IsPrimary": true,
     "Name": "Trailer"
    }
   ]
  },
  {
   "Country": "UNITED STATES (USA)",
   "Mfr_CommonName": null,
   "Mfr_ID": 20047,
   "Mfr_Name": "G3 FABRICATION LLC",
   "VehicleTypes": [
    {
     "IsPrimary": true,
     "Name": "Trailer"
    }
   ]
  },
  {
   "Country": "UNITED STATES (USA)",
   "Mfr_CommonName": null,
   "Mfr_ID": 20048,
   "Mfr_Name": "BLAZIER OFF-ROAD LLC DBA YOTOMAFIA",
   "VehicleTypes": []
  },
  {
   "Country": "UNITED STATES (USA)",
   "Mfr_CommonName": null,
   "Mfr_ID": 20049,
   "Mfr_Name": "HORST WELDING & FABRICATING LLC",
   "VehicleTypes": [
    {
     "IsPrimary": true,
     "Name": "Incomplete Vehicle"
    }
   ]
  },
  {
   "Country": "UNITED STATES (USA)",
   "Mfr_CommonName": "Dorel or DJG",
   "Mfr_ID": 20050,
   "Mfr_Name": "DOREL JUVENILE GROUP, INC.",
   "VehicleTypes": []
  },
  {
   "Country": "UNITED STATES (USA)",
   "Mfr_CommonName": "KraftySolutions",
   "Mfr_ID": 20051,
   "Mfr_Name": "KRAFTYSOLUTIONS LLC",
   "VehicleTypes": []
  },
  {
   "Country": "UNITED STATES (USA)",
   "Mfr_CommonName": "Wydot",
   "Mfr_ID": 20052,
   "Mfr_Name": "WYOMING DEPARTMENT OF TRANSPORTATION",
   "VehicleTypes": []
  },
  {
   "Country": "UNITED STATES (USA)",
   "Mfr_CommonName": null,
   "Mfr_ID": 20053,
   "Mfr_Name": "MAUSLEIN WELDING",
   "VehicleTypes": [
    {
     "IsPrimary": true,
     "Name": "Trailer"
    }
   ]
  },
  {
   "Country": "UNITED STATES (USA)",
   "Mfr_CommonName": null,
   "Mfr_ID": 20054,
   "Mfr_Name": "BEARCOM",
   "VehicleTypes": [
    {
     "IsPrimary": false,
     "Name": "Motorcycle"
    },
    {
     "IsPrimary": false,
     "Name": "Passenger Car"
    },
    {
     "IsPrimary": false,
     "Name": "Truck "
    },
    {
     "IsPrimary": false,
     "Name": "Trailer"
    },
    {
     "IsPrimary": false,
     "Name": "Off Road Vehicle"
    }
   ]
  },
  {
   "Country": "UNITED STATES (USA)",
   "Mfr_CommonName": null,
   "Mfr_ID": 20055,
   "Mfr_Name": "TUBING & METRIC HYDRAULICS INC. DBA TM HYDRAULICS INC.",
   "VehicleTypes": []
  },
  {
   "Country": "UNITED STATES (USA)",
   "Mfr_CommonName": null,
   "Mfr_ID": 20056,
   "Mfr_Name": "DYNAMIC CARTS CORPORATION",
   "VehicleTypes": [
    {
     "IsPrimary": true,
     "Name": "Low Speed Vehicle (LSV)"
    }
   ]
  },
  {
   "Country": "UNITED STATES (USA)",
   "Mfr_CommonName": "Container Moving Solutions",
   "Mfr_ID": 20057,
   "Mfr_Name": "CONTAINER MOVING SOLUTIONS LLC.",
   "VehicleTypes": [
    {
     "IsPrimary": true,
     "Name": "Trailer"
    }
   ]
  },
  {
   "Country": "UNITED STATES (USA)",
   "Mfr_CommonName": "Tiny House",
   "Mfr_ID": 20058,
   "Mfr_Name": "JOHNSTON CONTRACTING SERVICES INC.",
   "VehicleTypes": [
    {
     "IsPrimary": true,
     "Name": "Trailer"
    }
   ]
  },
  {
   "Country": "UNITED STATES (USA)",
   "Mfr_CommonName": "ROUGHCUT TINYHOMES",
   "Mfr_ID": 20059,
   "Mfr_Name": "ROUGHCUT TINYHOMES",
   "VehicleTypes": [
    {
     "IsPrimary": true,
     "Name": "Trailer"
    }
   ]
  },
  {
   "Country": "AUSTRALIA",
   "Mfr_CommonName": "Fineline Fabrications",
   "Mfr_ID": 20060,
   "Mfr_Name": "FINELINE FABRICATIONS PTY LTD",
   "VehicleTypes": [
    {
     "IsPrimary": true,
     "Name": "Trailer"
    }
   ]
  },
  {
   "Country": "SPAIN",
   "Mfr_CommonName": "OMNIGLASS",
   "Mfr_ID": 20061,
   "Mfr_Name": "OMNIGLASS S.A.",
   "VehicleTypes": []
  },
  {
   "Country": "INDONESIA",
   "Mfr_CommonName": null,
   "Mfr_ID": 20062,
   "Mfr_Name": "PT. CHEMCO HARAPAN NUSANTARA",
   "VehicleTypes": []
  },
  {
   "Country": "EGYPT",
   "Mfr_CommonName": "PYRAMIDS TIRES",
   "Mfr_ID": 20063,
   "Mfr_Name": "PYRAMIDS FOR TIRES MANUFACTURE S.A.E.",
   "VehicleTypes": []
  },
  {
   "Country": "MEXICO",
   "Mfr_CommonName": null,
   "Mfr_ID": 20064,
   "Mfr_Name": "REMOLSA REMOLQUES SALDUA",
   "VehicleTypes": [
    {
     "IsPrimary": false,
     "Name": "Trailer"
    }
   ]
  },
  {
   "Country": "CANADA",
   "Mfr_CommonName": null,
   "Mfr_ID": 20065,
   "Mfr_Name": "REMORQUES APOGEE INC.",
   "VehicleTypes": [
    {
     "IsPrimary": true,
     "Name": "Trailer"
    }
   ]
  },
  {
   "Country": "AUSTRALIA",
   "Mfr_CommonName": "SLOANEBUILT TRAILERS",
   "Mfr_ID": 20066,
   "Mfr_Name": "SLOANEBUILT TRAILERS PTY LTD",
   "VehicleTypes": [
    {
     "IsPrimary": false,
     "Name": "Trailer"
    }
   ]
  },
  {
   "Country": "CHINA",
   "Mfr_CommonName": null,
   "Mfr_ID": 20067,
   "Mfr_Name": "TAIZHOU HUANGYAN GUANGHUAN INDUSTRY & TRADE CO.,LTD",
   "VehicleTypes": []
  },
  {
   "Country": "GERMANY",
   "Mfr_CommonName": "ZECK",
   "Mfr_ID": 20068,
   "Mfr_Name": "ZECK GMBH",
   "VehicleTypes": [
    {
     "IsPrimary": true,
     "Name": "Trailer"
    }
   ]
  },
  {
   "Country": "BRAZIL",
   "Mfr_CommonName": "VIMINAS",
   "Mfr_ID": 20069,
   "Mfr_Name": "VIMINAS VIDROS ESPECIAIS LTDA",
   "VehicleTypes": []
  },
  {
   "Country": "BOSNIA AND  HERZEGOVINA",
   "Mfr_CommonName": "Wilderwise BH",
   "Mfr_ID": 20070,
   "Mfr_Name": "WILDERWISE BH D.O.O. TUZLA",
   "VehicleTypes": [
    {
     "IsPrimary": true,
     "Name": "Trailer"
    }
   ]
  },
  {
   "Country": "UNITED STATES (USA)",
   "Mfr_CommonName": null,
   "Mfr_ID": 20071,
   "Mfr_Name": "TORTOISE SHELL HOME",
   "VehicleTypes": [
    {
     "IsPrimary": true,
     "Name": "Trailer"
    }
   ]
  },
  {
   "Country": "UNITED STATES (USA)",
   "Mfr_CommonName": "Tycon Solar",
   "Mfr_ID": 20072,
   "Mfr_Name": "TYCON SYSTEMS INC.",
   "VehicleTypes": [
    {
     "IsPrimary": false,
     "Name": "Trailer"
    }
   ]
  },
  {
   "Country": "UNITED STATES (USA)",
   "Mfr_CommonName": "READYFAB",
   "Mfr_ID": 20073,
   "Mfr_Name": "READYFAB LLC",
   "VehicleTypes": [
    {
     "IsPrimary": true,
     "Name": "Trailer"
    }
   ]
  },
  {
   "Country": "UNITED STATES (USA)",
   "Mfr_CommonName": "cmw",
   "Mfr_ID": 20074,
   "Mfr_Name": "CUSTOM METAL WORKS, LLC",
   "VehicleTypes": [
    {
     "IsPrimary": false,
     "Name": "Trailer"
    }
   ]
  },
  {
   "Country": "UNITED STATES (USA)",
   "Mfr_CommonName": null,
   "Mfr_ID": 20075,
   "Mfr_Name": "TRAILER REPAIRS OF NW FLORIDA LLC",
   "VehicleTypes": [
    {
     "IsPrimary": true,
     "Name": "Trailer"
    }
   ]
  },
  {
   "Country": "UNITED STATES (USA)",
   "Mfr_CommonName": null,
   "Mfr_ID": 20076,
   "Mfr_Name": "NOMAD OFF ROAD",
   "VehicleTypes": [
    {
     "IsPrimary": true,
     "Name": "Trailer"
    }
   ]
  },
  {
   "Country": "UNITED STATES (USA)",
   "Mfr_CommonName": null,
   "Mfr_ID": 20077,
   "Mfr_Name": "TRAILER SPECIALISTS OF KNOXVILLE, LLC",
   "VehicleTypes": [
    {
     "IsPrimary": true,
     "Name": "Trailer"
    }
   ]
  },
  {
   "Country": "UNITED STATES (USA)",
   "Mfr_CommonName": null,
   "Mfr_ID": 20078,
   "Mfr_Name": "TRAVOIS",
   "VehicleTypes": [
    {
     "IsPrimary": false,
     "Name": "Passenger Car"
    },
    {
     "IsPrimary": false,
     "Name": "Bus"
    },
    {
     "IsPrimary": true,
     "Name": "Multipurpose Passenger Vehicle (MPV)"
    }
   ]
  },
  {
   "Country": "UNITED STATES (USA)",
   "Mfr_CommonName": "GREAT WEST TRAILER & TRUCK",
   "Mfr_ID": 20079,
   "Mfr_Name": "GREAT WEST TRAILER AND TRUCK, INC.",
   "VehicleTypes": [
    {
     "IsPrimary": true,
     "Name": "Truck "
    },
    {
     "IsPrimary": false,
     "Name": "Trailer"
    },
    {
     "IsPrimary": false,
     "Name": "Incomplete Vehicle"
    }
   ]
  },
  {
   "Country": "UNITED STATES (USA)",
   "Mfr_CommonName": "Tyee Boats",
   "Mfr_ID": 20080,
   "Mfr_Name": "TYEE BOATS & FABRICATION",
   "VehicleTypes": [
    {
     "IsPrimary": true,
     "Name": "Trailer"
    }
   ]
  },
  {
   "Country": "UNITED STATES (USA)",
   "Mfr_CommonName": "JBA TEX TRAILERS LLC",
   "Mfr_ID": 20081,
   "Mfr_Name": "JBA TEX TRAILERS LLC",
   "VehicleTypes": [
    {
     "IsPrimary": false,
     "Name": "Trailer"
    }
   ]
  },
  {
   "Country": "UNITED STATES (USA)",
   "Mfr_CommonName": null,
   "Mfr_ID": 20082,
   "Mfr_Name": "BULLDOG MANUFACTURING LLC",
   "VehicleTypes": [
    {
     "IsPrimary": true,
     "Name": "Trailer"
    }
   ]
  },
  {
   "Country": "UNITED STATES (USA)",
   "Mfr_CommonName": null,
   "Mfr_ID": 20083,
   "Mfr_Name": "WELL MADE MANUFACTURING, LLC",
   "VehicleTypes": [
    {
     "IsPrimary": true,
     "Name": "Truck "
    }
   ]
  },
  {
   "Country": "UNITED STATES (USA)",
   "Mfr_CommonName": null,
   "Mfr_ID": 20084,
   "Mfr_Name": "MEDIC BUILT, LLC",
   "VehicleTypes": [
    {
     "IsPrimary": true,
     "Name": "Incomplete Vehicle"
    }
   ]
  },
  {
   "Country": "UNITED STATES (USA)",
   "Mfr_CommonName": null,
   "Mfr_ID": 20085,
   "Mfr_Name": "LONG BOARD TRAILERS LLC",
   "VehicleTypes": [
    {
     "IsPrimary": true,
     "Name": "Trailer"
    }
   ]
  },
  {
   "Country": "UNITED STATES (USA)",
   "Mfr_CommonName": "YEarthSelf",
   "Mfr_ID": 20086,
   "Mfr_Name": "YEARTHSELF LLC",
   "VehicleTypes": [
    {
     "IsPrimary": false,
     "Name": "Bus"
    },
    {
     "IsPrimary": true,
     "Name": "Trailer"
    }
   ]
  },
  {
   "Country": "UNITED STATES (USA)",
   "Mfr_CommonName": null,
   "Mfr_ID": 20087,
   "Mfr_Name": "NULL'S SALES AND SERVICE LLC",
   "VehicleTypes": [
    {
     "IsPrimary": false,
     "Name": "Truck "
    }
   ]
  },
  {
   "Country": "UNITED STATES (USA)",
   "Mfr_CommonName": null,
   "Mfr_ID": 20088,
   "Mfr_Name": "AFA CORPORATION",
   "VehicleTypes": [
    {
     "IsPrimary": true,
     "Name": "Trailer"
    }
   ]
  },
  {
   "Country": "UNITED STATES (USA)",
   "Mfr_CommonName": "Fabrineering",
   "Mfr_ID": 20089,
   "Mfr_Name": "FABRINEERING LLC",
   "VehicleTypes": [
    {
     "IsPrimary": true,
     "Name": "Trailer"
    }
   ]
  },
  {
   "Country": "UNITED STATES (USA)",
   "Mfr_CommonName": null,
   "Mfr_ID": 20090,
   "Mfr_Name": "PAYLOAD ENTERPRISES",
   "VehicleTypes": [
    {
     "IsPrimary": true,
     "Name": "Trailer"
    }
   ]
  },
  {
   "Country": "UNITED STATES (USA)",
   "Mfr_CommonName": "Retro Ride Teardrops",
   "Mfr_ID": 20091,
   "Mfr_Name": "RETRO RIDE LLC",
   "VehicleTypes": [
    {
     "IsPrimary": false,
     "Name": "Trailer"
    }
   ]
  },
  {
   "Country": "UNITED STATES (USA)",
   "Mfr_CommonName": null,
   "Mfr_ID": 20092,
   "Mfr_Name": "MAVRON, INC.",
   "VehicleTypes": [
    {
     "IsPrimary": false,
     "Name": "Truck "
    }
   ]
  },
  {
   "Country": "UNITED STATES (USA)",
   "Mfr_CommonName": null,
   "Mfr_ID": 20093,
   "Mfr_Name": "DC TRAILER, INC",
   "VehicleTypes": [
    {
     "IsPrimary": false,
     "Name": "Trailer"
    }
   ]
  },
  {
   "Country": "UNITED STATES (USA)",
   "Mfr_CommonName": null,
   "Mfr_ID": 20094,
   "Mfr_Name": "FLUX HORIZON MANUFACTURING LLC",
   "VehicleTypes": [
    {
     "IsPrimary": true,
     "Name": "Trailer"
    }
   ]
  },
  {
   "Country": "UNITED STATES (USA)",
   "Mfr_CommonName": "Dyme",
   "Mfr_ID": 20095,
   "Mfr_Name": "DYME PERFORMANCE SYSTEMS INC.",
   "VehicleTypes": []
  },
  {
   "Country": "UNITED STATES (USA)",
   "Mfr_CommonName": null,
   "Mfr_ID": 20096,
   "Mfr_Name": "MASTER'S SPECIALTY VEHICLES, LLC",
   "VehicleTypes": [
    {
     "IsPrimary": false,
     "Name": "Multipurpose Passenger Vehicle (MPV)"
    }
   ]
  },
  {
   "Country": "UNITED STATES (USA)",
   "Mfr_CommonName": "Polymershapes",
   "Mfr_ID": 20097,
   "Mfr_Name": "POLYMERSHAPES LLC",
   "VehicleTypes": []
  },
  {
   "Country": "UNITED STATES (USA)",
   "Mfr_CommonName": null,
   "Mfr_ID": 20098,
   "Mfr_Name": "BUCKSHOT MFG, LLC",
   "VehicleTypes": [
    {
     "IsPrimary": false,
     "Name": "Trailer"
    }
   ]
  },
  {
   "Country": "UNITED STATES (USA)",
   "Mfr_CommonName": null,
   "Mfr_ID": 20099,
   "Mfr_Name": "DYNAMIC CUSTOMS & TRUCK EQUIPMENT",
   "VehicleTypes": [
    {
     "IsPrimary": false,
     "Name": "Truck "
    }
   ]
  },
  {
   "Country": "UNITED STATES (USA)",
   "Mfr_CommonName": "United Radio",
   "Mfr_ID": 20100,
   "Mfr_Name": "UNITED RADIO",
   "VehicleTypes": [
    {
     "IsPrimary": false,
     "Name": "Multipurpose Passenger Vehicle (MPV)"
    }
   ]
  },
  {
   "Country": "UNITED STATES (USA)",
   "Mfr_CommonName": "Bostick Truck",
   "Mfr_ID": 20101,
   "Mfr_Name": "BOSTICK TRUCK CENTER LLC.",
   "VehicleTypes": [
    {
     "IsPrimary": true,
     "Name": "Truck "
    },
    {
     "IsPrimary": false,
     "Name": "Incomplete Vehicle"
    }
   ]
  },
  {
   "Country": "UNITED STATES (USA)",
   "Mfr_CommonName": null,
   "Mfr_ID": 20102,
   "Mfr_Name": "A1 FOOD TRUCK DEPOT LLC",
   "VehicleTypes": [
    {
     "IsPrimary": true,
     "Name": "Trailer"
    }
   ]
  },
  {
   "Country": "UNITED STATES (USA)",
   "Mfr_CommonName": null,
   "Mfr_ID": 20103,
   "Mfr_Name": "WATSON AND SON AUTOMOTIVES",
   "VehicleTypes": [
    {
     "IsPrimary": true,
     "Name": "Trailer"
    }
   ]
  },
  {
   "Country": "UNITED STATES (USA)",
   "Mfr_CommonName": null,
   "Mfr_ID": 20104,
   "Mfr_Name": "V.E.M. LLC",
   "VehicleTypes": [
    {
     "IsPrimary": false,
     "Name": "Trailer"
    }
   ]
  },
  {
   "Country": "UNITED STATES (USA)",
   "Mfr_CommonName": null,
   "Mfr_ID": 20105,
   "Mfr_Name": "D MASTER TRAILER REPAIR LLC",
   "VehicleTypes": [
    {
     "IsPrimary": true,
     "Name": "Trailer"
    }
   ]
  },
  {
   "Country": "UNITED STATES (USA)",
   "Mfr_CommonName": null,
   "Mfr_ID": 20106,
   "Mfr_Name": "CUSTOM TRUCK BODY & EQUIPMENT, INC.",
   "VehicleTypes": [
    {
     "IsPrimary": false,
     "Name": "Trailer"
    }
   ]
  },
  {
   "Country": "UNITED STATES (USA)",
   "Mfr_CommonName": "Cynergy Cargo 2",
   "Mfr_ID": 20107,
   "Mfr_Name": "CYNERGY CARGO2 LLC",
   "VehicleTypes": [
    {
     "IsPrimary": true,
     "Name": "Trailer"
    }
   ]
  },
  {
   "Country": "UNITED STATES (USA)",
   "Mfr_CommonName": "Trailers4Two",
   "Mfr_ID": 20108,
   "Mfr_Name": "TRAILERS4TWO LLC",
   "VehicleTypes": [
    {
     "IsPrimary": false,
     "Name": "Trailer"
    }
   ]
  },
  {
   "Country": "UNITED STATES (USA)",
   "Mfr_CommonName": "ALL SEASON VANS",
   "Mfr_ID": 20109,
   "Mfr_Name": "ALL SEASON VANS LLC",
   "VehicleTypes": [
    {
     "IsPrimary": true,
     "Name": "Multipurpose Passenger Vehicle (MPV)"
    }
   ]
  },
  {
   "Country": "UNITED STATES (USA)",
   "Mfr_CommonName": "SouthTrail",
   "Mfr_ID": 20110,
   "Mfr_Name": "SOUTHTRAIL FABRICATIONS LLC",
   "VehicleTypes": [
    {
     "IsPrimary": false,
     "Name": "Trailer"
    }
   ]
  },
  {
   "Country": "UNITED STATES (USA)",
   "Mfr_CommonName": "Tri-Angle Fabrication and Body",
   "Mfr_ID": 20111,
   "Mfr_Name": "TRI-ANGLE FABRICATION AND BODY CO INC.",
   "VehicleTypes": [
    {
     "IsPrimary": false,
     "Name": "Passenger Car"
    },
    {
     "IsPrimary": false,
     "Name": "Truck "
    }
   ]
  },
  {
   "Country": "UNITED STATES (USA)",
   "Mfr_CommonName": null,
   "Mfr_ID": 20112,
   "Mfr_Name": "YLC SOURCE",
   "VehicleTypes": [
    {
     "IsPrimary": true,
     "Name": "Truck "
    }
   ]
  },
  {
   "Country": "UNITED STATES (USA)",
   "Mfr_CommonName": null,
   "Mfr_ID": 20113,
   "Mfr_Name": "GENERAL WATER SYSTEMS INC. DBA JT FABRICATION",
   "VehicleTypes": [
    {
     "IsPrimary": true,
     "Name": "Trailer"
    }
   ]
  },
  {
   "Country": "UNITED STATES (USA)",
   "Mfr_CommonName": null,
   "Mfr_ID": 20114,
   "Mfr_Name": "7 SONS MANUFACTURING INC.",
   "VehicleTypes": [
    {
     "IsPrimary": true,
     "Name": "Trailer"
    }
   ]
  },
  {
   "Country": "UNITED STATES (USA)",
   "Mfr_CommonName": null,
   "Mfr_ID": 20115,
   "Mfr_Name": "W STAR USA INC.",
   "VehicleTypes": []
  },
  {
   "Country": "UNITED STATES (USA)",
   "Mfr_CommonName": null,
   "Mfr_ID": 20116,
   "Mfr_Name": "TRUCK FELLAS LLC",
   "VehicleTypes": [
    {
     "IsPrimary": false,
     "Name": "Passenger Car"
    },
    {
     "IsPrimary": false,
     "Name": "Truck "
    },
    {
     "IsPrimary": false,
     "Name": "Multipurpose Passenger Vehicle (MPV)"
    },
    {
     "IsPrimary": true,
     "Name": "Incomplete Vehicle"
    },
    {
     "IsPrimary": false,
     "Name": "Off Road Vehicle"
    }
   ]
  },
  {
   "Country": "UNITED STATES (USA)",
   "Mfr_CommonName": null,
   "Mfr_ID": 20117,
   "Mfr_Name": "MAXIMUM CARGO TRAILERS LLC",
   "VehicleTypes": []
  },
  {
   "Country": "UNITED STATES (USA)",
   "Mfr_CommonName": null,
   "Mfr_ID": 20118,
   "Mfr_Name": "AK MOTORCARS",
   "VehicleTypes": [
    {
     "IsPrimary": false,
     "Name": "Low Speed Vehicle (LSV)"
    }
   ]
  }
 ]
}