{
 "Count": 92,
 "Message": "Response returned successfully",
 "SearchCriteria": null,
 "Results": [
  {
   "Country": "UNITED STATES (USA)",
   "Mfr_CommonName": "Nomad GCS",
   "Mfr_ID": 6890,
   "Mfr_Name": "NOMAD GLOBAL COMUNICATION SOLUTIONS (GCS), INC.",
   "VehicleTypes": [
    {
     "IsPrimary": true,
     "Name": "Truck "
    },
    {
     "IsPrimary": false,
     "Name": "Trailer"
    }
   ]
  },
  {
   "Country": "UNITED STATES (USA)",
   "Mfr_CommonName": null,
   "Mfr_ID": 6891,
   "Mfr_Name": "FEDERAL COACH, LLC",
   "VehicleTypes": [
    {
     "IsPrimary": false,
     "Name": "Passenger Car"
    },
    {
     "IsPrimary": false,
     "Name": "Truck "
    },
    {
     "IsPrimary": false,
     "Name": "Multipurpose Passenger Vehicle (MPV)"
    }
   ]
  },
  {
   "Country": "UNITED STATES (USA)",
   "Mfr_CommonName": null,
   "Mfr_ID": 6892,
   "Mfr_Name": "NEW MEXICO STEEL FABRICATORS INC.",
   "VehicleTypes": []
  },
  {
   "Country": "UNITED STATES (USA)",
   "Mfr_CommonName": null,
   "Mfr_ID": 6893,
   "Mfr_Name": "TRAVELMATE, LLC",
   "VehicleTypes": [
    {
     "IsPrimary": false,
     "Name": "Trailer"
    }
   ]
  },
  {
   "Country": "UNITED STATES (USA)",
   "Mfr_CommonName": null,
   "Mfr_ID": 6894,
   "Mfr_Name": "MUD TECHNOLOGY INTERNATIONAL, INC.",
   "VehicleTypes": [
    {
     "IsPrimary": true,
     "Name": "Trailer"
    }
   ]
  },
  {
   "Country": "UNITED STATES (USA)",
   "Mfr_CommonName": null,
   "Mfr_ID": 6895,
   "Mfr_Name": "C.D. HILL ENTERPRISES, INC. ",
   "VehicleTypes": [
    {
     "IsPrimary": true,
     "Name": "Trailer"
    }
   ]
  },
  {
   "Country": "UNITED STATES (USA)",
   "Mfr_CommonName": null,
   "Mfr_ID": 6897,
   "Mfr_Name": "CHARLES L WHIGHAM SR DBA BEST BUILT TRAILER",
   "VehicleTypes": [
    {
     "IsPrimary": false,
     "Name": "Trailer"
    }
   ]
  },
  {
   "Country": "UNITED STATES (USA)",
   "Mfr_CommonName": null,
   "Mfr_ID": 6898,
   "Mfr_Name": "MUTTER'S CYCLE SUPPLY, INC. ",
   "VehicleTypes": [
    {
     "IsPrimary": true,
     "Name": "Motorcycle"
    }
   ]
  },
  {
   "Country": "UNITED STATES (USA)",
   "Mfr_CommonName": null,
   "Mfr_ID": 6899,
   "Mfr_Name": "BURCHLAND MANUFACTURING INC.",
   "VehicleTypes": []
  },
  {
   "Country": "UNITED STATES (USA)",
   "Mfr_CommonName": null,
   "Mfr_ID": 6900,
   "Mfr_Name": "CONCEPT PRODUCTS CORPORATION",
   "VehicleTypes": []
  },
  {
   "Country": "UNITED STATES (USA)",
   "Mfr_CommonName": null,
   "Mfr_ID": 6901,
   "Mfr_Name": "LAKESIDE TRAILER MANUFACTURING, INC.",
   "VehicleTypes": []
  },
  {
   "Country": "UNITED STATES (USA)",
   "Mfr_CommonName": null,
   "Mfr_ID": 6902,
   "Mfr_Name": "HUNS MOTORCYCLE MANUFACTURING",
   "VehicleTypes": []
  },
  {
   "Country": "TAIWAN",
   "Mfr_CommonName": null,
   "Mfr_ID": 6903,
   "Mfr_Name": "STANDARD MOTOR CORPORATION",
   "VehicleTypes": [
    {
     "IsPrimary": false,
     "Name": "Motorcycle"
    }
   ]
  },
  {
   "Country": "UNITED STATES (USA)",
   "Mfr_CommonName": null,
   "Mfr_ID": 6904,
   "Mfr_Name": "TWENTY EIGHT INC.",
   "VehicleTypes": [
    {
     "IsPrimary": true,
     "Name": "Truck "
    }
   ]
  },
  {
   "Country": "UNITED STATES (USA)",
   "Mfr_CommonName": null,
   "Mfr_ID": 6905,
   "Mfr_Name": "TITAN UTV, LLC",
   "VehicleTypes": [
    {
     "IsPrimary": true,
     "Name": "Low Speed Vehicle (LSV)"
    }
   ]
  },
  {
   "Country": "UNITED STATES (USA)",
   "Mfr_CommonName": null,
   "Mfr_ID": 6906,
   "Mfr_Name": "SICON",
   "VehicleTypes": [
    {
     "IsPrimary": true,
     "Name": "Trailer"
    }
   ]
  },
  {
   "Country": "UNITED STATES (USA)",
   "Mfr_CommonName": null,
   "Mfr_ID": 6907,
   "Mfr_Name": "GRAETZ MANUFACTURING, INC.",
   "VehicleTypes": [
    {
     "IsPrimary": true,
     "Name": "Trailer"
    }
   ]
  },
  {
   "Country": "UNITED STATES (USA)",
   "Mfr_CommonName": null,
   "Mfr_ID": 6908,
   "Mfr_Name": "CONQUEST MOTOR COMPANY, INC.",
   "VehicleTypes": [
    {
     "IsPrimary": false,
     "Name": "Truck "
    }
   ]
  },
  {
   "Country": "UNITED STATES (USA)",
   "Mfr_CommonName": null,
   "Mfr_ID": 6909,
   "Mfr_Name": "CT&T AMERICA, INC.",
   "VehicleTypes": [
    {
     "IsPrimary": true,
     "Name": "Low Speed Vehicle (LSV)"
    }
   ]
  },
  {
   "Country": "UNITED STATES (USA)",
   "Mfr_CommonName": null,
   "Mfr_ID": 6910,
   "Mfr_Name": "WORLDWIDE TRAILER MANUFACTURING, INC.",
   "VehicleTypes": [
    {
     "IsPrimary": true,
     "Name": "Trailer"
    }
   ]
  },
  {
   "Country": "UNITED STATES (USA)",
   "Mfr_CommonName": null,
   "Mfr_ID": 6911,
   "Mfr_Name": "ULTRA TRAILER CO., INC.",
   "VehicleTypes": [
    {
     "IsPrimary": true,
     "Name": "Trailer"
    }
   ]
  },
  {
   "Country": "UNITED STATES (USA)",
   "Mfr_CommonName": null,
   "Mfr_ID": 6912,
   "Mfr_Name": "LECTRUS CORPORATION",
   "VehicleTypes": [
    {
     "IsPrimary": true,
     "Name": "Trailer"
    }
   ]
  },
  {
   "Country": "UNITED STATES (USA)",
   "Mfr_CommonName": null,
   "Mfr_ID": 6913,
   "Mfr_Name": "TRAILER FRANCHISE",
   "VehicleTypes": [
    {
     "IsPrimary": true,
     "Name": "Trailer"
    }
   ]
  },
  {
   "Country": "UNITED STATES (USA)",
   "Mfr_CommonName": null,
   "Mfr_ID": 6914,
   "Mfr_Name": "TATE'S CUSTOMIZATIONS",
   "VehicleTypes": [
    {
     "IsPrimary": true,
     "Name": "Trailer"
    }
   ]
  },
  {
   "Country": "UNITED STATES (USA)",
   "Mfr_CommonName": null,
   "Mfr_ID": 6915,
   "Mfr_Name": "GREEN VALLEY MANUFACTURING, INC.",
   "VehicleTypes": [
    {
     "IsPrimary": true,
     "Name": "Trailer"
    }
   ]
  },
  {
   "Country": "UNITED STATES (USA)",
   "Mfr_CommonName": null,
   "Mfr_ID": 6916,
   "Mfr_Name": "PRATT & WHITNEY POWER SYSTEMS, INC.",
   "VehicleTypes": [
    {
     "IsPrimary": true,
     "Name": "Trailer"
    }
   ]
  },
  {
   "Country": "UNITED STATES (USA)",
   "Mfr_CommonName": null,
   "Mfr_ID": 6917,
   "Mfr_Name": "THOMPSON CHOPPERS, LLC",
   "VehicleTypes": [
    {
     "IsPrimary": true,
     "Name": "Motorcycle"
    }
   ]
  },
  {
   "Country": "UNITED STATES (USA)",
   "Mfr_CommonName": null,
   "Mfr_ID": 6919,
   "Mfr_Name": "FELLING TRAILERS",
   "VehicleTypes": [
    {
     "IsPrimary": true,
     "Name": "Trailer"
    }
   ]
  },
  {
   "Country": "UNITED STATES (USA)",
   "Mfr_CommonName": null,
   "Mfr_ID": 6920,
   "Mfr_Name": "POWER EQUIPMENT LEASING COMPANY, INC.",
   "VehicleTypes": [
    {
     "IsPrimary": true,
     "Name": "Truck "
    }
   ]
  },
  {
   "Country": "UNITED STATES (USA)",
   "Mfr_CommonName": null,
   "Mfr_ID": 6921,
   "Mfr_Name": "CLAY'S TRAILER SALES, LLC",
   "VehicleTypes": [
    {
     "IsPrimary": true,
     "Name": "Trailer"
    }
   ]
  },
  {
   "Country": "UNITED STATES (USA)",
   "Mfr_CommonName": null,
   "Mfr_ID": 6922,
   "Mfr_Name": "HIGHTOWER CUSTOMS",
   "VehicleTypes": [
    {
     "IsPrimary": true,
     "Name": "Motorcycle"
    }
   ]
  },
  {
   "Country": "UNITED STATES (USA)",
   "Mfr_CommonName": null,
   "Mfr_ID": 6923,
   "Mfr_Name": "ROCKANDROD LLC ",
   "VehicleTypes": [
    {
     "IsPrimary": true,
     "Name": "Trailer"
    }
   ]
  },
  {
   "Country": "UNITED STATES (USA)",
   "Mfr_CommonName": null,
   "Mfr_ID": 6924,
   "Mfr_Name": "BLUE GHOST CYCLES",
   "VehicleTypes": [
    {
     "IsPrimary": true,
     "Name": "Motorcycle"
    }
   ]
  },
  {
   "Country": "UNITED STATES (USA)",
   "Mfr_CommonName": null,
   "Mfr_ID": 6925,
   "Mfr_Name": "PELLETIER MANUFACTURING, INC.",
   "VehicleTypes": [
    {
     "IsPrimary": true,
     "Name": "Trailer"
    }
   ]
  },
  {
   "Country": "UNITED STATES (USA)",
   "Mfr_CommonName": null,
   "Mfr_ID": 6926,
   "Mfr_Name": "FORMULA TRAILERS LLC",
   "VehicleTypes": [
    {
     "IsPrimary": true,
     "Name": "Trailer"
    }
   ]
  },
  {
   "Country": "UNITED STATES (USA)",
   "Mfr_CommonName": null,
   "Mfr_ID": 6927,
   "Mfr_Name": "SS TRIKE, LLC",
   "VehicleTypes": [
    {
     "IsPrimary": true,
     "Name": "Motorcycle"
    }
   ]
  },
  {
   "Country": "UNITED STATES (USA)",
   "Mfr_CommonName": null,
   "Mfr_ID": 6928,
   "Mfr_Name": "TUTHILL DRIVE SYSTEMS DIVISION OF TUTHILL CORPORATION",
   "VehicleTypes": [
    {
     "IsPrimary": false,
     "Name": "Truck "
    },
    {
     "IsPrimary": true,
     "Name": "Bus"
    }
   ]
  },
  {
   "Country": "CHINA",
   "Mfr_CommonName": null,
   "Mfr_ID": 6929,
   "Mfr_Name": "TAIZHOU HUANGYAN DINGSHENG MOTOR VEHICLE CO., LTD.",
   "VehicleTypes": []
  },
  {
   "Country": "UNITED STATES (USA)",
   "Mfr_CommonName": null,
   "Mfr_ID": 6930,
   "Mfr_Name": "LIFETIME PRODUCTS GROUP, INC.",
   "VehicleTypes": [
    {
     "IsPrimary": true,
     "Name": "Trailer"
    }
   ]
  },
  {
   "Country": "CHINA",
   "Mfr_CommonName": null,
   "Mfr_ID": 6931,
   "Mfr_Name": "SHANDONG BAOYA NEW ENERGY VEHICLE CO., LTD.",
   "VehicleTypes": [
    {
     "IsPrimary": true,
     "Name": "Motorcycle"
    }
   ]
  },
  {
   "Country": "CHINA",
   "Mfr_CommonName": null,
   "Mfr_ID": 6932,
   "Mfr_Name": "DANYANG RISINGSTAR AUTOLAMP CO., LTD",
   "VehicleTypes": []
  },
  {
   "Country": "CHINA",
   "Mfr_CommonName": null,
   "Mfr_ID": 6933,
   "Mfr_Name": "DANYANG SANMING AUTOMOTIVE SPARE PART CO., LTD.",
   "VehicleTypes": []
  },
  {
   "Country": "UNITED STATES (USA)",
   "Mfr_CommonName": null,
   "Mfr_ID": 6934,
   "Mfr_Name": "ALAN AUTOSPORTS",
   "VehicleTypes": [
    {
     "IsPrimary": true,
     "Name": "Passenger Car"
    }
   ]
  },
  {
   "Country": "CHINA",
   "Mfr_CommonName": null,
   "Mfr_ID": 6936,
   "Mfr_Name": "SHANGHAI HUGONG AUTO-ELECTRIC CO., LTD.",
   "VehicleTypes": []
  },
  {
   "Country": "UNITED STATES (USA)",
   "Mfr_CommonName": null,
   "Mfr_ID": 6937,
   "Mfr_Name": "WILD WEST MOTOR COMPANY",
   "VehicleTypes": [
    {
     "IsPrimary": true,
     "Name": "Motorcycle"
    }
   ]
  },
  {
   "Country": "UNITED STATES (USA)",
   "Mfr_CommonName": null,
   "Mfr_ID": 6938,
   "Mfr_Name": "FIREBLAST 451 INC.",
   "VehicleTypes": [
    {
     "IsPrimary": true,
     "Name": "Trailer"
    }
   ]
  },
  {
   "Country": "CHINA",
   "Mfr_CommonName": null,
   "Mfr_ID": 6939,
   "Mfr_Name": "DELUN TIRE CO., LTD",
   "VehicleTypes": []
  },
  {
   "Country": "CHINA",
   "Mfr_CommonName": null,
   "Mfr_ID": 6940,
   "Mfr_Name": "SHANDONG ZHONGYI RUBBER CO., LTD",
   "VehicleTypes": []
  },
  {
   "Country": "CHINA",
   "Mfr_CommonName": null,
   "Mfr_ID": 6941,
   "Mfr_Name": "WUYI QIANGNAI RUBBER MANUFACTURE CO., LTD.",
   "VehicleTypes": []
  },
  {
   "Country": "CHINA",
   "Mfr_CommonName": null,
   "Mfr_ID": 6942,
   "Mfr_Name": "SHANGHAI CHINAUST AUTOMOTIVE PLASTICS CORP. LTD.",
   "VehicleTypes": []
  },
  {
   "Country": "LAOS",
   "Mfr_CommonName": null,
   "Mfr_ID": 6943,
   "Mfr_Name": "NUMSIAM RUBBER ( LAOS) CO. LTD",
   "VehicleTypes": []
  },
  {
   "Country": "MYANMAR (BURMA)",
   "Mfr_CommonName": null,
   "Mfr_ID": 6944,
   "Mfr_Name": "AUNG HTET MYET CO., LTD (YANGON TYRE FACTORY)",
   "VehicleTypes": []
  },
  {
   "Country": "INDIA",
   "Mfr_CommonName": null,
   "Mfr_ID": 6945,
   "Mfr_Name": "BALKRISHNA INDUSTRIES LTD.",
   "VehicleTypes": []
  },
  {
   "Country": "CHINA",
   "Mfr_CommonName": null,
   "Mfr_ID": 6946,
   "Mfr_Name": "ZHEJIANG KEDALI INDUSTRY CO.,LTD",
   "VehicleTypes": []
  },
  {
   "Country": "SOUTH AFRICA",
   "Mfr_CommonName": null,
   "Mfr_ID": 6948,
   "Mfr_Name": "PINE CONE LOW SPEED LLC",
   "VehicleTypes": [
    {
     "IsPrimary": true,
     "Name": "Low Speed Vehicle (LSV)"
    }
   ]
  },
  {
   "Country": "UNITED STATES (USA)",
   "Mfr_CommonName": null,
   "Mfr_ID": 6949,
   "Mfr_Name": "GRIFFIN INCORPORATED",
   "VehicleTypes": [
    {
     "IsPrimary": true,
     "Name": "Truck "
    }
   ]
  },
  {
   "Country": "UNITED STATES (USA)",
   "Mfr_CommonName": "SDG TRAILERS",
   "Mfr_ID": 6950,
   "Mfr_Name": "SOUTHERN DIMENSIONS GROUP INC.",
   "VehicleTypes": [
    {
     "IsPrimary": true,
     "Name": "Trailer"
    }
   ]
  },
  {
   "Country": "UNITED STATES (USA)",
   "Mfr_CommonName": null,
   "Mfr_ID": 6951,
   "Mfr_Name": "A4 ECO WORLD TIRES, LLC",
   "VehicleTypes": []
  },
  {
   "Country": "UNITED STATES (USA)",
   "Mfr_CommonName": null,
   "Mfr_ID": 6952,
   "Mfr_Name": "QUIXOTE MM LLC",
   "VehicleTypes": [
    {
     "IsPrimary": true,
     "Name": "Trailer"
    }
   ]
  },
  {
   "Country": "CHINA",
   "Mfr_CommonName": null,
   "Mfr_ID": 6953,
   "Mfr_Name": "NANJING YUNHAI AUTOMOBILE GLASS & EQUIPMENT MANUFACTURING CO., LTD.",
   "VehicleTypes": []
  },
  {
   "Country": "CHINA",
   "Mfr_CommonName": null,
   "Mfr_ID": 6954,
   "Mfr_Name": "CHANGZHOU ZHENGLIANG AUTOMBILE FITTINGS FACTORY",
   "VehicleTypes": []
  },
  {
   "Country": "CHINA",
   "Mfr_CommonName": null,
   "Mfr_ID": 6955,
   "Mfr_Name": "TIANJIN CENTURY RUBBER CO., LTD.",
   "VehicleTypes": []
  },
  {
   "Country": "CHINA",
   "Mfr_CommonName": null,
   "Mfr_ID": 6956,
   "Mfr_Name": "SHANDONG FUYU BLUESTONE TYRE CO., LTD.",
   "VehicleTypes": []
  },
  {
   "Country": "CHINA",
   "Mfr_CommonName": null,
   "Mfr_ID": 6957,
   "Mfr_Name": "XINJIANG KUNLUN TYRE CO., LTD.",
   "VehicleTypes": []
  },
  {
   "Country": "CHINA",
   "Mfr_CommonName": null,
   "Mfr_ID": 6958,
   "Mfr_Name": "XINJIANG KUNLUN ENGINEERING TYRE CO., LTD.",
   "VehicleTypes": []
  },
  {
   "Country": "UNITED STATES (USA)",
   "Mfr_CommonName": null,
   "Mfr_ID": 6959,
   "Mfr_Name": "AUTHORITY TRANSPORTATION",
   "VehicleTypes": [
    {
     "IsPrimary": true,
     "Name": "Passenger Car"
    },
    {
     "IsPrimary": false,
     "Name": "Trailer"
    }
   ]
  },
  {
   "Country": "CHINA",
   "Mfr_CommonName": null,
   "Mfr_ID": 6960,
   "Mfr_Name": "SHANGHAI PROWEL TECHNOLOGY CO., LTD",
   "VehicleTypes": []
  },
  {
   "Country": "CHINA",
   "Mfr_CommonName": null,
   "Mfr_ID": 6961,
   "Mfr_Name": "SHANDONG HAOHUA TIRE CO., LTD",
   "VehicleTypes": []
  },
  {
   "Country": "CHINA",
   "Mfr_CommonName": null,
   "Mfr_ID": 6962,
   "Mfr_Name": "TIANJIN HUGE DRAGON TIRE CO., LTD",
   "VehicleTypes": []
  },
  {
   "Country": "CHINA",
   "Mfr_CommonName": null,
   "Mfr_ID": 6963,
   "Mfr_Name": "NANTONG FANHUA GLASS METAL PRODUCTS CO., LTD.",
   "VehicleTypes": []
  },
  {
   "Country": "CHINA",
   "Mfr_CommonName": "GRT",
   "Mfr_ID": 6964,
   "Mfr_Name": "QINGDAO GE RUI DA RUBBER CO. ",
   "VehicleTypes": []
  },
  {
   "Country": "CHINA",
   "Mfr_CommonName": "MIKROUNA",
   "Mfr_ID": 6965,
   "Mfr_Name": "SHANGHAI MIKROUNA MECH. TECH. CO., LTD",
   "VehicleTypes": []
  },
  {
   "Country": "CHINA",
   "Mfr_CommonName": null,
   "Mfr_ID": 6966,
   "Mfr_Name": "TAIAN YUAN CAR GLASS FACTORY",
   "VehicleTypes": []
  },
  {
   "Country": "CHINA",
   "Mfr_CommonName": null,
   "Mfr_ID": 6967,
   "Mfr_Name": "JOYALL (WEIHAI) TIRE CO., LTD. ",
   "VehicleTypes": []
  },
  {
   "Country": "CHINA",
   "Mfr_CommonName": null,
   "Mfr_ID": 6968,
   "Mfr_Name": "TAIZHOU YIMA VEHICLE INDUSTRY CO., LTD.",
   "VehicleTypes": []
  },
  {
   "Country": "CHINA",
   "Mfr_CommonName": null,
   "Mfr_ID": 6969,
   "Mfr_Name": "TIANJIN JAL, WHEEL CO., LTD.",
   "VehicleTypes": []
  },
  {
   "Country": "CHINA",
   "Mfr_CommonName": null,
   "Mfr_ID": 6970,
   "Mfr_Name": "ZIYANG JUDA VEHICLE SAFETY SYSTEM CO., LTD.",
   "VehicleTypes": []
  },
  {
   "Country": "CHINA",
   "Mfr_CommonName": null,
   "Mfr_ID": 6971,
   "Mfr_Name": "SHANDONG DETONG WHEELS JOINT-STOCK CO. LTD",
   "VehicleTypes": []
  },
  {
   "Country": "CHINA",
   "Mfr_CommonName": null,
   "Mfr_ID": 6972,
   "Mfr_Name": "SUZHOU CHENXIN TIRE CO., LTD.",
   "VehicleTypes": []
  },
  {
   "Country": "UNITED STATES (USA)",
   "Mfr_CommonName": null,
   "Mfr_ID": 6973,
   "Mfr_Name": "BULK TEK MANUFACTURING, INC.",
   "VehicleTypes": [
    {
     "IsPrimary": true,
     "Name": "Trailer"
    }
   ]
  },
  {
   "Country": "UNITED STATES (USA)",
   "Mfr_CommonName": null,
   "Mfr_ID": 6974,
   "Mfr_Name": "GARRY'S TRUCK REPAIR",
   "VehicleTypes": [
    {
     "IsPrimary": true,
     "Name": "Truck "
    }
   ]
  },
  {
   "Country": "UNITED STATES (USA)",
   "Mfr_CommonName": null,
   "Mfr_ID": 6975,
   "Mfr_Name": "MB&G OILFIELD FABRICATION",
   "VehicleTypes": [
    {
     "IsPrimary": true,
     "Name": "Trailer"
    }
   ]
  },
  {
   "Country": "UNITED STATES (USA)",
   "Mfr_CommonName": null,
   "Mfr_ID": 6976,
   "Mfr_Name": "CROSS TRAILER MANUFACTURING & SALES, LLC",
   "VehicleTypes": [
    {
     "IsPrimary": true,
     "Name": "Trailer"
    }
   ]
  },
  {
   "Country": "UNITED STATES (USA)",
   "Mfr_CommonName": null,
   "Mfr_ID": 6977,
   "Mfr_Name": "CAPITAL PUMP & EQUIPMENT",
   "VehicleTypes": [
    {
     "IsPrimary": true,
     "Name": "Trailer"
    }
   ]
  },
  {
   "Country": "UNITED STATES (USA)",
   "Mfr_CommonName": null,
   "Mfr_ID": 6978,
   "Mfr_Name": "YORK MOTORS INC.",
   "VehicleTypes": [
    {
     "IsPrimary": true,
     "Name": "Truck "
    },
    {
     "IsPrimary": false,
     "Name": "Trailer"
    }
   ]
  },
  {
   "Country": "UNITED STATES (USA)",
   "Mfr_CommonName": "CIF INDUSTRIES, INC.",
   "Mfr_ID": 6979,
   "Mfr_Name": "CIF INDUSTRIES, INC.",
   "VehicleTypes": [
    {
     "IsPrimary": false,
     "Name": "Trailer"
    }
   ]
  },
  {
   "Country": "UNITED STATES (USA)",
   "Mfr_CommonName": null,
   "Mfr_ID": 6980,
   "Mfr_Name": "SELEC TRAILERS, LLC",
   "VehicleTypes": [
    {
     "IsPrimary": true,
     "Name": "Trailer"
    }
   ]
  },
  {
   "Country": "UNITED STATES (USA)",
   "Mfr_CommonName": null,
   "Mfr_ID": 6981,
   "Mfr_Name": "BACK YARD CHOPPERS",
   "VehicleTypes": [
    {
     "IsPrimary": true,
     "Name": "Motorcycle"
    }
   ]
  },
  {
   "Country": "JAPAN",
   "Mfr_CommonName": null,
   "Mfr_ID": 6982,
   "Mfr_Name": "NAKAJIMA GLASS CO., LTD",
   "VehicleTypes": []
  },
  {
   "Country": "CHINA",
   "Mfr_CommonName": null,
   "Mfr_ID": 6983,
   "Mfr_Name": "HENAN CARPUD SAFETY GLASS CO., LTD.",
   "VehicleTypes": []
  },
  {
   "Country": "CHINA",
   "Mfr_CommonName": null,
   "Mfr_ID": 6984,
   "Mfr_Name": "HEBEI TIANRUI RUBBER CO., LTD.",
   "VehicleTypes": []
  },
  {
   "Country": "UNITED STATES (USA)",
   "Mfr_CommonName": null,
   "Mfr_ID": 6985,
   "Mfr_Name": "MOTIV POWER SYSTEMS, INC.",
   "VehicleTypes": [
    {
     "IsPrimary": true,
     "Name": "Truck "
    },
    {
     "IsPrimary": false,
     "Name": "Bus"
    },
    {
     "IsPrimary": false,
     "Name": "Incomplete Vehicle"
    }
   ]
  }
 ]
}