{
 "Count": 89,
 "Message": "Response returned successfully",
 "SearchCriteria": null,
 "Results": [
  {
   "Country": "UNITED STATES (USA)",
   "Mfr_CommonName": null,
   "Mfr_ID": 12250,
   "Mfr_Name": "URWAY FABRICATION LLC",
   "VehicleTypes": [
    {
     "IsPrimary": false,
     "Name": "Trailer"
    }
   ]
  },
  {
   "Country": "UNITED STATES (USA)",
   "Mfr_CommonName": null,
   "Mfr_ID": 12251,
   "Mfr_Name": "LOCATION WATER SYSTEMS LLC",
   "VehicleTypes": [
    {
     "IsPrimary": false,
     "Name": "Trailer"
    }
   ]
  },
  {
   "Country": "UNITED STATES (USA)",
   "Mfr_CommonName": null,
   "Mfr_ID": 12252,
   "Mfr_Name": "ENDURAPLAS LLC",
   "VehicleTypes": [
    {
     "IsPrimary": false,
     "Name": "Trailer"
    }
   ]
  },
  {
   "Country": "CHINA",
   "Mfr_CommonName": null,
   "Mfr_ID": 12253,
   "Mfr_Name": "CHANGZHOU LIN ZHI BULB FACTORY",
   "VehicleTypes": []
  },
  {
   "Country": "CHINA",
   "Mfr_CommonName": null,
   "Mfr_ID": 12254,
   "Mfr_Name": "JIAXING GUANGTAI LIGHTING CO., LTD.",
   "VehicleTypes": []
  },
  {
   "Country": "UNITED STATES (USA)",
   "Mfr_CommonName": null,
   "Mfr_ID": 12256,
   "Mfr_Name": "TRUCK EQUIPMENT AND CRANE SOLUTIONS, INC.",
   "VehicleTypes": [
    {
     "IsPrimary": false,
     "Name": "Truck "
    },
    {
     "IsPrimary": false,
     "Name": "Trailer"
    }
   ]
  },
  {
   "Country": "UNITED STATES (USA)",
   "Mfr_CommonName": null,
   "Mfr_ID": 12257,
   "Mfr_Name": "RVC TRAILERS",
   "VehicleTypes": [
    {
     "IsPrimary": false,
     "Name": "Trailer"
    }
   ]
  },
  {
   "Country": "UNITED STATES (USA)",
   "Mfr_CommonName": null,
   "Mfr_ID": 12258,
   "Mfr_Name": "ORICA USA INC.",
   "VehicleTypes": [
    {
     "IsPrimary": false,
     "Name": "Truck "
    }
   ]
  },
  {
   "Country": "UNITED STATES (USA)",
   "Mfr_CommonName": null,
   "Mfr_ID": 12259,
   "Mfr_Name": "BLUERIDGE TRAILERS INC.",
   "VehicleTypes": [
    {
     "IsPrimary": true,
     "Name": "Trailer"
    }
   ]
  },
  {
   "Country": "UNITED STATES (USA)",
   "Mfr_CommonName": null,
   "Mfr_ID": 12260,
   "Mfr_Name": "BLUERIDGE EXOTIC TRANSPORT LTD",
   "VehicleTypes": [
    {
     "IsPrimary": false,
     "Name": "Trailer"
    }
   ]
  },
  {
   "Country": "UNITED STATES (USA)",
   "Mfr_CommonName": "Napa Auto Parts",
   "Mfr_ID": 12261,
   "Mfr_Name": "TRIPLE B AUTOMOTIVE INC.",
   "VehicleTypes": []
  },
  {
   "Country": "UNITED STATES (USA)",
   "Mfr_CommonName": null,
   "Mfr_ID": 12262,
   "Mfr_Name": "JP RV'S REPO DEPOT, LLC",
   "VehicleTypes": [
    {
     "IsPrimary": false,
     "Name": "Trailer"
    }
   ]
  },
  {
   "Country": "UNITED STATES (USA)",
   "Mfr_CommonName": null,
   "Mfr_ID": 12263,
   "Mfr_Name": "ABSOLUTE TRAILER SALES, INC.",
   "VehicleTypes": [
    {
     "IsPrimary": false,
     "Name": "Trailer"
    }
   ]
  },
  {
   "Country": "UNITED STATES (USA)",
   "Mfr_CommonName": null,
   "Mfr_ID": 12264,
   "Mfr_Name": "WOLVERINE TRAILERS LLC",
   "VehicleTypes": [
    {
     "IsPrimary": false,
     "Name": "Trailer"
    }
   ]
  },
  {
   "Country": "UNITED STATES (USA)",
   "Mfr_CommonName": null,
   "Mfr_ID": 12265,
   "Mfr_Name": "DELL RAPIDS CUSTOM TRAILERS, INC.",
   "VehicleTypes": [
    {
     "IsPrimary": false,
     "Name": "Trailer"
    }
   ]
  },
  {
   "Country": "MEXICO",
   "Mfr_CommonName": null,
   "Mfr_ID": 12266,
   "Mfr_Name": "INGENIERIA Y MAQUINARIA DE GUADALUPE, S.A. DE C.V.",
   "VehicleTypes": [
    {
     "IsPrimary": false,
     "Name": "Trailer"
    }
   ]
  },
  {
   "Country": "UNITED STATES (USA)",
   "Mfr_CommonName": null,
   "Mfr_ID": 12267,
   "Mfr_Name": "FLEX TEMP SYSTEMS, LLC",
   "VehicleTypes": [
    {
     "IsPrimary": true,
     "Name": "Trailer"
    }
   ]
  },
  {
   "Country": "UNITED STATES (USA)",
   "Mfr_CommonName": null,
   "Mfr_ID": 12268,
   "Mfr_Name": "Fontaine Commercial Platform",
   "VehicleTypes": [
    {
     "IsPrimary": false,
     "Name": "Trailer"
    }
   ]
  },
  {
   "Country": "UNITED STATES (USA)",
   "Mfr_CommonName": null,
   "Mfr_ID": 12269,
   "Mfr_Name": "FONTAINE Heavy Haul",
   "VehicleTypes": [
    {
     "IsPrimary": false,
     "Name": "Trailer"
    }
   ]
  },
  {
   "Country": "UNITED STATES (USA)",
   "Mfr_CommonName": null,
   "Mfr_ID": 12270,
   "Mfr_Name": "Fontaine Military Products",
   "VehicleTypes": [
    {
     "IsPrimary": false,
     "Name": "Trailer"
    }
   ]
  },
  {
   "Country": "UNITED STATES (USA)",
   "Mfr_CommonName": null,
   "Mfr_ID": 12272,
   "Mfr_Name": "ALLEGHENY FORD TRUCK SALES INC",
   "VehicleTypes": [
    {
     "IsPrimary": false,
     "Name": "Truck "
    },
    {
     "IsPrimary": false,
     "Name": "Bus"
    }
   ]
  },
  {
   "Country": "",
   "Mfr_CommonName": null,
   "Mfr_ID": 12273,
   "Mfr_Name": "ALPHA CORPORATION",
   "VehicleTypes": []
  },
  {
   "Country": "UNITED STATES (USA)",
   "Mfr_CommonName": null,
   "Mfr_ID": 12275,
   "Mfr_Name": "AMERICAN RACING EQUIPMENT, INC.",
   "VehicleTypes": []
  },
  {
   "Country": "UNITED STATES (USA)",
   "Mfr_CommonName": null,
   "Mfr_ID": 12278,
   "Mfr_Name": "AURANCO",
   "VehicleTypes": []
  },
  {
   "Country": "UNITED STATES (USA)",
   "Mfr_CommonName": "Autocar ",
   "Mfr_ID": 12279,
   "Mfr_Name": "AUTOCAR, LLC",
   "VehicleTypes": []
  },
  {
   "Country": "UNITED STATES (USA)",
   "Mfr_CommonName": null,
   "Mfr_ID": 12281,
   "Mfr_Name": "BAD ISLAND TOYZ, CA",
   "VehicleTypes": []
  },
  {
   "Country": "",
   "Mfr_CommonName": null,
   "Mfr_ID": 12282,
   "Mfr_Name": "BALLARD POWER SYSTEMS INC",
   "VehicleTypes": [
    {
     "IsPrimary": false,
     "Name": "Bus"
    }
   ]
  },
  {
   "Country": "UNITED STATES (USA)",
   "Mfr_CommonName": null,
   "Mfr_ID": 12283,
   "Mfr_Name": "BIG TEX TRAILER WORLD, INC.",
   "VehicleTypes": [
    {
     "IsPrimary": true,
     "Name": "Truck "
    }
   ]
  },
  {
   "Country": "UNITED STATES (USA)",
   "Mfr_CommonName": null,
   "Mfr_ID": 12285,
   "Mfr_Name": "BLUE RIDGE LOG CABINS, INC.",
   "VehicleTypes": []
  },
  {
   "Country": "UNITED STATES (USA)",
   "Mfr_CommonName": null,
   "Mfr_ID": 12286,
   "Mfr_Name": "BOAT MATE TRAILERS, INC.",
   "VehicleTypes": [
    {
     "IsPrimary": true,
     "Name": "Trailer"
    }
   ]
  },
  {
   "Country": "UNITED STATES (USA)",
   "Mfr_CommonName": null,
   "Mfr_ID": 12287,
   "Mfr_Name": "C&K SPORT INDUSTRIES LLC",
   "VehicleTypes": []
  },
  {
   "Country": "UNITED STATES (USA)",
   "Mfr_CommonName": null,
   "Mfr_ID": 12288,
   "Mfr_Name": "CHAMPION TRAILERS INC",
   "VehicleTypes": []
  },
  {
   "Country": "UNITED STATES (USA)",
   "Mfr_CommonName": null,
   "Mfr_ID": 12291,
   "Mfr_Name": "CHEMICAL CONTAINERS INC.",
   "VehicleTypes": [
    {
     "IsPrimary": true,
     "Name": "Truck "
    }
   ]
  },
  {
   "Country": "CHINA",
   "Mfr_CommonName": null,
   "Mfr_ID": 12293,
   "Mfr_Name": "CHONGQING ASTRONAUTIC BASHAN MOTORCYCLE MANUFACTURING CO., LTD.",
   "VehicleTypes": [
    {
     "IsPrimary": true,
     "Name": "Motorcycle"
    }
   ]
  },
  {
   "Country": "",
   "Mfr_CommonName": null,
   "Mfr_ID": 12294,
   "Mfr_Name": "CHONGQING KAIER MOTORCYCLE MANUFACTURING CO.,",
   "VehicleTypes": [
    {
     "IsPrimary": true,
     "Name": "Motorcycle"
    }
   ]
  },
  {
   "Country": "UNITED STATES (USA)",
   "Mfr_CommonName": null,
   "Mfr_ID": 12298,
   "Mfr_Name": "CONNECTICUT EQUIPMENT SALES CO.",
   "VehicleTypes": []
  },
  {
   "Country": "UNITED STATES (USA)",
   "Mfr_CommonName": null,
   "Mfr_ID": 12301,
   "Mfr_Name": "CUMMINS ENGINE COMPANY, INC.",
   "VehicleTypes": [
    {
     "IsPrimary": false,
     "Name": "Truck "
    }
   ]
  },
  {
   "Country": "UNITED STATES (USA)",
   "Mfr_CommonName": null,
   "Mfr_ID": 12302,
   "Mfr_Name": "DADON CORP ",
   "VehicleTypes": [
    {
     "IsPrimary": true,
     "Name": "Trailer"
    }
   ]
  },
  {
   "Country": "UNITED STATES (USA)",
   "Mfr_CommonName": "CHRYSLER",
   "Mfr_ID": 12303,
   "Mfr_Name": "DAIMLER CHRYSLER",
   "VehicleTypes": []
  },
  {
   "Country": "",
   "Mfr_CommonName": null,
   "Mfr_ID": 12304,
   "Mfr_Name": "DAITO PRESS MFG, CO., LTD.",
   "VehicleTypes": []
  },
  {
   "Country": "CHINA",
   "Mfr_CommonName": null,
   "Mfr_ID": 12306,
   "Mfr_Name": "DANYANG TIANJU LAMP INDUSTRIAL CO., LTD",
   "VehicleTypes": []
  },
  {
   "Country": "UNITED STATES (USA)",
   "Mfr_CommonName": null,
   "Mfr_ID": 12307,
   "Mfr_Name": "DOOSAN INTERNATIONAL USA INC. (DOOSAN INFRACORE PORTABLE POWER)",
   "VehicleTypes": [
    {
     "IsPrimary": true,
     "Name": "Trailer"
    }
   ]
  },
  {
   "Country": "UNITED STATES (USA)",
   "Mfr_CommonName": null,
   "Mfr_ID": 12314,
   "Mfr_Name": "GOODBRAND ENTERPRISES LLC",
   "VehicleTypes": []
  },
  {
   "Country": "UNITED STATES (USA)",
   "Mfr_CommonName": null,
   "Mfr_ID": 12315,
   "Mfr_Name": "GOSHEN CUSHION INC.",
   "VehicleTypes": []
  },
  {
   "Country": "",
   "Mfr_CommonName": null,
   "Mfr_ID": 12317,
   "Mfr_Name": "GUANGZHOU ZHIHUA REARVIEW MIRROR MANUFACTURE CO., LTD.",
   "VehicleTypes": []
  },
  {
   "Country": "UNITED STATES (USA)",
   "Mfr_CommonName": null,
   "Mfr_ID": 12318,
   "Mfr_Name": "HAMPTON ROADS MOBILITY, INC.",
   "VehicleTypes": []
  },
  {
   "Country": "UNITED STATES (USA)",
   "Mfr_CommonName": null,
   "Mfr_ID": 12321,
   "Mfr_Name": "HEARTLANND MOTORCYCLE COMPANY",
   "VehicleTypes": []
  },
  {
   "Country": "UNITED STATES (USA)",
   "Mfr_CommonName": null,
   "Mfr_ID": 12323,
   "Mfr_Name": "HEMPHILL CORPORATION",
   "VehicleTypes": []
  },
  {
   "Country": "UNITED STATES (USA)",
   "Mfr_CommonName": null,
   "Mfr_ID": 12324,
   "Mfr_Name": "HILINE CARTS & CARS INC.",
   "VehicleTypes": []
  },
  {
   "Country": "UNITED STATES (USA)",
   "Mfr_CommonName": null,
   "Mfr_ID": 12326,
   "Mfr_Name": "HYDE EQUIPMENT COMPANY",
   "VehicleTypes": [
    {
     "IsPrimary": false,
     "Name": "Trailer"
    }
   ]
  },
  {
   "Country": "UNITED STATES (USA)",
   "Mfr_CommonName": null,
   "Mfr_ID": 12329,
   "Mfr_Name": "INTERCON TRUCK EQUIPMENT INC",
   "VehicleTypes": [
    {
     "IsPrimary": false,
     "Name": "Truck "
    },
    {
     "IsPrimary": true,
     "Name": "Incomplete Vehicle"
    }
   ]
  },
  {
   "Country": "UNITED STATES (USA)",
   "Mfr_CommonName": null,
   "Mfr_ID": 12330,
   "Mfr_Name": "INTREPID CYCLES, INC.",
   "VehicleTypes": []
  },
  {
   "Country": "UNITED STATES (USA)",
   "Mfr_CommonName": null,
   "Mfr_ID": 12331,
   "Mfr_Name": "IRBIT MOTORWORKS OF AMERICA, INC.",
   "VehicleTypes": []
  },
  {
   "Country": "UNITED STATES (USA)",
   "Mfr_CommonName": null,
   "Mfr_ID": 12332,
   "Mfr_Name": "IZUMI MOTOR CO., LTD.",
   "VehicleTypes": []
  },
  {
   "Country": "",
   "Mfr_CommonName": null,
   "Mfr_ID": 12333,
   "Mfr_Name": "JEOU TIEE IDUSTRIAL CO., LTD.",
   "VehicleTypes": []
  },
  {
   "Country": "UNITED STATES (USA)",
   "Mfr_CommonName": null,
   "Mfr_ID": 12335,
   "Mfr_Name": "KENCO ENGINEERING",
   "VehicleTypes": []
  },
  {
   "Country": "UNITED STATES (USA)",
   "Mfr_CommonName": null,
   "Mfr_ID": 12343,
   "Mfr_Name": "LUX CO., INC. (THE)",
   "VehicleTypes": []
  },
  {
   "Country": "",
   "Mfr_CommonName": null,
   "Mfr_ID": 12344,
   "Mfr_Name": "M/S.CHUAN YUAN IND CO LTD",
   "VehicleTypes": []
  },
  {
   "Country": "UNITED STATES (USA)",
   "Mfr_CommonName": null,
   "Mfr_ID": 12348,
   "Mfr_Name": "MCCROCKLIN FORD SALES, INC., DBA MCCROCKLIN FORD MOBILITY",
   "VehicleTypes": [
    {
     "IsPrimary": false,
     "Name": "Passenger Car"
    }
   ]
  },
  {
   "Country": "UNITED STATES (USA)",
   "Mfr_CommonName": null,
   "Mfr_ID": 12349,
   "Mfr_Name": "MEGA CORPORATION INC",
   "VehicleTypes": []
  },
  {
   "Country": "UNITED STATES (USA)",
   "Mfr_CommonName": null,
   "Mfr_ID": 12350,
   "Mfr_Name": "MIDWAY FORD TRUCK CENTER",
   "VehicleTypes": []
  },
  {
   "Country": "UNITED STATES (USA)",
   "Mfr_CommonName": null,
   "Mfr_ID": 12351,
   "Mfr_Name": "MIDWEST INTERNATIONAL",
   "VehicleTypes": []
  },
  {
   "Country": "UNITED STATES (USA)",
   "Mfr_CommonName": null,
   "Mfr_ID": 12353,
   "Mfr_Name": "MIDWEST MOBILE TECHNOLOGIES,INC.",
   "VehicleTypes": [
    {
     "IsPrimary": false,
     "Name": "Trailer"
    }
   ]
  },
  {
   "Country": "UNITED STATES (USA)",
   "Mfr_CommonName": null,
   "Mfr_ID": 12354,
   "Mfr_Name": "NEW COVENANT MFG. L.L.C.",
   "VehicleTypes": []
  },
  {
   "Country": "CHINA",
   "Mfr_CommonName": null,
   "Mfr_ID": 12355,
   "Mfr_Name": "NINGBO SHENFENG AUTOMOTIVE BRAKE SYSTEM CO., LTD",
   "VehicleTypes": []
  },
  {
   "Country": "CHINA",
   "Mfr_CommonName": null,
   "Mfr_ID": 12356,
   "Mfr_Name": "NINGBO SHENFENG AUTOPARTS CO., LTD.",
   "VehicleTypes": []
  },
  {
   "Country": "UNITED STATES (USA)",
   "Mfr_CommonName": null,
   "Mfr_ID": 12357,
   "Mfr_Name": "OEM SYSTEMS, INC.",
   "VehicleTypes": [
    {
     "IsPrimary": false,
     "Name": "Truck "
    }
   ]
  },
  {
   "Country": "UNITED STATES (USA)",
   "Mfr_CommonName": null,
   "Mfr_ID": 12365,
   "Mfr_Name": "PLOARIS IND. INC. , VICTORY MOTORCYCLES USA",
   "VehicleTypes": []
  },
  {
   "Country": "UNITED STATES (USA)",
   "Mfr_CommonName": null,
   "Mfr_ID": 12366,
   "Mfr_Name": "STEELFAB  MFG LLC",
   "VehicleTypes": [
    {
     "IsPrimary": true,
     "Name": "Trailer"
    }
   ]
  },
  {
   "Country": "UNITED STATES (USA)",
   "Mfr_CommonName": null,
   "Mfr_ID": 12367,
   "Mfr_Name": "R7R TRAILERS INC",
   "VehicleTypes": []
  },
  {
   "Country": "UNITED STATES (USA)",
   "Mfr_CommonName": null,
   "Mfr_ID": 12368,
   "Mfr_Name": "REDI-HAUL TRAILERS, INC.",
   "VehicleTypes": [
    {
     "IsPrimary": false,
     "Name": "Trailer"
    }
   ]
  },
  {
   "Country": "UNITED STATES (USA)",
   "Mfr_CommonName": null,
   "Mfr_ID": 12369,
   "Mfr_Name": "REGEGADE CABINETRY & CONVERSIONS INC.",
   "VehicleTypes": []
  },
  {
   "Country": "UNITED STATES (USA)",
   "Mfr_CommonName": null,
   "Mfr_ID": 12370,
   "Mfr_Name": "ROCKET SUPPLY INC",
   "VehicleTypes": [
    {
     "IsPrimary": true,
     "Name": "Truck "
    }
   ]
  },
  {
   "Country": "UNITED STATES (USA)",
   "Mfr_CommonName": null,
   "Mfr_ID": 12374,
   "Mfr_Name": "RPM HOLDINGS GROUP LLC",
   "VehicleTypes": [
    {
     "IsPrimary": true,
     "Name": "Motorcycle"
    }
   ]
  },
  {
   "Country": "UNITED STATES (USA)",
   "Mfr_CommonName": null,
   "Mfr_ID": 12375,
   "Mfr_Name": "SHADOW INTERIORS",
   "VehicleTypes": []
  },
  {
   "Country": "CHINA",
   "Mfr_CommonName": null,
   "Mfr_ID": 12377,
   "Mfr_Name": "SHANGHAI FU QUAN AUTOMOBILE MANUFACTORY CO., LTD.",
   "VehicleTypes": [
    {
     "IsPrimary": false,
     "Name": "Motorcycle"
    }
   ]
  },
  {
   "Country": "",
   "Mfr_CommonName": null,
   "Mfr_ID": 12378,
   "Mfr_Name": "SHANGHAI JINDO CONTAINER COMPANY LTD.",
   "VehicleTypes": []
  },
  {
   "Country": "CHINA",
   "Mfr_CommonName": null,
   "Mfr_ID": 12379,
   "Mfr_Name": "SHANGHAI ULTRA VEHICLE PARTS CO. LTD.",
   "VehicleTypes": []
  },
  {
   "Country": "UNITED STATES (USA)",
   "Mfr_CommonName": null,
   "Mfr_ID": 12381,
   "Mfr_Name": "SKYLIFT",
   "VehicleTypes": []
  },
  {
   "Country": "UNITED STATES (USA)",
   "Mfr_CommonName": null,
   "Mfr_ID": 12383,
   "Mfr_Name": "STRAIT-STOP MANUFACTURING COMPANY",
   "VehicleTypes": []
  },
  {
   "Country": "UNITED STATES (USA)",
   "Mfr_CommonName": null,
   "Mfr_ID": 12385,
   "Mfr_Name": "SUNBEAM MOTORSPORTS INC.",
   "VehicleTypes": [
    {
     "IsPrimary": true,
     "Name": "Motorcycle"
    }
   ]
  },
  {
   "Country": "UNITED STATES (USA)",
   "Mfr_CommonName": null,
   "Mfr_ID": 12388,
   "Mfr_Name": "TEREX-TELELECT, INC.",
   "VehicleTypes": [
    {
     "IsPrimary": true,
     "Name": "Truck "
    }
   ]
  },
  {
   "Country": "UNITED STATES (USA)",
   "Mfr_CommonName": null,
   "Mfr_ID": 12389,
   "Mfr_Name": "TEXAS PRECISION MANUFACTURING, INC.",
   "VehicleTypes": []
  },
  {
   "Country": "UNITED STATES (USA)",
   "Mfr_CommonName": "Tiffin",
   "Mfr_ID": 12392,
   "Mfr_Name": "TIFFIN MOTOR HOMES INC.",
   "VehicleTypes": [
    {
     "IsPrimary": true,
     "Name": "Multipurpose Passenger Vehicle (MPV)"
    }
   ]
  },
  {
   "Country": "UNITED STATES (USA)",
   "Mfr_CommonName": null,
   "Mfr_ID": 12393,
   "Mfr_Name": "TIM NOBLES TRAILERS INC.",
   "VehicleTypes": []
  },
  {
   "Country": "UNITED STATES (USA)",
   "Mfr_CommonName": null,
   "Mfr_ID": 12394,
   "Mfr_Name": "TRELAN MANUFACTURING",
   "VehicleTypes": []
  },
  {
   "Country": "UNITED STATES (USA)",
   "Mfr_CommonName": null,
   "Mfr_ID": 12395,
   "Mfr_Name": "TRIXMOTIVE LIMOUSINES & CUSTOM VEHICLES DBA MOONLIGHT INDUSTRIES",
   "VehicleTypes": [
    {
     "IsPrimary": false,
     "Name": "Passenger Car"
    }
   ]
  },
  {
   "Country": "UNITED STATES (USA)",
   "Mfr_CommonName": null,
   "Mfr_ID": 12396,
   "Mfr_Name": "TXC MFG. CO.",
   "VehicleTypes": []
  },
  {
   "Country": "TAIWAN",
   "Mfr_CommonName": null,
   "Mfr_ID": 12397,
   "Mfr_Name": "T.Y.C BROTHER INDUSTRIAL CO., LTD.",
   "VehicleTypes": []
  }
 ]
}