{
 "Count": 90,
 "Message": "Response returned successfully",
 "SearchCriteria": null,
 "Results": [
  {
   "Country": "UNITED STATES (USA)",
   "Mfr_CommonName": null,
   "Mfr_ID": 12156,
   "Mfr_Name": "GATOR MOTO UTILITY VEHICLES & MORE LLC, DBA MOTO ELECTRIC VEHICLES",
   "VehicleTypes": [
    {
     "IsPrimary": true,
     "Name": "Low Speed Vehicle (LSV)"
    }
   ]
  },
  {
   "Country": "CHINA",
   "Mfr_CommonName": null,
   "Mfr_ID": 12157,
   "Mfr_Name": "ANHUI ANKAI AUTOMOBILE CO., LTD.",
   "VehicleTypes": [
    {
     "IsPrimary": true,
     "Name": "Bus"
    }
   ]
  },
  {
   "Country": "UNITED STATES (USA)",
   "Mfr_CommonName": null,
   "Mfr_ID": 12158,
   "Mfr_Name": "ALLEY RAT CUSTOM CYCLES LLC",
   "VehicleTypes": [
    {
     "IsPrimary": true,
     "Name": "Motorcycle"
    }
   ]
  },
  {
   "Country": "UNITED STATES (USA)",
   "Mfr_CommonName": null,
   "Mfr_ID": 12159,
   "Mfr_Name": "WEST SIDE CHOPPERS",
   "VehicleTypes": [
    {
     "IsPrimary": true,
     "Name": "Motorcycle"
    }
   ]
  },
  {
   "Country": "UNITED STATES (USA)",
   "Mfr_CommonName": null,
   "Mfr_ID": 12160,
   "Mfr_Name": "TITAN IMPORTS INC. DBA US TITAN INC.",
   "VehicleTypes": [
    {
     "IsPrimary": true,
     "Name": "Motorcycle"
    }
   ]
  },
  {
   "Country": "UNITED STATES (USA)",
   "Mfr_CommonName": null,
   "Mfr_ID": 12161,
   "Mfr_Name": "EYE4DESIGN CONVERSIONS, LLC",
   "VehicleTypes": [
    {
     "IsPrimary": true,
     "Name": "Trailer"
    }
   ]
  },
  {
   "Country": "UNITED STATES (USA)",
   "Mfr_CommonName": null,
   "Mfr_ID": 12162,
   "Mfr_Name": "STRUCTURAL METAL FABRICATORS, INC.",
   "VehicleTypes": [
    {
     "IsPrimary": true,
     "Name": "Trailer"
    }
   ]
  },
  {
   "Country": "UNITED STATES (USA)",
   "Mfr_CommonName": null,
   "Mfr_ID": 12163,
   "Mfr_Name": "SUNBELT EQUIPMENT MARKETING, INC.",
   "VehicleTypes": [
    {
     "IsPrimary": true,
     "Name": "Trailer"
    }
   ]
  },
  {
   "Country": "CHINA",
   "Mfr_CommonName": null,
   "Mfr_ID": 12164,
   "Mfr_Name": "JINAN DALONG VEHICLE INDUSTRY CO. LTD. (QINGQI GROUP MOTORCYCLE CO. LTD.)",
   "VehicleTypes": [
    {
     "IsPrimary": true,
     "Name": "Low Speed Vehicle (LSV)"
    }
   ]
  },
  {
   "Country": "UNITED STATES (USA)",
   "Mfr_CommonName": null,
   "Mfr_ID": 12165,
   "Mfr_Name": "OLYMPUS TECHNOLOGIES, INC.",
   "VehicleTypes": [
    {
     "IsPrimary": true,
     "Name": "Trailer"
    }
   ]
  },
  {
   "Country": "CHINA",
   "Mfr_CommonName": null,
   "Mfr_ID": 12166,
   "Mfr_Name": "TAIZHOU LUQIAO XIN DA JIN PLASTIC MOULD CO., LTD.",
   "VehicleTypes": []
  },
  {
   "Country": "INDIA",
   "Mfr_CommonName": "Imperial Auto ",
   "Mfr_ID": 12167,
   "Mfr_Name": "IMPERIAL AUTO INDUSTRIES, LTD.",
   "VehicleTypes": []
  },
  {
   "Country": "UNITED STATES (USA)",
   "Mfr_CommonName": null,
   "Mfr_ID": 12168,
   "Mfr_Name": "ALL STAR TRAILERS",
   "VehicleTypes": [
    {
     "IsPrimary": true,
     "Name": "Trailer"
    }
   ]
  },
  {
   "Country": "UNITED STATES (USA)",
   "Mfr_CommonName": null,
   "Mfr_ID": 12169,
   "Mfr_Name": "JRS CUSTOM FABRICATION, INC.",
   "VehicleTypes": [
    {
     "IsPrimary": true,
     "Name": "Trailer"
    }
   ]
  },
  {
   "Country": "UNITED STATES (USA)",
   "Mfr_CommonName": null,
   "Mfr_ID": 12170,
   "Mfr_Name": "MISSION MOTOR COMPANY",
   "VehicleTypes": [
    {
     "IsPrimary": true,
     "Name": "Motorcycle"
    }
   ]
  },
  {
   "Country": "UNITED STATES (USA)",
   "Mfr_CommonName": null,
   "Mfr_ID": 12171,
   "Mfr_Name": "LONE WOLF CUSTOMS, L.L.C.",
   "VehicleTypes": [
    {
     "IsPrimary": true,
     "Name": "Motorcycle"
    }
   ]
  },
  {
   "Country": "UNITED STATES (USA)",
   "Mfr_CommonName": null,
   "Mfr_ID": 12172,
   "Mfr_Name": "HARRIS WASTE MANAGEMENT GROUP, INC.",
   "VehicleTypes": [
    {
     "IsPrimary": true,
     "Name": "Trailer"
    }
   ]
  },
  {
   "Country": "UNITED STATES (USA)",
   "Mfr_CommonName": null,
   "Mfr_ID": 12173,
   "Mfr_Name": "C&B QUALITY TRAILER WORKS, INC.",
   "VehicleTypes": [
    {
     "IsPrimary": true,
     "Name": "Trailer"
    }
   ]
  },
  {
   "Country": "UNITED STATES (USA)",
   "Mfr_CommonName": "G & G FAB",
   "Mfr_ID": 12174,
   "Mfr_Name": "G & G FAB",
   "VehicleTypes": [
    {
     "IsPrimary": true,
     "Name": "Trailer"
    }
   ]
  },
  {
   "Country": "UNITED STATES (USA)",
   "Mfr_CommonName": null,
   "Mfr_ID": 12175,
   "Mfr_Name": "FABWELD, INC.",
   "VehicleTypes": [
    {
     "IsPrimary": true,
     "Name": "Trailer"
    }
   ]
  },
  {
   "Country": "CANADA",
   "Mfr_CommonName": null,
   "Mfr_ID": 12176,
   "Mfr_Name": "CROSS COUNTRY MFG.",
   "VehicleTypes": [
    {
     "IsPrimary": true,
     "Name": "Trailer"
    }
   ]
  },
  {
   "Country": "UNITED STATES (USA)",
   "Mfr_CommonName": null,
   "Mfr_ID": 12177,
   "Mfr_Name": "MARREL CORPORATION",
   "VehicleTypes": [
    {
     "IsPrimary": true,
     "Name": "Trailer"
    }
   ]
  },
  {
   "Country": "UNITED STATES (USA)",
   "Mfr_CommonName": null,
   "Mfr_ID": 12178,
   "Mfr_Name": "S & C TRAILER SALES & MANUFACTURER, LLC",
   "VehicleTypes": [
    {
     "IsPrimary": true,
     "Name": "Trailer"
    }
   ]
  },
  {
   "Country": "UNITED STATES (USA)",
   "Mfr_CommonName": null,
   "Mfr_ID": 12179,
   "Mfr_Name": "THE HOG FARM",
   "VehicleTypes": [
    {
     "IsPrimary": true,
     "Name": "Motorcycle"
    }
   ]
  },
  {
   "Country": "UNITED STATES (USA)",
   "Mfr_CommonName": null,
   "Mfr_ID": 12180,
   "Mfr_Name": "NEXGEN INNOVATIONS LLC",
   "VehicleTypes": []
  },
  {
   "Country": "UNITED STATES (USA)",
   "Mfr_CommonName": null,
   "Mfr_ID": 12181,
   "Mfr_Name": "EVERGREEN OFF ROAD CAMPERS, LLC",
   "VehicleTypes": [
    {
     "IsPrimary": true,
     "Name": "Trailer"
    }
   ]
  },
  {
   "Country": "UNITED STATES (USA)",
   "Mfr_CommonName": null,
   "Mfr_ID": 12182,
   "Mfr_Name": "ORBIT BABY INC.",
   "VehicleTypes": []
  },
  {
   "Country": "UNITED STATES (USA)",
   "Mfr_CommonName": null,
   "Mfr_ID": 12183,
   "Mfr_Name": "RED OAK MFG., INC.",
   "VehicleTypes": [
    {
     "IsPrimary": true,
     "Name": "Trailer"
    }
   ]
  },
  {
   "Country": "UNITED STATES (USA)",
   "Mfr_CommonName": null,
   "Mfr_ID": 12184,
   "Mfr_Name": "A-1 LIMO DEPOT",
   "VehicleTypes": [
    {
     "IsPrimary": true,
     "Name": "Trailer"
    }
   ]
  },
  {
   "Country": "UNITED STATES (USA)",
   "Mfr_CommonName": "CTP",
   "Mfr_ID": 12185,
   "Mfr_Name": "COLUMBUS TRADING-PARTNERS USA, INC.",
   "VehicleTypes": []
  },
  {
   "Country": "UNITED STATES (USA)",
   "Mfr_CommonName": null,
   "Mfr_ID": 12186,
   "Mfr_Name": "UTILITYMATE LLC",
   "VehicleTypes": [
    {
     "IsPrimary": true,
     "Name": "Trailer"
    }
   ]
  },
  {
   "Country": "UNITED STATES (USA)",
   "Mfr_CommonName": null,
   "Mfr_ID": 12187,
   "Mfr_Name": "LOW SPEED VEHICLES BY HARLINGEN GOLF ALA CART",
   "VehicleTypes": [
    {
     "IsPrimary": true,
     "Name": "Low Speed Vehicle (LSV)"
    }
   ]
  },
  {
   "Country": "UNITED STATES (USA)",
   "Mfr_CommonName": null,
   "Mfr_ID": 12188,
   "Mfr_Name": "CARGO HUTCH, INC.",
   "VehicleTypes": [
    {
     "IsPrimary": true,
     "Name": "Truck "
    }
   ]
  },
  {
   "Country": "UNITED STATES (USA)",
   "Mfr_CommonName": null,
   "Mfr_ID": 12189,
   "Mfr_Name": "ALLIED MANUFACTURING, INC.",
   "VehicleTypes": [
    {
     "IsPrimary": true,
     "Name": "Trailer"
    }
   ]
  },
  {
   "Country": "UNITED STATES (USA)",
   "Mfr_CommonName": null,
   "Mfr_ID": 12190,
   "Mfr_Name": "C.C. TRAILERS INC. DBA CUSTOM CABS & TRAILERS",
   "VehicleTypes": [
    {
     "IsPrimary": true,
     "Name": "Truck "
    }
   ]
  },
  {
   "Country": "UNITED STATES (USA)",
   "Mfr_CommonName": null,
   "Mfr_ID": 12191,
   "Mfr_Name": "DTP MUSCLE, LLC ",
   "VehicleTypes": [
    {
     "IsPrimary": true,
     "Name": "Motorcycle"
    }
   ]
  },
  {
   "Country": "UNITED STATES (USA)",
   "Mfr_CommonName": null,
   "Mfr_ID": 12192,
   "Mfr_Name": "TRAIL ONE LLC",
   "VehicleTypes": []
  },
  {
   "Country": "UNITED STATES (USA)",
   "Mfr_CommonName": null,
   "Mfr_ID": 12193,
   "Mfr_Name": "LOYALTY MOBILE INNOVATIONS, INC.",
   "VehicleTypes": [
    {
     "IsPrimary": false,
     "Name": "Truck "
    },
    {
     "IsPrimary": false,
     "Name": "Bus"
    },
    {
     "IsPrimary": false,
     "Name": "Trailer"
    },
    {
     "IsPrimary": false,
     "Name": "Multipurpose Passenger Vehicle (MPV)"
    }
   ]
  },
  {
   "Country": "UNITED STATES (USA)",
   "Mfr_CommonName": null,
   "Mfr_ID": 12194,
   "Mfr_Name": "STEHL TOW",
   "VehicleTypes": [
    {
     "IsPrimary": true,
     "Name": "Trailer"
    }
   ]
  },
  {
   "Country": "UNITED STATES (USA)",
   "Mfr_CommonName": "Limo Land",
   "Mfr_ID": 12195,
   "Mfr_Name": "LIMO LAND, INC.",
   "VehicleTypes": [
    {
     "IsPrimary": true,
     "Name": "Passenger Car"
    },
    {
     "IsPrimary": false,
     "Name": "Bus"
    },
    {
     "IsPrimary": false,
     "Name": "Multipurpose Passenger Vehicle (MPV)"
    }
   ]
  },
  {
   "Country": "UNITED STATES (USA)",
   "Mfr_CommonName": null,
   "Mfr_ID": 12196,
   "Mfr_Name": "PROGRESS SOLAR SOLUTIONS LLC",
   "VehicleTypes": [
    {
     "IsPrimary": true,
     "Name": "Trailer"
    }
   ]
  },
  {
   "Country": "UNITED STATES (USA)",
   "Mfr_CommonName": null,
   "Mfr_ID": 12197,
   "Mfr_Name": "MOR/RYDE INTERNATIONAL",
   "VehicleTypes": [
    {
     "IsPrimary": false,
     "Name": "Truck "
    },
    {
     "IsPrimary": false,
     "Name": "Bus"
    },
    {
     "IsPrimary": false,
     "Name": "Multipurpose Passenger Vehicle (MPV)"
    }
   ]
  },
  {
   "Country": "UNITED STATES (USA)",
   "Mfr_CommonName": null,
   "Mfr_ID": 12198,
   "Mfr_Name": "PRAIRIE CREEK MFG. LLC",
   "VehicleTypes": [
    {
     "IsPrimary": true,
     "Name": "Trailer"
    }
   ]
  },
  {
   "Country": "UNITED STATES (USA)",
   "Mfr_CommonName": null,
   "Mfr_ID": 12199,
   "Mfr_Name": "NATIONAL CUSTOMIZED TRAILERS",
   "VehicleTypes": [
    {
     "IsPrimary": true,
     "Name": "Trailer"
    }
   ]
  },
  {
   "Country": "UNITED STATES (USA)",
   "Mfr_CommonName": null,
   "Mfr_ID": 12200,
   "Mfr_Name": "REBEL CUSTOM TRAILERS",
   "VehicleTypes": [
    {
     "IsPrimary": true,
     "Name": "Trailer"
    }
   ]
  },
  {
   "Country": "UNITED STATES (USA)",
   "Mfr_CommonName": null,
   "Mfr_ID": 12201,
   "Mfr_Name": "HAPPY TRAILS TRAILERS LLC",
   "VehicleTypes": [
    {
     "IsPrimary": true,
     "Name": "Trailer"
    }
   ]
  },
  {
   "Country": "UNITED STATES (USA)",
   "Mfr_CommonName": null,
   "Mfr_ID": 12202,
   "Mfr_Name": "CENTRAL MS CUSTOM BUILT TRAILERS",
   "VehicleTypes": [
    {
     "IsPrimary": true,
     "Name": "Trailer"
    }
   ]
  },
  {
   "Country": "UNITED STATES (USA)",
   "Mfr_CommonName": null,
   "Mfr_ID": 12203,
   "Mfr_Name": "SHADOW LITE, INC.",
   "VehicleTypes": [
    {
     "IsPrimary": true,
     "Name": "Trailer"
    }
   ]
  },
  {
   "Country": "UNITED STATES (USA)",
   "Mfr_CommonName": null,
   "Mfr_ID": 12204,
   "Mfr_Name": "PETERSON TRAILERS",
   "VehicleTypes": []
  },
  {
   "Country": "UNITED STATES (USA)",
   "Mfr_CommonName": null,
   "Mfr_ID": 12205,
   "Mfr_Name": "AVERA MOTORS",
   "VehicleTypes": [
    {
     "IsPrimary": true,
     "Name": "Passenger Car"
    }
   ]
  },
  {
   "Country": "UNITED STATES (USA)",
   "Mfr_CommonName": null,
   "Mfr_ID": 12206,
   "Mfr_Name": "SAW MANUFACTURING LLC",
   "VehicleTypes": [
    {
     "IsPrimary": true,
     "Name": "Trailer"
    }
   ]
  },
  {
   "Country": "UNITED STATES (USA)",
   "Mfr_CommonName": null,
   "Mfr_ID": 12207,
   "Mfr_Name": "EAGLE SPECIALTY VEHICLES, LLC",
   "VehicleTypes": [
    {
     "IsPrimary": false,
     "Name": "Passenger Car"
    },
    {
     "IsPrimary": true,
     "Name": "Truck "
    },
    {
     "IsPrimary": false,
     "Name": "Multipurpose Passenger Vehicle (MPV)"
    }
   ]
  },
  {
   "Country": "UNITED STATES (USA)",
   "Mfr_CommonName": null,
   "Mfr_ID": 12208,
   "Mfr_Name": "STREET LEGAL CARTZ",
   "VehicleTypes": [
    {
     "IsPrimary": true,
     "Name": "Low Speed Vehicle (LSV)"
    }
   ]
  },
  {
   "Country": "UNITED STATES (USA)",
   "Mfr_CommonName": null,
   "Mfr_ID": 12209,
   "Mfr_Name": "AMERICA'S INC.",
   "VehicleTypes": [
    {
     "IsPrimary": true,
     "Name": "Low Speed Vehicle (LSV)"
    }
   ]
  },
  {
   "Country": "UNITED STATES (USA)",
   "Mfr_CommonName": null,
   "Mfr_ID": 12210,
   "Mfr_Name": "ZORESCO EQUIPMENT CO",
   "VehicleTypes": [
    {
     "IsPrimary": true,
     "Name": "Truck "
    }
   ]
  },
  {
   "Country": "UNITED STATES (USA)",
   "Mfr_CommonName": null,
   "Mfr_ID": 12211,
   "Mfr_Name": "CHESTER'S BUILT TRAILERS",
   "VehicleTypes": [
    {
     "IsPrimary": true,
     "Name": "Trailer"
    }
   ]
  },
  {
   "Country": "UNITED STATES (USA)",
   "Mfr_CommonName": null,
   "Mfr_ID": 12212,
   "Mfr_Name": "MUDDY RIVER MANUFACTURING LLC DBA MUDDY RIVER TEARDROPS, MUDDY RIVER CNC",
   "VehicleTypes": [
    {
     "IsPrimary": true,
     "Name": "Trailer"
    }
   ]
  },
  {
   "Country": "UNITED STATES (USA)",
   "Mfr_CommonName": null,
   "Mfr_ID": 12213,
   "Mfr_Name": "GK MACHINE INC.",
   "VehicleTypes": [
    {
     "IsPrimary": false,
     "Name": "Trailer"
    }
   ]
  },
  {
   "Country": "UNITED STATES (USA)",
   "Mfr_CommonName": null,
   "Mfr_ID": 12214,
   "Mfr_Name": "H & H WELDING, LLC",
   "VehicleTypes": [
    {
     "IsPrimary": false,
     "Name": "Truck "
    },
    {
     "IsPrimary": false,
     "Name": "Trailer"
    }
   ]
  },
  {
   "Country": "UNITED STATES (USA)",
   "Mfr_CommonName": null,
   "Mfr_ID": 12215,
   "Mfr_Name": "RONSON MACHINE & MANUFACTURING, INC.",
   "VehicleTypes": [
    {
     "IsPrimary": false,
     "Name": "Trailer"
    },
    {
     "IsPrimary": false,
     "Name": "Incomplete Vehicle"
    }
   ]
  },
  {
   "Country": "UNITED STATES (USA)",
   "Mfr_CommonName": null,
   "Mfr_ID": 12216,
   "Mfr_Name": "PEDAL CRAWLER, LLC",
   "VehicleTypes": [
    {
     "IsPrimary": true,
     "Name": "Low Speed Vehicle (LSV)"
    }
   ]
  },
  {
   "Country": "UNITED STATES (USA)",
   "Mfr_CommonName": null,
   "Mfr_ID": 12217,
   "Mfr_Name": "AXO SHREDDERS, INC.",
   "VehicleTypes": [
    {
     "IsPrimary": true,
     "Name": "Truck "
    }
   ]
  },
  {
   "Country": "UNITED STATES (USA)",
   "Mfr_CommonName": null,
   "Mfr_ID": 12218,
   "Mfr_Name": "STREATOR INDUSTRIAL HANDLING, INC. ",
   "VehicleTypes": [
    {
     "IsPrimary": true,
     "Name": "Trailer"
    }
   ]
  },
  {
   "Country": "UNITED STATES (USA)",
   "Mfr_CommonName": null,
   "Mfr_ID": 12219,
   "Mfr_Name": "SUN TRAILERS LLC",
   "VehicleTypes": [
    {
     "IsPrimary": false,
     "Name": "Trailer"
    }
   ]
  },
  {
   "Country": "UNITED STATES (USA)",
   "Mfr_CommonName": null,
   "Mfr_ID": 12220,
   "Mfr_Name": "AGILITY FUEL SYSTEMS, INC.",
   "VehicleTypes": []
  },
  {
   "Country": "UNITED STATES (USA)",
   "Mfr_CommonName": "HAWKER WELL WORKS, Inc",
   "Mfr_ID": 12222,
   "Mfr_Name": "HAWKER EQUIPMENT SOLUTIONS, LLC DBA HAWKER WELL WORKS",
   "VehicleTypes": [
    {
     "IsPrimary": true,
     "Name": "Trailer"
    }
   ]
  },
  {
   "Country": "UNITED STATES (USA)",
   "Mfr_CommonName": null,
   "Mfr_ID": 12223,
   "Mfr_Name": "M.A.C. INC.",
   "VehicleTypes": [
    {
     "IsPrimary": false,
     "Name": "Trailer"
    }
   ]
  },
  {
   "Country": "CHINA",
   "Mfr_CommonName": null,
   "Mfr_ID": 12224,
   "Mfr_Name": "QINHUANGDAO XINGLONG WHEELS CO., LTD",
   "VehicleTypes": []
  },
  {
   "Country": "POLAND",
   "Mfr_CommonName": null,
   "Mfr_ID": 12226,
   "Mfr_Name": "HUTCHINSON POLAND SP Z.O.O.",
   "VehicleTypes": []
  },
  {
   "Country": "UNITED STATES (USA)",
   "Mfr_CommonName": null,
   "Mfr_ID": 12227,
   "Mfr_Name": "BIKETOO, INC.",
   "VehicleTypes": [
    {
     "IsPrimary": false,
     "Name": "Motorcycle"
    }
   ]
  },
  {
   "Country": "UNITED STATES (USA)",
   "Mfr_CommonName": null,
   "Mfr_ID": 12228,
   "Mfr_Name": "BAY WELDING SERVICES INC.",
   "VehicleTypes": [
    {
     "IsPrimary": false,
     "Name": "Trailer"
    }
   ]
  },
  {
   "Country": "CHINA",
   "Mfr_CommonName": null,
   "Mfr_ID": 12229,
   "Mfr_Name": "HUAIBEI WANYUAN INDUSTRY & TRADE CO., LTD. RUBBER & PLASTICS PRODUCT FACTORY",
   "VehicleTypes": []
  },
  {
   "Country": "UNITED STATES (USA)",
   "Mfr_CommonName": null,
   "Mfr_ID": 12230,
   "Mfr_Name": "KLINGER TRAILER, INC.",
   "VehicleTypes": [
    {
     "IsPrimary": false,
     "Name": "Trailer"
    }
   ]
  },
  {
   "Country": "UNITED STATES (USA)",
   "Mfr_CommonName": null,
   "Mfr_ID": 12231,
   "Mfr_Name": "DESCO MFG., INC.",
   "VehicleTypes": [
    {
     "IsPrimary": false,
     "Name": "Trailer"
    }
   ]
  },
  {
   "Country": "CHINA",
   "Mfr_CommonName": null,
   "Mfr_ID": 12232,
   "Mfr_Name": "CHANGZHOU GUOSHI VEHICLE FITTINGS CO., LTD",
   "VehicleTypes": []
  },
  {
   "Country": "CHINA",
   "Mfr_CommonName": null,
   "Mfr_ID": 12234,
   "Mfr_Name": "LIAN YUNGANG GEMSY HEAVY INDUSTRY EQUIPMENT CO., LTD.",
   "VehicleTypes": []
  },
  {
   "Country": "UNITED STATES (USA)",
   "Mfr_CommonName": null,
   "Mfr_ID": 12235,
   "Mfr_Name": "GRAND DESIGN RV, LLC",
   "VehicleTypes": [
    {
     "IsPrimary": false,
     "Name": "Trailer"
    }
   ]
  },
  {
   "Country": "UNITED STATES (USA)",
   "Mfr_CommonName": null,
   "Mfr_ID": 12236,
   "Mfr_Name": "ARIA GROUP, INC.",
   "VehicleTypes": [
    {
     "IsPrimary": false,
     "Name": "Truck "
    },
    {
     "IsPrimary": false,
     "Name": "Bus"
    }
   ]
  },
  {
   "Country": "UNITED STATES (USA)",
   "Mfr_CommonName": null,
   "Mfr_ID": 12238,
   "Mfr_Name": "MOHAWK VALLEY WELDING & STAINLESS STEEL",
   "VehicleTypes": [
    {
     "IsPrimary": false,
     "Name": "Trailer"
    }
   ]
  },
  {
   "Country": "UNITED STATES (USA)",
   "Mfr_CommonName": null,
   "Mfr_ID": 12239,
   "Mfr_Name": "BREWER AUTOMOTIVE EQUIPMENT",
   "VehicleTypes": [
    {
     "IsPrimary": false,
     "Name": "Trailer"
    }
   ]
  },
  {
   "Country": "UNITED STATES (USA)",
   "Mfr_CommonName": null,
   "Mfr_ID": 12240,
   "Mfr_Name": "NOSSO AUTOMOTIVE",
   "VehicleTypes": [
    {
     "IsPrimary": false,
     "Name": "Truck "
    },
    {
     "IsPrimary": false,
     "Name": "Bus"
    }
   ]
  },
  {
   "Country": "UNITED STATES (USA)",
   "Mfr_CommonName": null,
   "Mfr_ID": 12241,
   "Mfr_Name": "PEACH STATE AMBULANCE, INC.",
   "VehicleTypes": [
    {
     "IsPrimary": false,
     "Name": "Multipurpose Passenger Vehicle (MPV)"
    }
   ]
  },
  {
   "Country": "UNITED STATES (USA)",
   "Mfr_CommonName": null,
   "Mfr_ID": 12242,
   "Mfr_Name": "GROTE INDUSTRIES,LLC",
   "VehicleTypes": []
  },
  {
   "Country": "UNITED STATES (USA)",
   "Mfr_CommonName": null,
   "Mfr_ID": 12243,
   "Mfr_Name": "WALINGA USA, INC.",
   "VehicleTypes": [
    {
     "IsPrimary": true,
     "Name": "Trailer"
    }
   ]
  },
  {
   "Country": "UNITED STATES (USA)",
   "Mfr_CommonName": null,
   "Mfr_ID": 12244,
   "Mfr_Name": "3M COMPANY",
   "VehicleTypes": []
  },
  {
   "Country": "UNITED STATES (USA)",
   "Mfr_CommonName": null,
   "Mfr_ID": 12245,
   "Mfr_Name": "TIMBERY LLC",
   "VehicleTypes": [
    {
     "IsPrimary": false,
     "Name": "Trailer"
    }
   ]
  },
  {
   "Country": "UNITED STATES (USA)",
   "Mfr_CommonName": null,
   "Mfr_ID": 12246,
   "Mfr_Name": "OPTIMUM COMPOSITE TECHNOLOGIES, LLC",
   "VehicleTypes": []
  },
  {
   "Country": "UNITED STATES (USA)",
   "Mfr_CommonName": null,
   "Mfr_ID": 12247,
   "Mfr_Name": "COHEN METALS GROUP, LLC",
   "VehicleTypes": [
    {
     "IsPrimary": false,
     "Name": "Trailer"
    }
   ]
  },
  {
   "Country": "UNITED STATES (USA)",
   "Mfr_CommonName": null,
   "Mfr_ID": 12248,
   "Mfr_Name": "C & J SERVICES & SUPPLIES, INC.",
   "VehicleTypes": [
    {
     "IsPrimary": false,
     "Name": "Trailer"
    }
   ]
  },
  {
   "Country": "SPAIN",
   "Mfr_CommonName": null,
   "Mfr_ID": 12249,
   "Mfr_Name": "LUMA INDUSTRIAS, S.A.",
   "VehicleTypes": []
  }
 ]
}