{
 "Count": 94,
 "Message": "Response returned successfully",
 "SearchCriteria": null,
 "Results": [
  {
   "Country": "UNITED STATES (USA)",
   "Mfr_CommonName": null,
   "Mfr_ID": 14486,
   "Mfr_Name": "NILFISK PRESSURE-PRO LLC",
   "VehicleTypes": [
    {
     "IsPrimary": false,
     "Name": "Trailer"
    }
   ]
  },
  {
   "Country": "ITALY",
   "Mfr_CommonName": null,
   "Mfr_ID": 14487,
   "Mfr_Name": "AGV S.p.A.",
   "VehicleTypes": []
  },
  {
   "Country": "CHINA",
   "Mfr_CommonName": null,
   "Mfr_ID": 14488,
   "Mfr_Name": "NINGBO HOJA LIGHTING PRODUCTS CO., LTD.",
   "VehicleTypes": []
  },
  {
   "Country": "CHINA",
   "Mfr_CommonName": null,
   "Mfr_ID": 14489,
   "Mfr_Name": "Shan Dong Lu Jun Electric Vehicle Co., Ltd.",
   "VehicleTypes": []
  },
  {
   "Country": "CHINA",
   "Mfr_CommonName": null,
   "Mfr_ID": 14490,
   "Mfr_Name": "Zhanjiang Global Steel Wheel Manufacturing Co., Ltd.",
   "VehicleTypes": []
  },
  {
   "Country": "CANADA",
   "Mfr_CommonName": null,
   "Mfr_ID": 14491,
   "Mfr_Name": "Riderz Ragz Inc.",
   "VehicleTypes": []
  },
  {
   "Country": "UNITED STATES (USA)",
   "Mfr_CommonName": null,
   "Mfr_ID": 14492,
   "Mfr_Name": "ACE MANUFACTURING LLC",
   "VehicleTypes": [
    {
     "IsPrimary": true,
     "Name": "Trailer"
    }
   ]
  },
  {
   "Country": "ITALY",
   "Mfr_CommonName": null,
   "Mfr_ID": 14493,
   "Mfr_Name": "C.I.D. srl Compagnia Italiana Deflettori",
   "VehicleTypes": []
  },
  {
   "Country": "ITALY",
   "Mfr_CommonName": null,
   "Mfr_ID": 14494,
   "Mfr_Name": "SPA STAMPAGGIO PLASTICA E AFFINI SPA",
   "VehicleTypes": []
  },
  {
   "Country": "ITALY",
   "Mfr_CommonName": null,
   "Mfr_ID": 14495,
   "Mfr_Name": "Lenti srl",
   "VehicleTypes": []
  },
  {
   "Country": "SWEDEN",
   "Mfr_CommonName": "SAAB",
   "Mfr_ID": 14497,
   "Mfr_Name": "SAAB AUTOMOBILE AB",
   "VehicleTypes": [
    {
     "IsPrimary": false,
     "Name": "Passenger Car"
    }
   ]
  },
  {
   "Country": "UNITED STATES (USA)",
   "Mfr_CommonName": null,
   "Mfr_ID": 14498,
   "Mfr_Name": "MONTOYA, ARNOLD, INDIVIDUAL",
   "VehicleTypes": []
  },
  {
   "Country": "CHINA",
   "Mfr_CommonName": null,
   "Mfr_ID": 14499,
   "Mfr_Name": "SAILUN (SHENYANG) TIRE CO., LTD.",
   "VehicleTypes": []
  },
  {
   "Country": "CHINA",
   "Mfr_CommonName": null,
   "Mfr_ID": 14500,
   "Mfr_Name": "BAYI RUBBER CO., LTD.",
   "VehicleTypes": []
  },
  {
   "Country": "FRANCE",
   "Mfr_CommonName": null,
   "Mfr_ID": 14501,
   "Mfr_Name": "FAUTRAS HORSE TRAILERS (JLFD PRODUCTION)",
   "VehicleTypes": [
    {
     "IsPrimary": false,
     "Name": "Trailer"
    }
   ]
  },
  {
   "Country": "UNITED STATES (USA)",
   "Mfr_CommonName": null,
   "Mfr_ID": 14502,
   "Mfr_Name": "ALL HOSE, INC",
   "VehicleTypes": []
  },
  {
   "Country": "UNITED STATES (USA)",
   "Mfr_CommonName": null,
   "Mfr_ID": 14503,
   "Mfr_Name": "TROJAN IND. INC",
   "VehicleTypes": [
    {
     "IsPrimary": false,
     "Name": "Truck "
    }
   ]
  },
  {
   "Country": "UNITED STATES (USA)",
   "Mfr_CommonName": null,
   "Mfr_ID": 14504,
   "Mfr_Name": "MOUSE HOUSE TINY HOMES LLC",
   "VehicleTypes": [
    {
     "IsPrimary": false,
     "Name": "Trailer"
    }
   ]
  },
  {
   "Country": "CHINA",
   "Mfr_CommonName": null,
   "Mfr_ID": 14505,
   "Mfr_Name": "Jiangmen Giantco Motorcycle Company Limited",
   "VehicleTypes": []
  },
  {
   "Country": "TAIWAN",
   "Mfr_CommonName": null,
   "Mfr_ID": 14506,
   "Mfr_Name": "ESUSE Auto Parts Mfg. Co., Ltd.",
   "VehicleTypes": []
  },
  {
   "Country": "TURKEY",
   "Mfr_CommonName": "SISECAM AUTOMOTIVE",
   "Mfr_ID": 14507,
   "Mfr_Name": "SISECAM OTOMOTIV A.S.",
   "VehicleTypes": []
  },
  {
   "Country": "UNITED STATES (USA)",
   "Mfr_CommonName": null,
   "Mfr_ID": 14508,
   "Mfr_Name": "WABASH NATIONAL CORPORATION",
   "VehicleTypes": []
  },
  {
   "Country": "TURKEY",
   "Mfr_CommonName": null,
   "Mfr_ID": 14509,
   "Mfr_Name": "Ortakci Cam Tic. Ve San. A.S.",
   "VehicleTypes": []
  },
  {
   "Country": "BULGARIA",
   "Mfr_CommonName": null,
   "Mfr_ID": 14510,
   "Mfr_Name": "SISECAM AUTOMOTIVE BULGARIA EAD",
   "VehicleTypes": []
  },
  {
   "Country": "SERBIA",
   "Mfr_CommonName": null,
   "Mfr_ID": 14511,
   "Mfr_Name": "VIZAHEM, BELGRADE",
   "VehicleTypes": []
  },
  {
   "Country": "UNITED STATES (USA)",
   "Mfr_CommonName": null,
   "Mfr_ID": 14513,
   "Mfr_Name": "CROSS ROADS RV",
   "VehicleTypes": []
  },
  {
   "Country": "CHINA",
   "Mfr_CommonName": null,
   "Mfr_ID": 14514,
   "Mfr_Name": "Weifang Yuelong Rubber Co., Ltd.",
   "VehicleTypes": []
  },
  {
   "Country": "CHINA",
   "Mfr_CommonName": null,
   "Mfr_ID": 14515,
   "Mfr_Name": "Chaoyang Long March Tyre New Co., Ltd.",
   "VehicleTypes": []
  },
  {
   "Country": "CHINA",
   "Mfr_CommonName": null,
   "Mfr_ID": 14516,
   "Mfr_Name": "Rui'an Bentai Car Accessories Co., Ltd.",
   "VehicleTypes": []
  },
  {
   "Country": "CHINA",
   "Mfr_CommonName": null,
   "Mfr_ID": 14517,
   "Mfr_Name": "Wuxi Zhida Vehicle-Manufacturing Co., Ltd.",
   "VehicleTypes": []
  },
  {
   "Country": "UNITED STATES (USA)",
   "Mfr_CommonName": null,
   "Mfr_ID": 14518,
   "Mfr_Name": "LOVE'S TRUCK SOLUTIONS LLC",
   "VehicleTypes": []
  },
  {
   "Country": "VIETNAM",
   "Mfr_CommonName": null,
   "Mfr_ID": 14520,
   "Mfr_Name": "NCC Vietnam Co., Ltd.",
   "VehicleTypes": []
  },
  {
   "Country": "CHINA",
   "Mfr_CommonName": null,
   "Mfr_ID": 14521,
   "Mfr_Name": "BAODING JIANQIANG BRAKE HOSE CO., LTD.",
   "VehicleTypes": []
  },
  {
   "Country": "CHINA",
   "Mfr_CommonName": null,
   "Mfr_ID": 14522,
   "Mfr_Name": "SICHUAN YUANXING RUBBER CO., LTD.",
   "VehicleTypes": []
  },
  {
   "Country": "CHINA",
   "Mfr_CommonName": null,
   "Mfr_ID": 14523,
   "Mfr_Name": "Qingzhou Huachen Rubber Co., Ltd.",
   "VehicleTypes": []
  },
  {
   "Country": "CHINA",
   "Mfr_CommonName": null,
   "Mfr_ID": 14524,
   "Mfr_Name": "Dezhou Linglong Tyre Co., Ltd.",
   "VehicleTypes": []
  },
  {
   "Country": "CHINA",
   "Mfr_CommonName": null,
   "Mfr_ID": 14525,
   "Mfr_Name": "SHANDONG WANSHINE TIRE CO., LTD.",
   "VehicleTypes": []
  },
  {
   "Country": "CHINA",
   "Mfr_CommonName": null,
   "Mfr_ID": 14526,
   "Mfr_Name": "Dongying Zhongyi Rubber Co., Ltd.",
   "VehicleTypes": []
  },
  {
   "Country": "CHINA",
   "Mfr_CommonName": null,
   "Mfr_ID": 14527,
   "Mfr_Name": "Weifang Huari Rubber Co., Ltd.",
   "VehicleTypes": []
  },
  {
   "Country": "CHINA",
   "Mfr_CommonName": null,
   "Mfr_ID": 14528,
   "Mfr_Name": "Chongqing Dragon Rubber Products Co., Ltd.",
   "VehicleTypes": []
  },
  {
   "Country": "CHINA",
   "Mfr_CommonName": null,
   "Mfr_ID": 14529,
   "Mfr_Name": "Weifang Angu Rubber Industry Co., Ltd.",
   "VehicleTypes": []
  },
  {
   "Country": "CHINA",
   "Mfr_CommonName": null,
   "Mfr_ID": 14530,
   "Mfr_Name": "Shandong Cascen Rubber Ind., Ltd.",
   "VehicleTypes": []
  },
  {
   "Country": "CHINA",
   "Mfr_CommonName": null,
   "Mfr_ID": 14531,
   "Mfr_Name": "TianJin XieLi Rubber Product Limited Company",
   "VehicleTypes": []
  },
  {
   "Country": "CANADA",
   "Mfr_CommonName": null,
   "Mfr_ID": 14532,
   "Mfr_Name": "Nortop Canada Inc.",
   "VehicleTypes": []
  },
  {
   "Country": "UNITED STATES (USA)",
   "Mfr_CommonName": null,
   "Mfr_ID": 14533,
   "Mfr_Name": "CALECHE USA",
   "VehicleTypes": [
    {
     "IsPrimary": true,
     "Name": "Bus"
    }
   ]
  },
  {
   "Country": "MEXICO",
   "Mfr_CommonName": null,
   "Mfr_ID": 14534,
   "Mfr_Name": "Remolques Tanques Equipos S.A de C.V",
   "VehicleTypes": []
  },
  {
   "Country": "CANADA",
   "Mfr_CommonName": null,
   "Mfr_ID": 14535,
   "Mfr_Name": "Willy Dog Ltd.",
   "VehicleTypes": []
  },
  {
   "Country": "CZECH REPUBLIC",
   "Mfr_CommonName": null,
   "Mfr_ID": 14536,
   "Mfr_Name": "RHC specialni privesy",
   "VehicleTypes": []
  },
  {
   "Country": "HONG KONG",
   "Mfr_CommonName": null,
   "Mfr_ID": 14537,
   "Mfr_Name": "S.A.G. Safety Glass Co.",
   "VehicleTypes": []
  },
  {
   "Country": "UNITED STATES (USA)",
   "Mfr_CommonName": "National Automotive",
   "Mfr_ID": 14538,
   "Mfr_Name": "NANT CORPORATION ",
   "VehicleTypes": [
    {
     "IsPrimary": false,
     "Name": "Multipurpose Passenger Vehicle (MPV)"
    }
   ]
  },
  {
   "Country": "CHINA",
   "Mfr_CommonName": null,
   "Mfr_ID": 14539,
   "Mfr_Name": "DONGYING DURUN TYRE CO., LTD.",
   "VehicleTypes": []
  },
  {
   "Country": "CHINA",
   "Mfr_CommonName": null,
   "Mfr_ID": 14540,
   "Mfr_Name": "Weifang Huadong Rubber Co., Ltd.",
   "VehicleTypes": []
  },
  {
   "Country": "UNITED STATES (USA)",
   "Mfr_CommonName": null,
   "Mfr_ID": 14541,
   "Mfr_Name": "SEAGRAVE FIRE APPARATUS LLC",
   "VehicleTypes": []
  },
  {
   "Country": "CHINA",
   "Mfr_CommonName": null,
   "Mfr_ID": 14542,
   "Mfr_Name": "ChangChun FAW Sihuan Automobile CO.,Ltd. Wheel Branch Company",
   "VehicleTypes": []
  },
  {
   "Country": "CHINA",
   "Mfr_CommonName": null,
   "Mfr_ID": 14543,
   "Mfr_Name": "Shandong Hengyu Science & Technology Co., Ltd.",
   "VehicleTypes": []
  },
  {
   "Country": "CHINA",
   "Mfr_CommonName": null,
   "Mfr_ID": 14544,
   "Mfr_Name": "SHANDONG HUGERUBBER CO., LTD. ",
   "VehicleTypes": []
  },
  {
   "Country": "CHINA",
   "Mfr_CommonName": null,
   "Mfr_ID": 14545,
   "Mfr_Name": "Jiangsu Roc Tyres Co., LTD",
   "VehicleTypes": []
  },
  {
   "Country": "UNITED STATES (USA)",
   "Mfr_CommonName": null,
   "Mfr_ID": 14546,
   "Mfr_Name": "ALLIANCE CONCRETE PUMPS USA LP",
   "VehicleTypes": [
    {
     "IsPrimary": true,
     "Name": "Truck "
    }
   ]
  },
  {
   "Country": "MEXICO",
   "Mfr_CommonName": null,
   "Mfr_ID": 14547,
   "Mfr_Name": "T&R TALLERES, S.A. DE C.V.",
   "VehicleTypes": [
    {
     "IsPrimary": false,
     "Name": "Trailer"
    }
   ]
  },
  {
   "Country": "CHINA",
   "Mfr_CommonName": null,
   "Mfr_ID": 14548,
   "Mfr_Name": "JIANGSU SUNHOU S&T MOTORCYCLE CO., LTD.",
   "VehicleTypes": [
    {
     "IsPrimary": false,
     "Name": "Motorcycle"
    }
   ]
  },
  {
   "Country": "FINLAND",
   "Mfr_CommonName": null,
   "Mfr_ID": 14549,
   "Mfr_Name": "Tana Oy",
   "VehicleTypes": []
  },
  {
   "Country": "CHINA",
   "Mfr_CommonName": null,
   "Mfr_ID": 14550,
   "Mfr_Name": "Zhuhai Tectran Automobile Equipment Co., Ltd.",
   "VehicleTypes": []
  },
  {
   "Country": "UNITED STATES (USA)",
   "Mfr_CommonName": "UTILITY",
   "Mfr_ID": 14551,
   "Mfr_Name": "UTILITY TRAILER SALES OF IDAHO, INC.",
   "VehicleTypes": [
    {
     "IsPrimary": true,
     "Name": "Truck "
    },
    {
     "IsPrimary": false,
     "Name": "Incomplete Vehicle"
    }
   ]
  },
  {
   "Country": "CHINA",
   "Mfr_CommonName": null,
   "Mfr_ID": 14552,
   "Mfr_Name": "CIXI JINMAO CAR PARTS CO., LTD.",
   "VehicleTypes": []
  },
  {
   "Country": "UNITED STATES (USA)",
   "Mfr_CommonName": null,
   "Mfr_ID": 14553,
   "Mfr_Name": "AUTOPORT, INC.",
   "VehicleTypes": [
    {
     "IsPrimary": true,
     "Name": "Truck "
    }
   ]
  },
  {
   "Country": "CHINA",
   "Mfr_CommonName": null,
   "Mfr_ID": 14554,
   "Mfr_Name": "WUXI RISHO TECHNOLOGY CO., LTD.",
   "VehicleTypes": []
  },
  {
   "Country": "PERU",
   "Mfr_CommonName": null,
   "Mfr_ID": 14555,
   "Mfr_Name": "APPLE GLASS PERUANA S.A.C",
   "VehicleTypes": []
  },
  {
   "Country": "CHINA",
   "Mfr_CommonName": null,
   "Mfr_ID": 14556,
   "Mfr_Name": "SHANDONG JILUER TYRE CO., LTD.",
   "VehicleTypes": []
  },
  {
   "Country": "CHINA",
   "Mfr_CommonName": null,
   "Mfr_ID": 14557,
   "Mfr_Name": "NINGBO ANGRICHT AUTO PARTS CO., LTD",
   "VehicleTypes": []
  },
  {
   "Country": "CHINA",
   "Mfr_CommonName": null,
   "Mfr_ID": 14558,
   "Mfr_Name": "CHANGZHOU BOMEI GLASS CO., LTD",
   "VehicleTypes": []
  },
  {
   "Country": "TAIWAN",
   "Mfr_CommonName": null,
   "Mfr_ID": 14560,
   "Mfr_Name": "Ultra Motor Taiwan Co., Ltd.",
   "VehicleTypes": []
  },
  {
   "Country": "CHINA",
   "Mfr_CommonName": null,
   "Mfr_ID": 14561,
   "Mfr_Name": "SHANDONG CHANGLU HONG TIRE CO., LTD.",
   "VehicleTypes": []
  },
  {
   "Country": "RUSSIA",
   "Mfr_CommonName": null,
   "Mfr_ID": 14562,
   "Mfr_Name": "Hanil RUS LLC",
   "VehicleTypes": []
  },
  {
   "Country": "UNITED STATES (USA)",
   "Mfr_CommonName": null,
   "Mfr_ID": 14563,
   "Mfr_Name": "CROWN NORTH AMERICA INC.",
   "VehicleTypes": [
    {
     "IsPrimary": false,
     "Name": "Passenger Car"
    },
    {
     "IsPrimary": false,
     "Name": "Truck "
    },
    {
     "IsPrimary": false,
     "Name": "Multipurpose Passenger Vehicle (MPV)"
    }
   ]
  },
  {
   "Country": "MEXICO",
   "Mfr_CommonName": null,
   "Mfr_ID": 14564,
   "Mfr_Name": "CONSTRUCTORA DHAP, S.A. DE C.V.",
   "VehicleTypes": [
    {
     "IsPrimary": false,
     "Name": "Truck "
    },
    {
     "IsPrimary": false,
     "Name": "Multipurpose Passenger Vehicle (MPV)"
    }
   ]
  },
  {
   "Country": "CHINA",
   "Mfr_CommonName": null,
   "Mfr_ID": 14565,
   "Mfr_Name": "Qingdao Great Rubber Factory",
   "VehicleTypes": []
  },
  {
   "Country": "CHINA",
   "Mfr_CommonName": null,
   "Mfr_ID": 14566,
   "Mfr_Name": "Shandong Goodtyre Rubber Co., Ltd.",
   "VehicleTypes": []
  },
  {
   "Country": "CHINA",
   "Mfr_CommonName": null,
   "Mfr_ID": 14567,
   "Mfr_Name": "GUILIN BEILI TYRE CO.,LTD.",
   "VehicleTypes": []
  },
  {
   "Country": "CHINA",
   "Mfr_CommonName": null,
   "Mfr_ID": 14568,
   "Mfr_Name": "CARZOOM VEHICLE PARTS MANUFACTURE LTD.",
   "VehicleTypes": []
  },
  {
   "Country": "UNITED STATES (USA)",
   "Mfr_CommonName": null,
   "Mfr_ID": 14569,
   "Mfr_Name": "COGBURN & COGBURN LLC",
   "VehicleTypes": [
    {
     "IsPrimary": false,
     "Name": "Truck "
    },
    {
     "IsPrimary": false,
     "Name": "Trailer"
    },
    {
     "IsPrimary": false,
     "Name": "Incomplete Vehicle"
    }
   ]
  },
  {
   "Country": "JAPAN",
   "Mfr_CommonName": null,
   "Mfr_ID": 14570,
   "Mfr_Name": "Toyo Tire & Rubber Co. Ltd.",
   "VehicleTypes": []
  },
  {
   "Country": "CHINA",
   "Mfr_CommonName": null,
   "Mfr_ID": 14571,
   "Mfr_Name": "Toyo Tire (Zhangjiagang) Co., Ltd. ",
   "VehicleTypes": []
  },
  {
   "Country": "JAPAN",
   "Mfr_CommonName": null,
   "Mfr_ID": 14572,
   "Mfr_Name": "Toyo Tire and Rubber Co., Ltd.",
   "VehicleTypes": []
  },
  {
   "Country": "MALAYSIA",
   "Mfr_CommonName": null,
   "Mfr_ID": 14573,
   "Mfr_Name": "Toyo Tyre Malaysia Sdn Bhd",
   "VehicleTypes": []
  },
  {
   "Country": "CHINA",
   "Mfr_CommonName": null,
   "Mfr_ID": 14574,
   "Mfr_Name": "Shandong Xingmin Wheel Co., Ltd.",
   "VehicleTypes": []
  },
  {
   "Country": "CHINA",
   "Mfr_CommonName": null,
   "Mfr_ID": 14575,
   "Mfr_Name": "Qingzhou Dajinma Motorcycle Co., Ltd.",
   "VehicleTypes": []
  },
  {
   "Country": "INDONESIA",
   "Mfr_CommonName": null,
   "Mfr_ID": 14576,
   "Mfr_Name": "PT Suryaraya Rubberindo Industries",
   "VehicleTypes": []
  },
  {
   "Country": "VIETNAM",
   "Mfr_CommonName": null,
   "Mfr_ID": 14577,
   "Mfr_Name": "Danng Rubber Joint Stock Company",
   "VehicleTypes": []
  },
  {
   "Country": "BRAZIL",
   "Mfr_CommonName": null,
   "Mfr_ID": 14578,
   "Mfr_Name": "RGR Conexoes Industria E Comercio Ltda",
   "VehicleTypes": []
  },
  {
   "Country": "INDONESIA",
   "Mfr_CommonName": null,
   "Mfr_ID": 14579,
   "Mfr_Name": "PT. BANTENG PRATAMA RUBBER",
   "VehicleTypes": []
  },
  {
   "Country": "VIETNAM",
   "Mfr_CommonName": null,
   "Mfr_ID": 14580,
   "Mfr_Name": "The Southern Rubber Industry of Join Stock Company (CASUMINA)",
   "VehicleTypes": []
  },
  {
   "Country": "BRAZIL",
   "Mfr_CommonName": null,
   "Mfr_ID": 14581,
   "Mfr_Name": "SBU-SOCIEDADE BRASILEIRA DE USINAGENS LTDA.",
   "VehicleTypes": []
  },
  {
   "Country": "INDIA",
   "Mfr_CommonName": null,
   "Mfr_ID": 14582,
   "Mfr_Name": "MRF Limited",
   "VehicleTypes": []
  },
  {
   "Country": "INDIA",
   "Mfr_CommonName": null,
   "Mfr_ID": 14583,
   "Mfr_Name": "CEAT LIMITED",
   "VehicleTypes": []
  }
 ]
}