{
 "Count": 98,
 "Message": "Response returned successfully",
 "SearchCriteria": null,
 "Results": [
  {
   "Country": "UNITED STATES (USA)",
   "Mfr_CommonName": null,
   "Mfr_ID": 2870,
   "Mfr_Name": "TBC FABRICATION, INC",
   "VehicleTypes": [
    {
     "IsPrimary": false,
     "Name": "Truck "
    }
   ]
  },
  {
   "Country": "UNITED STATES (USA)",
   "Mfr_CommonName": null,
   "Mfr_ID": 2871,
   "Mfr_Name": "TCS CABLE INC",
   "VehicleTypes": []
  },
  {
   "Country": "UNITED STATES (USA)",
   "Mfr_CommonName": null,
   "Mfr_ID": 2872,
   "Mfr_Name": "TEAGUE EQUIPMENT COMPANY",
   "VehicleTypes": [
    {
     "IsPrimary": false,
     "Name": "Truck "
    }
   ]
  },
  {
   "Country": "",
   "Mfr_CommonName": null,
   "Mfr_ID": 2873,
   "Mfr_Name": "TEAL MANUFACTURING (WINDSOR) LTD.",
   "VehicleTypes": []
  },
  {
   "Country": "UNITED STATES (USA)",
   "Mfr_CommonName": null,
   "Mfr_ID": 2874,
   "Mfr_Name": "L&M CUSTOM MANUFACTURING LLC",
   "VehicleTypes": []
  },
  {
   "Country": "UNITED STATES (USA)",
   "Mfr_CommonName": null,
   "Mfr_ID": 2875,
   "Mfr_Name": "L & M SALES & SERVICE, INC",
   "VehicleTypes": []
  },
  {
   "Country": "UNITED STATES (USA)",
   "Mfr_CommonName": null,
   "Mfr_ID": 2878,
   "Mfr_Name": "MOTOR VEHICLE SALES OF G.A.",
   "VehicleTypes": []
  },
  {
   "Country": "UNITED STATES (USA)",
   "Mfr_CommonName": null,
   "Mfr_ID": 2879,
   "Mfr_Name": "MOTORCYCLE COMPANY",
   "VehicleTypes": []
  },
  {
   "Country": "UNITED STATES (USA)",
   "Mfr_CommonName": null,
   "Mfr_ID": 2880,
   "Mfr_Name": "MOTORSPORT TRAILERS, INC.",
   "VehicleTypes": []
  },
  {
   "Country": "UNITED STATES (USA)",
   "Mfr_CommonName": null,
   "Mfr_ID": 2881,
   "Mfr_Name": "MOTORSPORTS TRANSPORTERS L.L.C.",
   "VehicleTypes": []
  },
  {
   "Country": "UNITED STATES (USA)",
   "Mfr_CommonName": null,
   "Mfr_ID": 2882,
   "Mfr_Name": "MOTT'S CUSTOM TRAILERS",
   "VehicleTypes": []
  },
  {
   "Country": "UNITED STATES (USA)",
   "Mfr_CommonName": null,
   "Mfr_ID": 2883,
   "Mfr_Name": "MOUNT TRAILER CO.",
   "VehicleTypes": []
  },
  {
   "Country": "UNITED STATES (USA)",
   "Mfr_CommonName": "WFT",
   "Mfr_ID": 2884,
   "Mfr_Name": "MINNEAPOLIS CUSTOM CYCLE",
   "VehicleTypes": [
    {
     "IsPrimary": false,
     "Name": "Motorcycle"
    }
   ]
  },
  {
   "Country": "UNITED STATES (USA)",
   "Mfr_CommonName": null,
   "Mfr_ID": 2885,
   "Mfr_Name": "MINNEAPOLIS EQUIPMENT COMPANY",
   "VehicleTypes": []
  },
  {
   "Country": "UNITED STATES (USA)",
   "Mfr_CommonName": null,
   "Mfr_ID": 2886,
   "Mfr_Name": "MINUTEMAN BOAT HANDLING EQUIPMENT INC",
   "VehicleTypes": []
  },
  {
   "Country": "UNITED STATES (USA)",
   "Mfr_CommonName": null,
   "Mfr_ID": 2887,
   "Mfr_Name": "MINUTEMAN TRUCKS INC",
   "VehicleTypes": [
    {
     "IsPrimary": true,
     "Name": "Truck "
    }
   ]
  },
  {
   "Country": "UNITED STATES (USA)",
   "Mfr_CommonName": null,
   "Mfr_ID": 2888,
   "Mfr_Name": "MIRAGE TRAILERS LLC",
   "VehicleTypes": [
    {
     "IsPrimary": true,
     "Name": "Trailer"
    }
   ]
  },
  {
   "Country": "UNITED STATES (USA)",
   "Mfr_CommonName": null,
   "Mfr_ID": 2889,
   "Mfr_Name": "MIRAMAR FORD TRUCK SALES, INC.",
   "VehicleTypes": []
  },
  {
   "Country": "UNITED STATES (USA)",
   "Mfr_CommonName": null,
   "Mfr_ID": 2890,
   "Mfr_Name": "MIRO-FLEX COMPANY, INC.",
   "VehicleTypes": []
  },
  {
   "Country": "UNITED STATES (USA)",
   "Mfr_CommonName": null,
   "Mfr_ID": 2891,
   "Mfr_Name": "MTS MANUFACTURING",
   "VehicleTypes": []
  },
  {
   "Country": "UNITED STATES (USA)",
   "Mfr_CommonName": null,
   "Mfr_ID": 2892,
   "Mfr_Name": "MUDHENS MANUFACTURING",
   "VehicleTypes": []
  },
  {
   "Country": "",
   "Mfr_CommonName": null,
   "Mfr_ID": 2897,
   "Mfr_Name": "MULTIVANS INC.",
   "VehicleTypes": []
  },
  {
   "Country": "UNITED STATES (USA)",
   "Mfr_CommonName": null,
   "Mfr_ID": 2898,
   "Mfr_Name": "MUNCIE WHITE TRUCK SALES, INC.",
   "VehicleTypes": []
  },
  {
   "Country": "",
   "Mfr_CommonName": null,
   "Mfr_ID": 2899,
   "Mfr_Name": "MUOTOLASI OY",
   "VehicleTypes": []
  },
  {
   "Country": "UNITED STATES (USA)",
   "Mfr_CommonName": null,
   "Mfr_ID": 2901,
   "Mfr_Name": "MURPHY MANUFACTURING COMPANY, INC.",
   "VehicleTypes": [
    {
     "IsPrimary": false,
     "Name": "Truck "
    },
    {
     "IsPrimary": false,
     "Name": "Trailer"
    }
   ]
  },
  {
   "Country": "CANADA",
   "Mfr_CommonName": null,
   "Mfr_ID": 2903,
   "Mfr_Name": "MUST TECHNOLOGIES LTD",
   "VehicleTypes": [
    {
     "IsPrimary": true,
     "Name": "Trailer"
    }
   ]
  },
  {
   "Country": "UNITED STATES (USA)",
   "Mfr_CommonName": null,
   "Mfr_ID": 2904,
   "Mfr_Name": "MUSTANG EQUIPMENT, INC.",
   "VehicleTypes": []
  },
  {
   "Country": "UNITED STATES (USA)",
   "Mfr_CommonName": null,
   "Mfr_ID": 2905,
   "Mfr_Name": "MUSTANG TRAILER CO. INC",
   "VehicleTypes": []
  },
  {
   "Country": "ITALY",
   "Mfr_CommonName": null,
   "Mfr_ID": 2907,
   "Mfr_Name": "MV AGUSTA MOTOR S.P.A.",
   "VehicleTypes": [
    {
     "IsPrimary": true,
     "Name": "Motorcycle"
    }
   ]
  },
  {
   "Country": "UNITED STATES (USA)",
   "Mfr_CommonName": null,
   "Mfr_ID": 2908,
   "Mfr_Name": "MYCO TRAILERS, LLC",
   "VehicleTypes": [
    {
     "IsPrimary": true,
     "Name": "Trailer"
    }
   ]
  },
  {
   "Country": "UNITED STATES (USA)",
   "Mfr_CommonName": null,
   "Mfr_ID": 2909,
   "Mfr_Name": "MYERS & SON  HI-WAY SAFETY INC",
   "VehicleTypes": []
  },
  {
   "Country": "UNITED STATES (USA)",
   "Mfr_CommonName": null,
   "Mfr_ID": 2910,
   "Mfr_Name": "MYERS EQUIPMENT CORP.",
   "VehicleTypes": []
  },
  {
   "Country": "UNITED STATES (USA)",
   "Mfr_CommonName": null,
   "Mfr_ID": 2911,
   "Mfr_Name": "MYERS EQUIPMENT CORPORATION",
   "VehicleTypes": []
  },
  {
   "Country": "CANADA",
   "Mfr_CommonName": null,
   "Mfr_ID": 2912,
   "Mfr_Name": "N&N REMORQUES INC.",
   "VehicleTypes": [
    {
     "IsPrimary": true,
     "Name": "Trailer"
    }
   ]
  },
  {
   "Country": "UNITED STATES (USA)",
   "Mfr_CommonName": null,
   "Mfr_ID": 2913,
   "Mfr_Name": "N I WILSON MFG, CO  INC.",
   "VehicleTypes": []
  },
  {
   "Country": "UNITED STATES (USA)",
   "Mfr_CommonName": null,
   "Mfr_ID": 2914,
   "Mfr_Name": "N-LINE TRAILERS, INC.",
   "VehicleTypes": []
  },
  {
   "Country": "UNITED STATES (USA)",
   "Mfr_CommonName": null,
   "Mfr_ID": 2915,
   "Mfr_Name": "N.A. BURKITT, INC.",
   "VehicleTypes": []
  },
  {
   "Country": "UNITED STATES (USA)",
   "Mfr_CommonName": null,
   "Mfr_ID": 2917,
   "Mfr_Name": "NABORS TRAILERS OF AMERICA, LLC",
   "VehicleTypes": []
  },
  {
   "Country": "UNITED STATES (USA)",
   "Mfr_CommonName": null,
   "Mfr_ID": 2918,
   "Mfr_Name": "NABORS TRAILERS, INC.",
   "VehicleTypes": []
  },
  {
   "Country": "",
   "Mfr_CommonName": null,
   "Mfr_ID": 2920,
   "Mfr_Name": "NAHAM INDUSTRIES, LTD.",
   "VehicleTypes": []
  },
  {
   "Country": "CANADA",
   "Mfr_CommonName": null,
   "Mfr_ID": 2921,
   "Mfr_Name": "NAHANNI INDUSTRIES LTD.",
   "VehicleTypes": []
  },
  {
   "Country": "UNITED STATES (USA)",
   "Mfr_CommonName": null,
   "Mfr_ID": 2922,
   "Mfr_Name": "NALLEY MOTOR TRUCKS, INC.",
   "VehicleTypes": []
  },
  {
   "Country": "UNITED STATES (USA)",
   "Mfr_CommonName": null,
   "Mfr_ID": 2923,
   "Mfr_Name": "RICHCREEK MUFFLER, INC.",
   "VehicleTypes": []
  },
  {
   "Country": "UNITED STATES (USA)",
   "Mfr_CommonName": null,
   "Mfr_ID": 2924,
   "Mfr_Name": "SAPPER TRAILERS INC",
   "VehicleTypes": []
  },
  {
   "Country": "",
   "Mfr_CommonName": null,
   "Mfr_ID": 2925,
   "Mfr_Name": "SASKARC INDUSTRIES",
   "VehicleTypes": []
  },
  {
   "Country": "UNITED STATES (USA)",
   "Mfr_CommonName": null,
   "Mfr_ID": 2926,
   "Mfr_Name": "SATCHELL MFG.",
   "VehicleTypes": []
  },
  {
   "Country": "",
   "Mfr_CommonName": null,
   "Mfr_ID": 2927,
   "Mfr_Name": "THOMAS BUILT BUSES OF CANDA LIMITED",
   "VehicleTypes": []
  },
  {
   "Country": "UNITED STATES (USA)",
   "Mfr_CommonName": null,
   "Mfr_ID": 2928,
   "Mfr_Name": "STRINGFELLOW, INC.",
   "VehicleTypes": []
  },
  {
   "Country": "",
   "Mfr_CommonName": null,
   "Mfr_ID": 2929,
   "Mfr_Name": "STRIT MANUFACTURING INC",
   "VehicleTypes": []
  },
  {
   "Country": "UNITED STATES (USA)",
   "Mfr_CommonName": null,
   "Mfr_ID": 2930,
   "Mfr_Name": "STROBEL BROS.",
   "VehicleTypes": []
  },
  {
   "Country": "UNITED STATES (USA)",
   "Mfr_CommonName": null,
   "Mfr_ID": 2931,
   "Mfr_Name": "TEAM FENEX",
   "VehicleTypes": [
    {
     "IsPrimary": false,
     "Name": "Trailer"
    }
   ]
  },
  {
   "Country": "UNITED STATES (USA)",
   "Mfr_CommonName": null,
   "Mfr_ID": 2933,
   "Mfr_Name": "TEARDROPS & DOLLYS",
   "VehicleTypes": [
    {
     "IsPrimary": false,
     "Name": "Trailer"
    }
   ]
  },
  {
   "Country": "",
   "Mfr_CommonName": null,
   "Mfr_ID": 2934,
   "Mfr_Name": "KOITO MANUFACUTURING CO., LTD.",
   "VehicleTypes": []
  },
  {
   "Country": "UNITED STATES (USA)",
   "Mfr_CommonName": null,
   "Mfr_ID": 2935,
   "Mfr_Name": "KOLSTAD COMPANY",
   "VehicleTypes": []
  },
  {
   "Country": "UNITED STATES (USA)",
   "Mfr_CommonName": null,
   "Mfr_ID": 2936,
   "Mfr_Name": "KOMFORT CORP.",
   "VehicleTypes": [
    {
     "IsPrimary": false,
     "Name": "Trailer"
    }
   ]
  },
  {
   "Country": "UNITED STATES (USA)",
   "Mfr_CommonName": null,
   "Mfr_ID": 2937,
   "Mfr_Name": "KOPAVI TRKES INC",
   "VehicleTypes": []
  },
  {
   "Country": "UNITED STATES (USA)",
   "Mfr_CommonName": null,
   "Mfr_ID": 2938,
   "Mfr_Name": "KOPOC",
   "VehicleTypes": []
  },
  {
   "Country": "UNITED STATES (USA)",
   "Mfr_CommonName": null,
   "Mfr_ID": 2939,
   "Mfr_Name": "KORWALL INDUSTRIES, INC.",
   "VehicleTypes": []
  },
  {
   "Country": "UNITED STATES (USA)",
   "Mfr_CommonName": null,
   "Mfr_ID": 2940,
   "Mfr_Name": "KAR FABRICATION INC",
   "VehicleTypes": []
  },
  {
   "Country": "UNITED STATES (USA)",
   "Mfr_CommonName": null,
   "Mfr_ID": 2941,
   "Mfr_Name": "KAR-GO INTERNATIONAL",
   "VehicleTypes": []
  },
  {
   "Country": "UNITED STATES (USA)",
   "Mfr_CommonName": null,
   "Mfr_ID": 2942,
   "Mfr_Name": "KARD CO.",
   "VehicleTypes": []
  },
  {
   "Country": "UNITED STATES (USA)",
   "Mfr_CommonName": null,
   "Mfr_ID": 2943,
   "Mfr_Name": "TEKSOL INC",
   "VehicleTypes": [
    {
     "IsPrimary": true,
     "Name": "Trailer"
    }
   ]
  },
  {
   "Country": "UNITED STATES (USA)",
   "Mfr_CommonName": null,
   "Mfr_ID": 2944,
   "Mfr_Name": "TELEDYNE CONTINENTAL MOTORS",
   "VehicleTypes": []
  },
  {
   "Country": "UNITED STATES (USA)",
   "Mfr_CommonName": null,
   "Mfr_ID": 2946,
   "Mfr_Name": "TELEX COMMUNICATIONS, INC",
   "VehicleTypes": [
    {
     "IsPrimary": false,
     "Name": "Trailer"
    }
   ]
  },
  {
   "Country": "CANADA",
   "Mfr_CommonName": null,
   "Mfr_ID": 2947,
   "Mfr_Name": "TEMISKO, INC.",
   "VehicleTypes": []
  },
  {
   "Country": "UNITED STATES (USA)",
   "Mfr_CommonName": null,
   "Mfr_ID": 2948,
   "Mfr_Name": "TEMPLEMAN MOTORS",
   "VehicleTypes": []
  },
  {
   "Country": "",
   "Mfr_CommonName": null,
   "Mfr_ID": 2949,
   "Mfr_Name": "TENCO MACHINERY LTD. LTEE",
   "VehicleTypes": []
  },
  {
   "Country": "UNITED STATES (USA)",
   "Mfr_CommonName": null,
   "Mfr_ID": 2950,
   "Mfr_Name": "TENCO INDUSTRIES INC.",
   "VehicleTypes": [
    {
     "IsPrimary": false,
     "Name": "Truck "
    }
   ]
  },
  {
   "Country": "UNITED STATES (USA)",
   "Mfr_CommonName": "Tennessee Trailers",
   "Mfr_ID": 2952,
   "Mfr_Name": "TENNESSEE TRAILERS INC.",
   "VehicleTypes": [
    {
     "IsPrimary": true,
     "Name": "Trailer"
    }
   ]
  },
  {
   "Country": "UNITED STATES (USA)",
   "Mfr_CommonName": null,
   "Mfr_ID": 2954,
   "Mfr_Name": "TENSAS MACHINE & MANUFACTURING",
   "VehicleTypes": []
  },
  {
   "Country": "UNITED STATES (USA)",
   "Mfr_CommonName": null,
   "Mfr_ID": 2955,
   "Mfr_Name": "TENTRAX CORPORATION",
   "VehicleTypes": []
  },
  {
   "Country": "UNITED STATES (USA)",
   "Mfr_CommonName": null,
   "Mfr_ID": 2956,
   "Mfr_Name": "TERN INDUSTRIES, INC.",
   "VehicleTypes": []
  },
  {
   "Country": "UNITED STATES (USA)",
   "Mfr_CommonName": null,
   "Mfr_ID": 2957,
   "Mfr_Name": "TERRADYNE EQUIPMENT COMPANY",
   "VehicleTypes": [
    {
     "IsPrimary": false,
     "Name": "Trailer"
    }
   ]
  },
  {
   "Country": "UNITED STATES (USA)",
   "Mfr_CommonName": null,
   "Mfr_ID": 2958,
   "Mfr_Name": "TERRY BROS. REPAIR & FARM SUPPLY",
   "VehicleTypes": []
  },
  {
   "Country": "UNITED STATES (USA)",
   "Mfr_CommonName": null,
   "Mfr_ID": 2959,
   "Mfr_Name": "TERRY TRUCK EQUIPMENT",
   "VehicleTypes": []
  },
  {
   "Country": "UNITED STATES (USA)",
   "Mfr_CommonName": null,
   "Mfr_ID": 2960,
   "Mfr_Name": "LIFELINE TRAILERS",
   "VehicleTypes": []
  },
  {
   "Country": "UNITED STATES (USA)",
   "Mfr_CommonName": null,
   "Mfr_ID": 2961,
   "Mfr_Name": "LIFESTYLE CUSTOM AMERICAN MOTORCYCLES",
   "VehicleTypes": []
  },
  {
   "Country": "UNITED STATES (USA)",
   "Mfr_CommonName": null,
   "Mfr_ID": 2962,
   "Mfr_Name": "LIFESTYLE TRANSPORTATION INC",
   "VehicleTypes": [
    {
     "IsPrimary": false,
     "Name": "Multipurpose Passenger Vehicle (MPV)"
    }
   ]
  },
  {
   "Country": "UNITED STATES (USA)",
   "Mfr_CommonName": null,
   "Mfr_ID": 2963,
   "Mfr_Name": "LIFETIME MANUFACTURING CO. INC.",
   "VehicleTypes": [
    {
     "IsPrimary": false,
     "Name": "Trailer"
    }
   ]
  },
  {
   "Country": "UNITED STATES (USA)",
   "Mfr_CommonName": null,
   "Mfr_ID": 2964,
   "Mfr_Name": "LIFT-ALL EAST, INC.",
   "VehicleTypes": [
    {
     "IsPrimary": true,
     "Name": "Truck "
    }
   ]
  },
  {
   "Country": "UNITED STATES (USA)",
   "Mfr_CommonName": null,
   "Mfr_ID": 2966,
   "Mfr_Name": "LIGHT CAMPERS, INC.",
   "VehicleTypes": []
  },
  {
   "Country": "UNITED STATES (USA)",
   "Mfr_CommonName": null,
   "Mfr_ID": 2967,
   "Mfr_Name": "LIGHTLINE PRODUCTS INC",
   "VehicleTypes": [
    {
     "IsPrimary": true,
     "Name": "Trailer"
    }
   ]
  },
  {
   "Country": "UNITED STATES (USA)",
   "Mfr_CommonName": null,
   "Mfr_ID": 2968,
   "Mfr_Name": "LIKENS MANUFACTURING CO.",
   "VehicleTypes": []
  },
  {
   "Country": "UNITED STATES (USA)",
   "Mfr_CommonName": null,
   "Mfr_ID": 2969,
   "Mfr_Name": "LIKENS TRAILER MANUFACTURING",
   "VehicleTypes": []
  },
  {
   "Country": "UNITED STATES (USA)",
   "Mfr_CommonName": null,
   "Mfr_ID": 2970,
   "Mfr_Name": "LIL TAG ALONG TRAILER MFG",
   "VehicleTypes": []
  },
  {
   "Country": "UNITED STATES (USA)",
   "Mfr_CommonName": null,
   "Mfr_ID": 2971,
   "Mfr_Name": "LIL' JOHN'S PLACE, INC.",
   "VehicleTypes": []
  },
  {
   "Country": "UNITED STATES (USA)",
   "Mfr_CommonName": null,
   "Mfr_ID": 2972,
   "Mfr_Name": "LIMITED EDITION VAN CORPORATION",
   "VehicleTypes": []
  },
  {
   "Country": "UNITED STATES (USA)",
   "Mfr_CommonName": null,
   "Mfr_ID": 2973,
   "Mfr_Name": "LIMOUSINE WERKS, INC.",
   "VehicleTypes": []
  },
  {
   "Country": "UNITED STATES (USA)",
   "Mfr_CommonName": null,
   "Mfr_ID": 2974,
   "Mfr_Name": "LINCK MOTOR COMPANY",
   "VehicleTypes": []
  },
  {
   "Country": "UNITED STATES (USA)",
   "Mfr_CommonName": null,
   "Mfr_ID": 2975,
   "Mfr_Name": "LINDSAYS FARM EQUIPMENT",
   "VehicleTypes": []
  },
  {
   "Country": "UNITED STATES (USA)",
   "Mfr_CommonName": null,
   "Mfr_ID": 2976,
   "Mfr_Name": "LINEAR DYNAMICS INC",
   "VehicleTypes": []
  },
  {
   "Country": "UNITED STATES (USA)",
   "Mfr_CommonName": null,
   "Mfr_ID": 2977,
   "Mfr_Name": "LINK ENVIRONMENTAL EQUIPMENT",
   "VehicleTypes": []
  },
  {
   "Country": "UNITED STATES (USA)",
   "Mfr_CommonName": null,
   "Mfr_ID": 2978,
   "Mfr_Name": "LIPPERT COMPONENT INC",
   "VehicleTypes": []
  },
  {
   "Country": "UNITED STATES (USA)",
   "Mfr_CommonName": null,
   "Mfr_ID": 2979,
   "Mfr_Name": "LIPPS INDUSTRIES, INC.",
   "VehicleTypes": []
  },
  {
   "Country": "UNITED STATES (USA)",
   "Mfr_CommonName": null,
   "Mfr_ID": 2980,
   "Mfr_Name": "LITCHFIELD TRUCK SALES & SERVICE",
   "VehicleTypes": []
  },
  {
   "Country": "UNITED STATES (USA)",
   "Mfr_CommonName": null,
   "Mfr_ID": 2981,
   "Mfr_Name": "LITE-N-BOLT MANUFACTURING COMPANY",
   "VehicleTypes": []
  },
  {
   "Country": "UNITED STATES (USA)",
   "Mfr_CommonName": null,
   "Mfr_ID": 2982,
   "Mfr_Name": "LITTLE GIANT CRANE & SHOVEL, INC.",
   "VehicleTypes": []
  },
  {
   "Country": "UNITED STATES (USA)",
   "Mfr_CommonName": null,
   "Mfr_ID": 2983,
   "Mfr_Name": "LITTLE GIANT INTERNATIONAL, INC.",
   "VehicleTypes": []
  }
 ]
}