{
 "Count": 81,
 "Message": "Response returned successfully",
 "SearchCriteria": null,
 "Results": [
  {
   "Country": "UNITED STATES (USA)",
   "Mfr_CommonName": null,
   "Mfr_ID": 1483,
   "Mfr_Name": "CONTINENTAL BIOMASS INDUSTRIES, INC.",
   "VehicleTypes": []
  },
  {
   "Country": "UNITED STATES (USA)",
   "Mfr_CommonName": null,
   "Mfr_ID": 1484,
   "Mfr_Name": "BADLANDS STEEL WORX",
   "VehicleTypes": []
  },
  {
   "Country": "UNITED STATES (USA)",
   "Mfr_CommonName": null,
   "Mfr_ID": 1485,
   "Mfr_Name": "PADDLE KING, INC.",
   "VehicleTypes": []
  },
  {
   "Country": "UNITED STATES (USA)",
   "Mfr_CommonName": null,
   "Mfr_ID": 1486,
   "Mfr_Name": "PALMER INDUSTRIES, INC.",
   "VehicleTypes": [
    {
     "IsPrimary": true,
     "Name": "Motorcycle"
    }
   ]
  },
  {
   "Country": "UNITED STATES (USA)",
   "Mfr_CommonName": null,
   "Mfr_ID": 1487,
   "Mfr_Name": "ZTPOWERSTATION LLC",
   "VehicleTypes": []
  },
  {
   "Country": "UNITED STATES (USA)",
   "Mfr_CommonName": null,
   "Mfr_ID": 1488,
   "Mfr_Name": "FEMCO",
   "VehicleTypes": []
  },
  {
   "Country": "UNITED STATES (USA)",
   "Mfr_CommonName": null,
   "Mfr_ID": 1489,
   "Mfr_Name": "PACE AMERICAN OF GEORGIA INC.",
   "VehicleTypes": []
  },
  {
   "Country": "UNITED STATES (USA)",
   "Mfr_CommonName": null,
   "Mfr_ID": 1490,
   "Mfr_Name": "PACE AMERICAN OF TEXAS INC.",
   "VehicleTypes": []
  },
  {
   "Country": "UNITED STATES (USA)",
   "Mfr_CommonName": null,
   "Mfr_ID": 1491,
   "Mfr_Name": "PACE AMERICAN OF UTAH INC.",
   "VehicleTypes": []
  },
  {
   "Country": "UNITED STATES (USA)",
   "Mfr_CommonName": null,
   "Mfr_ID": 1492,
   "Mfr_Name": "INTECH TRAILERS INC.",
   "VehicleTypes": [
    {
     "IsPrimary": true,
     "Name": "Trailer"
    }
   ]
  },
  {
   "Country": "UNITED STATES (USA)",
   "Mfr_CommonName": null,
   "Mfr_ID": 1493,
   "Mfr_Name": "BOYLAN SALES, INC. DBA BOYLAN GOLF CARS",
   "VehicleTypes": [
    {
     "IsPrimary": false,
     "Name": "Low Speed Vehicle (LSV)"
    }
   ]
  },
  {
   "Country": "UNITED STATES (USA)",
   "Mfr_CommonName": null,
   "Mfr_ID": 1494,
   "Mfr_Name": "C & B MANUFACTURING",
   "VehicleTypes": [
    {
     "IsPrimary": false,
     "Name": "Trailer"
    }
   ]
  },
  {
   "Country": "UNITED STATES (USA)",
   "Mfr_CommonName": null,
   "Mfr_ID": 1496,
   "Mfr_Name": "GLOBAL TRUCK & TRAILER SALES",
   "VehicleTypes": [
    {
     "IsPrimary": false,
     "Name": "Trailer"
    }
   ]
  },
  {
   "Country": "UNITED STATES (USA)",
   "Mfr_CommonName": null,
   "Mfr_ID": 1497,
   "Mfr_Name": "MRR CYCLES LLC",
   "VehicleTypes": [
    {
     "IsPrimary": false,
     "Name": "Motorcycle"
    }
   ]
  },
  {
   "Country": "UNITED STATES (USA)",
   "Mfr_CommonName": null,
   "Mfr_ID": 1498,
   "Mfr_Name": "LAGOON MANUFACTURING, LLC",
   "VehicleTypes": [
    {
     "IsPrimary": false,
     "Name": "Trailer"
    }
   ]
  },
  {
   "Country": "UNITED STATES (USA)",
   "Mfr_CommonName": null,
   "Mfr_ID": 1499,
   "Mfr_Name": "WYATT ENGINEERING & FABRICATION LLC",
   "VehicleTypes": [
    {
     "IsPrimary": false,
     "Name": "Trailer"
    }
   ]
  },
  {
   "Country": "UNITED STATES (USA)",
   "Mfr_CommonName": "Tanom",
   "Mfr_ID": 1500,
   "Mfr_Name": "TANOM MOTORS LLC",
   "VehicleTypes": [
    {
     "IsPrimary": true,
     "Name": "Motorcycle"
    }
   ]
  },
  {
   "Country": "UNITED STATES (USA)",
   "Mfr_CommonName": null,
   "Mfr_ID": 1501,
   "Mfr_Name": "LPD TRAILERS, LLC",
   "VehicleTypes": [
    {
     "IsPrimary": false,
     "Name": "Trailer"
    }
   ]
  },
  {
   "Country": "UNITED STATES (USA)",
   "Mfr_CommonName": null,
   "Mfr_ID": 1502,
   "Mfr_Name": "WWL VEHICLE SERVICES AMERICAS, INC.",
   "VehicleTypes": [
    {
     "IsPrimary": false,
     "Name": "Passenger Car"
    },
    {
     "IsPrimary": false,
     "Name": "Truck "
    },
    {
     "IsPrimary": false,
     "Name": "Multipurpose Passenger Vehicle (MPV)"
    }
   ]
  },
  {
   "Country": "UNITED STATES (USA)",
   "Mfr_CommonName": null,
   "Mfr_ID": 1503,
   "Mfr_Name": "GLOBAL INVENTIVE INDUSTRIES, INC.",
   "VehicleTypes": [
    {
     "IsPrimary": false,
     "Name": "Trailer"
    }
   ]
  },
  {
   "Country": "UNITED STATES (USA)",
   "Mfr_CommonName": null,
   "Mfr_ID": 1504,
   "Mfr_Name": "TEAMCO INC.",
   "VehicleTypes": [
    {
     "IsPrimary": false,
     "Name": "Truck "
    }
   ]
  },
  {
   "Country": "UNITED STATES (USA)",
   "Mfr_CommonName": null,
   "Mfr_ID": 1505,
   "Mfr_Name": "THE DOCK DOCTORS LLC",
   "VehicleTypes": [
    {
     "IsPrimary": false,
     "Name": "Trailer"
    }
   ]
  },
  {
   "Country": "UNITED STATES (USA)",
   "Mfr_CommonName": null,
   "Mfr_ID": 1507,
   "Mfr_Name": "NITE EQUIPMENT INC. (NORTHERN IL. TRACTOR & EQUIP.)",
   "VehicleTypes": [
    {
     "IsPrimary": false,
     "Name": "Truck "
    }
   ]
  },
  {
   "Country": "UNITED STATES (USA)",
   "Mfr_CommonName": null,
   "Mfr_ID": 1509,
   "Mfr_Name": "EAST TEXAS TRAILERS",
   "VehicleTypes": [
    {
     "IsPrimary": true,
     "Name": "Trailer"
    }
   ]
  },
  {
   "Country": "UNITED STATES (USA)",
   "Mfr_CommonName": null,
   "Mfr_ID": 1510,
   "Mfr_Name": "CHALMERS AUTOMOTIVE LLC",
   "VehicleTypes": [
    {
     "IsPrimary": false,
     "Name": "Multipurpose Passenger Vehicle (MPV)"
    }
   ]
  },
  {
   "Country": "UNITED STATES (USA)",
   "Mfr_CommonName": null,
   "Mfr_ID": 1511,
   "Mfr_Name": "FIVE DIAMOND TRAILERS",
   "VehicleTypes": [
    {
     "IsPrimary": false,
     "Name": "Trailer"
    },
    {
     "IsPrimary": false,
     "Name": "Incomplete Vehicle"
    }
   ]
  },
  {
   "Country": "UNITED STATES (USA)",
   "Mfr_CommonName": null,
   "Mfr_ID": 1512,
   "Mfr_Name": "KINGSPORT IRON & METAL, LLC",
   "VehicleTypes": [
    {
     "IsPrimary": false,
     "Name": "Trailer"
    }
   ]
  },
  {
   "Country": "UNITED STATES (USA)",
   "Mfr_CommonName": null,
   "Mfr_ID": 1513,
   "Mfr_Name": "WYOMING MACHINERY COMPANY",
   "VehicleTypes": [
    {
     "IsPrimary": false,
     "Name": "Truck "
    }
   ]
  },
  {
   "Country": "UNITED STATES (USA)",
   "Mfr_CommonName": null,
   "Mfr_ID": 1514,
   "Mfr_Name": "VANTEM MODULAR LLC",
   "VehicleTypes": [
    {
     "IsPrimary": false,
     "Name": "Trailer"
    }
   ]
  },
  {
   "Country": "UNITED STATES (USA)",
   "Mfr_CommonName": null,
   "Mfr_ID": 1515,
   "Mfr_Name": "ROBINSON METAL INC.",
   "VehicleTypes": [
    {
     "IsPrimary": false,
     "Name": "Trailer"
    }
   ]
  },
  {
   "Country": "UNITED STATES (USA)",
   "Mfr_CommonName": null,
   "Mfr_ID": 1516,
   "Mfr_Name": "LIMOUSINE MANUFACTURING CORP.",
   "VehicleTypes": [
    {
     "IsPrimary": false,
     "Name": "Passenger Car"
    },
    {
     "IsPrimary": true,
     "Name": "Bus"
    },
    {
     "IsPrimary": false,
     "Name": "Multipurpose Passenger Vehicle (MPV)"
    }
   ]
  },
  {
   "Country": "UNITED STATES (USA)",
   "Mfr_CommonName": null,
   "Mfr_ID": 1517,
   "Mfr_Name": "OREGON TRAILER LLC",
   "VehicleTypes": [
    {
     "IsPrimary": false,
     "Name": "Trailer"
    }
   ]
  },
  {
   "Country": "UNITED STATES (USA)",
   "Mfr_CommonName": null,
   "Mfr_ID": 1518,
   "Mfr_Name": "SCAG GIANT-VAC",
   "VehicleTypes": []
  },
  {
   "Country": "UNITED STATES (USA)",
   "Mfr_CommonName": null,
   "Mfr_ID": 1519,
   "Mfr_Name": "C.J. SEITZ, INC.",
   "VehicleTypes": [
    {
     "IsPrimary": false,
     "Name": "Trailer"
    }
   ]
  },
  {
   "Country": "UNITED STATES (USA)",
   "Mfr_CommonName": null,
   "Mfr_ID": 1520,
   "Mfr_Name": "CHIMERA CUSTOMS",
   "VehicleTypes": [
    {
     "IsPrimary": true,
     "Name": "Motorcycle"
    }
   ]
  },
  {
   "Country": "UNITED STATES (USA)",
   "Mfr_CommonName": null,
   "Mfr_ID": 1522,
   "Mfr_Name": "WESTAR MANUFACTURING",
   "VehicleTypes": [
    {
     "IsPrimary": false,
     "Name": "Trailer"
    }
   ]
  },
  {
   "Country": "CHINA",
   "Mfr_CommonName": null,
   "Mfr_ID": 1523,
   "Mfr_Name": "CHANGZHOU WUYI LAMPS CO., LTD.",
   "VehicleTypes": []
  },
  {
   "Country": "CHINA",
   "Mfr_CommonName": null,
   "Mfr_ID": 1524,
   "Mfr_Name": "CHANGZHOU FUJIANG VEHICLE INDUSTRY CO., LTD.",
   "VehicleTypes": []
  },
  {
   "Country": "CHINA",
   "Mfr_CommonName": null,
   "Mfr_ID": 1525,
   "Mfr_Name": "PERFIT LIGHTING & ELECTRIC MANUFACTURING CO., LTD.",
   "VehicleTypes": []
  },
  {
   "Country": "UNITED STATES (USA)",
   "Mfr_CommonName": null,
   "Mfr_ID": 1526,
   "Mfr_Name": "RYAN SIMPSON",
   "VehicleTypes": [
    {
     "IsPrimary": false,
     "Name": "Trailer"
    }
   ]
  },
  {
   "Country": "UNITED STATES (USA)",
   "Mfr_CommonName": null,
   "Mfr_ID": 1528,
   "Mfr_Name": "BAHNWAGEN, LLC",
   "VehicleTypes": [
    {
     "IsPrimary": false,
     "Name": "Trailer"
    }
   ]
  },
  {
   "Country": "UNITED STATES (USA)",
   "Mfr_CommonName": null,
   "Mfr_ID": 1529,
   "Mfr_Name": "IOWA STEEL FABRICATORS, LLC",
   "VehicleTypes": [
    {
     "IsPrimary": false,
     "Name": "Trailer"
    }
   ]
  },
  {
   "Country": "UNITED STATES (USA)",
   "Mfr_CommonName": null,
   "Mfr_ID": 1530,
   "Mfr_Name": "ECOTREK CAMPER",
   "VehicleTypes": [
    {
     "IsPrimary": false,
     "Name": "Trailer"
    }
   ]
  },
  {
   "Country": "UNITED STATES (USA)",
   "Mfr_CommonName": null,
   "Mfr_ID": 1532,
   "Mfr_Name": "TRI-STATE CHOPPER llc",
   "VehicleTypes": [
    {
     "IsPrimary": false,
     "Name": "Motorcycle"
    }
   ]
  },
  {
   "Country": "UNITED STATES (USA)",
   "Mfr_CommonName": null,
   "Mfr_ID": 1533,
   "Mfr_Name": "Ryfab and Coatings, Inc.",
   "VehicleTypes": [
    {
     "IsPrimary": false,
     "Name": "Trailer"
    },
    {
     "IsPrimary": false,
     "Name": "Incomplete Vehicle"
    }
   ]
  },
  {
   "Country": "UNITED STATES (USA)",
   "Mfr_CommonName": null,
   "Mfr_ID": 1534,
   "Mfr_Name": "M.B. WELDING AND FABRICATION LLC",
   "VehicleTypes": [
    {
     "IsPrimary": false,
     "Name": "Trailer"
    }
   ]
  },
  {
   "Country": "DENMARK",
   "Mfr_CommonName": null,
   "Mfr_ID": 1535,
   "Mfr_Name": "TI AUTOMOTIVE TECHNOLOGY CENTRE GMBH",
   "VehicleTypes": []
  },
  {
   "Country": "INDIA",
   "Mfr_CommonName": null,
   "Mfr_ID": 1536,
   "Mfr_Name": "BUNDY INDIA LTD.",
   "VehicleTypes": []
  },
  {
   "Country": "INDIA",
   "Mfr_CommonName": null,
   "Mfr_ID": 1537,
   "Mfr_Name": "HANIL TUBE INDIA PRIVATE LIMITED",
   "VehicleTypes": []
  },
  {
   "Country": "INDONESIA",
   "Mfr_CommonName": null,
   "Mfr_ID": 1538,
   "Mfr_Name": "PT TI AUTOMOTIVE LIMITED",
   "VehicleTypes": []
  },
  {
   "Country": "ITALY",
   "Mfr_CommonName": null,
   "Mfr_ID": 1539,
   "Mfr_Name": "TI AUTOMOTIVE BRINDISI S.R.L.",
   "VehicleTypes": []
  },
  {
   "Country": "ITALY",
   "Mfr_CommonName": null,
   "Mfr_ID": 1540,
   "Mfr_Name": "TI AUTOMOTIVE CISLIANO S.R.L.",
   "VehicleTypes": []
  },
  {
   "Country": "ITALY",
   "Mfr_CommonName": null,
   "Mfr_ID": 1541,
   "Mfr_Name": "TI GROUP AUTOMOTIVE SYSTEMS S.P.A.",
   "VehicleTypes": []
  },
  {
   "Country": "JAPAN",
   "Mfr_CommonName": null,
   "Mfr_ID": 1542,
   "Mfr_Name": "TI AUTOMOTIVE JAPAN GUNMA LTD.",
   "VehicleTypes": []
  },
  {
   "Country": "JAPAN",
   "Mfr_CommonName": null,
   "Mfr_ID": 1543,
   "Mfr_Name": "TI AUTOMOTIVE JAPAN LTD.",
   "VehicleTypes": []
  },
  {
   "Country": "SOUTH KOREA",
   "Mfr_CommonName": null,
   "Mfr_ID": 1544,
   "Mfr_Name": "HANIL TUBE CO., LTD.",
   "VehicleTypes": []
  },
  {
   "Country": "SOUTH KOREA",
   "Mfr_CommonName": null,
   "Mfr_ID": 1545,
   "Mfr_Name": "TI AUTOMOTIVE LTD. (KOREA)",
   "VehicleTypes": []
  },
  {
   "Country": "MEXICO",
   "Mfr_CommonName": null,
   "Mfr_ID": 1546,
   "Mfr_Name": "TI GROUP AUTOMOTIVE SYSTEMS S DE RL DE CV",
   "VehicleTypes": []
  },
  {
   "Country": "POLAND",
   "Mfr_CommonName": null,
   "Mfr_ID": 1547,
   "Mfr_Name": "TI POLAND SP. Z O. O.",
   "VehicleTypes": []
  },
  {
   "Country": "RUSSIA",
   "Mfr_CommonName": null,
   "Mfr_ID": 1548,
   "Mfr_Name": "LIMITED LIABILITY COMPANY TI AUTOMOTIVE",
   "VehicleTypes": []
  },
  {
   "Country": "RUSSIA",
   "Mfr_CommonName": null,
   "Mfr_ID": 1549,
   "Mfr_Name": "LIMITED LIABILITY COMPANY HANIL RUS",
   "VehicleTypes": []
  },
  {
   "Country": "SLOVAKIA",
   "Mfr_CommonName": null,
   "Mfr_ID": 1550,
   "Mfr_Name": "TI AUTOMOTIVE SLOVAKIA S.R.O.",
   "VehicleTypes": []
  },
  {
   "Country": "SLOVAKIA",
   "Mfr_CommonName": null,
   "Mfr_ID": 1551,
   "Mfr_Name": "TI-HANIL SLOVAKIA S.R.O.",
   "VehicleTypes": []
  },
  {
   "Country": "UNITED STATES (USA)",
   "Mfr_CommonName": null,
   "Mfr_ID": 1552,
   "Mfr_Name": "DIW ENGINEERING & FABRICATION, LLC",
   "VehicleTypes": []
  },
  {
   "Country": "UNITED STATES (USA)",
   "Mfr_CommonName": null,
   "Mfr_ID": 1553,
   "Mfr_Name": "MATOTT'S WELDING",
   "VehicleTypes": [
    {
     "IsPrimary": false,
     "Name": "Trailer"
    }
   ]
  },
  {
   "Country": "UNITED STATES (USA)",
   "Mfr_CommonName": null,
   "Mfr_ID": 1554,
   "Mfr_Name": "DRAKE EQUIPMENT",
   "VehicleTypes": [
    {
     "IsPrimary": true,
     "Name": "Truck "
    },
    {
     "IsPrimary": false,
     "Name": "Bus"
    },
    {
     "IsPrimary": false,
     "Name": "Incomplete Vehicle"
    }
   ]
  },
  {
   "Country": "UNITED STATES (USA)",
   "Mfr_CommonName": null,
   "Mfr_ID": 1555,
   "Mfr_Name": "PRIMUS STEEL SOLUTIONS, INC.",
   "VehicleTypes": []
  },
  {
   "Country": "UNITED STATES (USA)",
   "Mfr_CommonName": null,
   "Mfr_ID": 1556,
   "Mfr_Name": "CLASSIC DESIGN TRAILERS, INC.",
   "VehicleTypes": []
  },
  {
   "Country": "UNITED STATES (USA)",
   "Mfr_CommonName": null,
   "Mfr_ID": 1557,
   "Mfr_Name": "GERRY'S AUTOMOTIVE LLC",
   "VehicleTypes": [
    {
     "IsPrimary": true,
     "Name": "Truck "
    }
   ]
  },
  {
   "Country": "UNITED STATES (USA)",
   "Mfr_CommonName": null,
   "Mfr_ID": 1558,
   "Mfr_Name": "AMERICAN CUSTOM VEHICLES LLC",
   "VehicleTypes": [
    {
     "IsPrimary": true,
     "Name": "Multipurpose Passenger Vehicle (MPV)"
    }
   ]
  },
  {
   "Country": "UNITED STATES (USA)",
   "Mfr_CommonName": null,
   "Mfr_ID": 1559,
   "Mfr_Name": "MICHELS COPORATION",
   "VehicleTypes": [
    {
     "IsPrimary": true,
     "Name": "Truck "
    }
   ]
  },
  {
   "Country": "UNITED STATES (USA)",
   "Mfr_CommonName": null,
   "Mfr_ID": 1560,
   "Mfr_Name": "KASPAR RANCH HAND EQUIPMENT, L.P.",
   "VehicleTypes": [
    {
     "IsPrimary": true,
     "Name": "Truck "
    }
   ]
  },
  {
   "Country": "UNITED STATES (USA)",
   "Mfr_CommonName": null,
   "Mfr_ID": 1561,
   "Mfr_Name": "LIGHTHOUSE RV MANUFACTURING COMPANY, LLC",
   "VehicleTypes": []
  },
  {
   "Country": "UNITED STATES (USA)",
   "Mfr_CommonName": null,
   "Mfr_ID": 1562,
   "Mfr_Name": "THE VEHICLE PRODUCTION GROUP LLC",
   "VehicleTypes": []
  },
  {
   "Country": "UNITED STATES (USA)",
   "Mfr_CommonName": null,
   "Mfr_ID": 1563,
   "Mfr_Name": "REINERT MFG. INC.",
   "VehicleTypes": []
  },
  {
   "Country": "UNITED STATES (USA)",
   "Mfr_CommonName": "Coda",
   "Mfr_ID": 1564,
   "Mfr_Name": "CODA AUTOMOTIVE, INC.",
   "VehicleTypes": [
    {
     "IsPrimary": true,
     "Name": "Passenger Car"
    }
   ]
  },
  {
   "Country": "UNITED STATES (USA)",
   "Mfr_CommonName": "Kokopelli Trailers",
   "Mfr_ID": 1565,
   "Mfr_Name": "OLSON OWSLEY ENTERPRISES LLC DBA KOKOPELLI TRAILERS",
   "VehicleTypes": []
  },
  {
   "Country": "UNITED STATES (USA)",
   "Mfr_CommonName": null,
   "Mfr_ID": 1566,
   "Mfr_Name": "S and C ENTERPRISES OF TARBORO, INC.",
   "VehicleTypes": []
  },
  {
   "Country": "UNITED STATES (USA)",
   "Mfr_CommonName": null,
   "Mfr_ID": 1567,
   "Mfr_Name": "GERMFREE LABORATORIES, INC.",
   "VehicleTypes": [
    {
     "IsPrimary": false,
     "Name": "Truck "
    },
    {
     "IsPrimary": false,
     "Name": "Trailer"
    },
    {
     "IsPrimary": false,
     "Name": "Multipurpose Passenger Vehicle (MPV)"
    }
   ]
  },
  {
   "Country": "UNITED STATES (USA)",
   "Mfr_CommonName": null,
   "Mfr_ID": 1568,
   "Mfr_Name": "NAVISTAR MODEC EV ALLIANCE (NMEVA), LLC",
   "VehicleTypes": [
    {
     "IsPrimary": true,
     "Name": "Truck "
    }
   ]
  },
  {
   "Country": "UNITED STATES (USA)",
   "Mfr_CommonName": null,
   "Mfr_ID": 1569,
   "Mfr_Name": "ENERFLOW INDUSTRIES INC.",
   "VehicleTypes": [
    {
     "IsPrimary": true,
     "Name": "Trailer"
    }
   ]
  }
 ]
}