{
 "Count": 92,
 "Message": "Response returned successfully",
 "SearchCriteria": null,
 "Results": [
  {
   "Country": "JAPAN",
   "Mfr_CommonName": null,
   "Mfr_ID": 14584,
   "Mfr_Name": "UD Trucks Corporation",
   "VehicleTypes": [
    {
     "IsPrimary": true,
     "Name": "Truck "
    }
   ]
  },
  {
   "Country": "CHINA",
   "Mfr_CommonName": null,
   "Mfr_ID": 14585,
   "Mfr_Name": "Hangzhou General Rubber Factory",
   "VehicleTypes": []
  },
  {
   "Country": "ITALY",
   "Mfr_CommonName": null,
   "Mfr_ID": 14586,
   "Mfr_Name": "Diesse Rubber Hoses s.p.a.",
   "VehicleTypes": []
  },
  {
   "Country": "CHINA",
   "Mfr_CommonName": null,
   "Mfr_ID": 14587,
   "Mfr_Name": "Federal Corporation",
   "VehicleTypes": []
  },
  {
   "Country": "CHINA",
   "Mfr_CommonName": null,
   "Mfr_ID": 14588,
   "Mfr_Name": "VMOTO LTD.",
   "VehicleTypes": [
    {
     "IsPrimary": false,
     "Name": "Motorcycle"
    }
   ]
  },
  {
   "Country": "GERMANY",
   "Mfr_CommonName": null,
   "Mfr_ID": 14589,
   "Mfr_Name": "FUNKE & WILL AG",
   "VehicleTypes": [
    {
     "IsPrimary": false,
     "Name": "Passenger Car"
    }
   ]
  },
  {
   "Country": "RUSSIA",
   "Mfr_CommonName": null,
   "Mfr_ID": 14590,
   "Mfr_Name": "Magistral Ltd.",
   "VehicleTypes": []
  },
  {
   "Country": "UNITED STATES (USA)",
   "Mfr_CommonName": "BSM",
   "Mfr_ID": 14591,
   "Mfr_Name": "BRIGHT SUN MANAGEMENT L.L.C",
   "VehicleTypes": [
    {
     "IsPrimary": true,
     "Name": "Bus"
    }
   ]
  },
  {
   "Country": "UNITED STATES (USA)",
   "Mfr_CommonName": "HANVEY ENGINEERING",
   "Mfr_ID": 14592,
   "Mfr_Name": "HANVEY ENGINEERING & DESIGN",
   "VehicleTypes": [
    {
     "IsPrimary": false,
     "Name": "Trailer"
    },
    {
     "IsPrimary": false,
     "Name": "Multipurpose Passenger Vehicle (MPV)"
    }
   ]
  },
  {
   "Country": "UNITED STATES (USA)",
   "Mfr_CommonName": "MPAK MOTORS",
   "Mfr_ID": 14593,
   "Mfr_Name": "MPAK MOTOR COMPANY INC.",
   "VehicleTypes": [
    {
     "IsPrimary": false,
     "Name": "Motorcycle"
    },
    {
     "IsPrimary": true,
     "Name": "Bus"
    }
   ]
  },
  {
   "Country": "UNITED STATES (USA)",
   "Mfr_CommonName": null,
   "Mfr_ID": 14594,
   "Mfr_Name": "ADVANCED FABRICATORS CORP",
   "VehicleTypes": [
    {
     "IsPrimary": false,
     "Name": "Incomplete Vehicle"
    }
   ]
  },
  {
   "Country": "UNITED STATES (USA)",
   "Mfr_CommonName": null,
   "Mfr_ID": 14595,
   "Mfr_Name": "ROCKIN D HYDRAULIC SERVICES, LLC",
   "VehicleTypes": []
  },
  {
   "Country": "CANADA",
   "Mfr_CommonName": null,
   "Mfr_ID": 14596,
   "Mfr_Name": "Nova Bus, a Division of Volvo Group Canada Inc.",
   "VehicleTypes": []
  },
  {
   "Country": "MEXICO",
   "Mfr_CommonName": null,
   "Mfr_ID": 14597,
   "Mfr_Name": "Volvo Group Mexico, S.A. de C.V.",
   "VehicleTypes": []
  },
  {
   "Country": "INDONESIA",
   "Mfr_CommonName": null,
   "Mfr_ID": 14599,
   "Mfr_Name": "PT. Multistrada Arah Sarana, TBK.",
   "VehicleTypes": []
  },
  {
   "Country": "GERMANY",
   "Mfr_CommonName": null,
   "Mfr_ID": 14600,
   "Mfr_Name": "Webasto Solar GmbH",
   "VehicleTypes": []
  },
  {
   "Country": "CHINA",
   "Mfr_CommonName": null,
   "Mfr_ID": 14601,
   "Mfr_Name": "Qingdao Yi-He Pipes Co., Ltd.",
   "VehicleTypes": []
  },
  {
   "Country": "CHINA",
   "Mfr_CommonName": null,
   "Mfr_ID": 14602,
   "Mfr_Name": "Ultronix Products Ltd.",
   "VehicleTypes": []
  },
  {
   "Country": "CHINA",
   "Mfr_CommonName": null,
   "Mfr_ID": 14603,
   "Mfr_Name": "Yuyao Yuhua Industry & Trade Co., Ltd.",
   "VehicleTypes": []
  },
  {
   "Country": "CHINA",
   "Mfr_CommonName": null,
   "Mfr_ID": 14604,
   "Mfr_Name": "Zhejiang Topsun Logistic Control Co., Ltd.",
   "VehicleTypes": []
  },
  {
   "Country": "UNITED STATES (USA)",
   "Mfr_CommonName": null,
   "Mfr_ID": 14605,
   "Mfr_Name": "TRANSPORT CUSTOM DESIGNS LLC",
   "VehicleTypes": [
    {
     "IsPrimary": true,
     "Name": "Trailer"
    },
    {
     "IsPrimary": false,
     "Name": "Multipurpose Passenger Vehicle (MPV)"
    }
   ]
  },
  {
   "Country": "CHINA",
   "Mfr_CommonName": null,
   "Mfr_ID": 14606,
   "Mfr_Name": "HUBEI QUANLI CASTING CO., LTD.",
   "VehicleTypes": []
  },
  {
   "Country": "CHINA",
   "Mfr_CommonName": null,
   "Mfr_ID": 14607,
   "Mfr_Name": "Jiangsu Xiongfeng Vehicle, LTD",
   "VehicleTypes": []
  },
  {
   "Country": "CHINA",
   "Mfr_CommonName": null,
   "Mfr_ID": 14608,
   "Mfr_Name": "YUHUAN AIGEMA COOPER CO., LTD.",
   "VehicleTypes": []
  },
  {
   "Country": "CHINA",
   "Mfr_CommonName": null,
   "Mfr_ID": 14609,
   "Mfr_Name": "Zhejiang Xinyang Industry Co. Ltd.",
   "VehicleTypes": []
  },
  {
   "Country": "JAPAN",
   "Mfr_CommonName": null,
   "Mfr_ID": 14610,
   "Mfr_Name": "Yamaha Motor Co., Ltd.",
   "VehicleTypes": [
    {
     "IsPrimary": false,
     "Name": "Motorcycle"
    }
   ]
  },
  {
   "Country": "CHINA",
   "Mfr_CommonName": null,
   "Mfr_ID": 14611,
   "Mfr_Name": "BYD AUTO CO., LTD.",
   "VehicleTypes": [
    {
     "IsPrimary": false,
     "Name": "Passenger Car"
    },
    {
     "IsPrimary": false,
     "Name": "Multipurpose Passenger Vehicle (MPV)"
    }
   ]
  },
  {
   "Country": "CHINA",
   "Mfr_CommonName": null,
   "Mfr_ID": 14612,
   "Mfr_Name": "FOSHAN CITY FOSTI MOTORCYCLE MANUFACTURING CO., LTD.",
   "VehicleTypes": [
    {
     "IsPrimary": true,
     "Name": "Motorcycle"
    }
   ]
  },
  {
   "Country": "INDIA",
   "Mfr_CommonName": null,
   "Mfr_ID": 14613,
   "Mfr_Name": "YOKOHAMA INDIA PRIVATE LTD.",
   "VehicleTypes": []
  },
  {
   "Country": "RUSSIA",
   "Mfr_CommonName": null,
   "Mfr_ID": 14614,
   "Mfr_Name": "Yokohama R.P.Z.",
   "VehicleTypes": []
  },
  {
   "Country": "CHINA",
   "Mfr_CommonName": null,
   "Mfr_ID": 14615,
   "Mfr_Name": "DongGuan Huacheng Tyre Factory",
   "VehicleTypes": []
  },
  {
   "Country": "CHINA",
   "Mfr_CommonName": null,
   "Mfr_ID": 14616,
   "Mfr_Name": "QINGDAO CHONGKUN INDUSTRIAL DEVELOPMENT CO., LTD.",
   "VehicleTypes": []
  },
  {
   "Country": "SOUTH AFRICA",
   "Mfr_CommonName": null,
   "Mfr_ID": 14617,
   "Mfr_Name": "ZEINTEC AUTOMOTIVE TECHNOLOGIES (PTY) LTD.",
   "VehicleTypes": []
  },
  {
   "Country": "CHINA",
   "Mfr_CommonName": null,
   "Mfr_ID": 14618,
   "Mfr_Name": "CHONGQING ZONGSHEN GROUP I/E CORP.",
   "VehicleTypes": []
  },
  {
   "Country": "TAIWAN",
   "Mfr_CommonName": null,
   "Mfr_ID": 14619,
   "Mfr_Name": "DAIWA MOTOR PARTS CORPORATION",
   "VehicleTypes": []
  },
  {
   "Country": "CHINA",
   "Mfr_CommonName": null,
   "Mfr_ID": 14620,
   "Mfr_Name": "Changzhou Longhua Shuangyi Metal Tools Co., Ltd.",
   "VehicleTypes": []
  },
  {
   "Country": "CHINA",
   "Mfr_CommonName": null,
   "Mfr_ID": 14621,
   "Mfr_Name": "QINGDAO QIANZHEN TYRE CO., LTD.",
   "VehicleTypes": []
  },
  {
   "Country": "CHINA",
   "Mfr_CommonName": null,
   "Mfr_ID": 14622,
   "Mfr_Name": "Zhejiang Xinqi Auto Parts Manufacturing Co., Ltd",
   "VehicleTypes": []
  },
  {
   "Country": "CHINA",
   "Mfr_CommonName": null,
   "Mfr_ID": 14623,
   "Mfr_Name": "Zhuhai Yintong Power Technology Co., Ltd.",
   "VehicleTypes": []
  },
  {
   "Country": "CHINA",
   "Mfr_CommonName": null,
   "Mfr_ID": 14624,
   "Mfr_Name": "Zhejiang GongZheng Auto Parts Factory",
   "VehicleTypes": []
  },
  {
   "Country": "UNITED STATES (USA)",
   "Mfr_CommonName": null,
   "Mfr_ID": 14625,
   "Mfr_Name": "GROOVY ADVENTURES, INC. DBA SLEEP AND GO",
   "VehicleTypes": [
    {
     "IsPrimary": true,
     "Name": "Trailer"
    }
   ]
  },
  {
   "Country": "UNITED STATES (USA)",
   "Mfr_CommonName": null,
   "Mfr_ID": 14626,
   "Mfr_Name": "METRO WORLDWIDE, LLC",
   "VehicleTypes": [
    {
     "IsPrimary": true,
     "Name": "Bus"
    },
    {
     "IsPrimary": false,
     "Name": "Multipurpose Passenger Vehicle (MPV)"
    }
   ]
  },
  {
   "Country": "UNITED STATES (USA)",
   "Mfr_CommonName": "MTTS",
   "Mfr_ID": 14627,
   "Mfr_Name": "MIGUEL'S TRUCKS AND TRAILERS SALES INC.",
   "VehicleTypes": [
    {
     "IsPrimary": true,
     "Name": "Trailer"
    },
    {
     "IsPrimary": false,
     "Name": "Incomplete Vehicle"
    }
   ]
  },
  {
   "Country": "CHINA",
   "Mfr_CommonName": null,
   "Mfr_ID": 14628,
   "Mfr_Name": "FOSHAN SUNWAY AUTO ELECTRICAL CO., LTD.",
   "VehicleTypes": []
  },
  {
   "Country": "CHINA",
   "Mfr_CommonName": null,
   "Mfr_ID": 14629,
   "Mfr_Name": "JIANGSU HUACHENG TECHNOLOGY CO., LTD",
   "VehicleTypes": []
  },
  {
   "Country": "UNITED KINGDOM (UK)",
   "Mfr_CommonName": null,
   "Mfr_ID": 14630,
   "Mfr_Name": "GLOHH",
   "VehicleTypes": []
  },
  {
   "Country": "CHINA",
   "Mfr_CommonName": null,
   "Mfr_ID": 14631,
   "Mfr_Name": "SYP KANGQIAO AUTOGLASS CO., LTD.",
   "VehicleTypes": []
  },
  {
   "Country": "CHINA",
   "Mfr_CommonName": null,
   "Mfr_ID": 14632,
   "Mfr_Name": "WUHAN SYP KANGQIAO AUTOGLASS CO., LTD.",
   "VehicleTypes": []
  },
  {
   "Country": "CHINA",
   "Mfr_CommonName": null,
   "Mfr_ID": 14633,
   "Mfr_Name": "YIZHENG YAOPI AUTOGLASS CO., LTD.",
   "VehicleTypes": []
  },
  {
   "Country": "CHINA",
   "Mfr_CommonName": null,
   "Mfr_ID": 14634,
   "Mfr_Name": "Fujian Haian Rubber Co., Ltd. ",
   "VehicleTypes": []
  },
  {
   "Country": "CHINA",
   "Mfr_CommonName": null,
   "Mfr_ID": 14635,
   "Mfr_Name": "Nanjing 7425 Rubber & Plastic Co., Ltd.",
   "VehicleTypes": []
  },
  {
   "Country": "CHINA",
   "Mfr_CommonName": null,
   "Mfr_ID": 14636,
   "Mfr_Name": "FOSHAN SAMMOON LIGHTING & ELECTRICAL CO., LTD.",
   "VehicleTypes": []
  },
  {
   "Country": "CHINA",
   "Mfr_CommonName": null,
   "Mfr_ID": 14637,
   "Mfr_Name": "Quingdao Taihang Tyre Co., Ltd.",
   "VehicleTypes": []
  },
  {
   "Country": "CHINA",
   "Mfr_CommonName": null,
   "Mfr_ID": 14638,
   "Mfr_Name": "Rich Fluid Tech, Inc.",
   "VehicleTypes": []
  },
  {
   "Country": "CHINA",
   "Mfr_CommonName": null,
   "Mfr_ID": 14639,
   "Mfr_Name": "YUYAO HENGTEGU AUTO PARTS FACTORY",
   "VehicleTypes": []
  },
  {
   "Country": "CHINA",
   "Mfr_CommonName": null,
   "Mfr_ID": 14640,
   "Mfr_Name": "Sichuan Chuanhuan Technology Co., Ltd. ",
   "VehicleTypes": []
  },
  {
   "Country": "CHINA",
   "Mfr_CommonName": null,
   "Mfr_ID": 14641,
   "Mfr_Name": "Taizhou Zhen Tong Pipe Co., Ltd",
   "VehicleTypes": []
  },
  {
   "Country": "CHINA",
   "Mfr_CommonName": null,
   "Mfr_ID": 14642,
   "Mfr_Name": "Xiangyang Luoshen Automobile Glass Co., Ltd. ",
   "VehicleTypes": []
  },
  {
   "Country": "UNITED STATES (USA)",
   "Mfr_CommonName": null,
   "Mfr_ID": 14643,
   "Mfr_Name": "FR CONVERSIONS",
   "VehicleTypes": [
    {
     "IsPrimary": true,
     "Name": "Passenger Car"
    },
    {
     "IsPrimary": false,
     "Name": "Bus"
    },
    {
     "IsPrimary": false,
     "Name": "Multipurpose Passenger Vehicle (MPV)"
    }
   ]
  },
  {
   "Country": "CHINA",
   "Mfr_CommonName": null,
   "Mfr_ID": 14644,
   "Mfr_Name": "Zhejiang Feifang Valve Co., Ltd.",
   "VehicleTypes": []
  },
  {
   "Country": "CHINA",
   "Mfr_CommonName": null,
   "Mfr_ID": 14645,
   "Mfr_Name": "Zhejiang Yalida Machinery Co., Ltd. ",
   "VehicleTypes": []
  },
  {
   "Country": "UNITED STATES (USA)",
   "Mfr_CommonName": null,
   "Mfr_ID": 14646,
   "Mfr_Name": "IRON MEN INDUSTRIES INC ",
   "VehicleTypes": [
    {
     "IsPrimary": false,
     "Name": "Trailer"
    }
   ]
  },
  {
   "Country": "UNITED STATES (USA)",
   "Mfr_CommonName": null,
   "Mfr_ID": 14647,
   "Mfr_Name": "JJJR'S TRUCK REPAIR MAINTENANCE MANAGEMENT SERVICES INC.",
   "VehicleTypes": [
    {
     "IsPrimary": false,
     "Name": "Truck "
    },
    {
     "IsPrimary": false,
     "Name": "Trailer"
    }
   ]
  },
  {
   "Country": "UNITED STATES (USA)",
   "Mfr_CommonName": "Varroc",
   "Mfr_ID": 14648,
   "Mfr_Name": "VARROC LIGHTING SYSTEMS, INC.",
   "VehicleTypes": []
  },
  {
   "Country": "CHINA",
   "Mfr_CommonName": null,
   "Mfr_ID": 14649,
   "Mfr_Name": "JIUJIANG JINYOMI HARDWARE & PLASTIC FACTORY",
   "VehicleTypes": []
  },
  {
   "Country": "CHINA",
   "Mfr_CommonName": null,
   "Mfr_ID": 14650,
   "Mfr_Name": "Zhejiang Luyan Electric Vehicle Co., Ltd.",
   "VehicleTypes": []
  },
  {
   "Country": "CHINA",
   "Mfr_CommonName": null,
   "Mfr_ID": 14651,
   "Mfr_Name": "Zhuji Longway Pipe Industry Co., Ltd.",
   "VehicleTypes": []
  },
  {
   "Country": "UNITED STATES (USA)",
   "Mfr_CommonName": "Genave Electronics, Genave",
   "Mfr_ID": 14652,
   "Mfr_Name": "GENAVE/NRC, INC.",
   "VehicleTypes": [
    {
     "IsPrimary": true,
     "Name": "Trailer"
    }
   ]
  },
  {
   "Country": "VIETNAM",
   "Mfr_CommonName": "Kenda Tire",
   "Mfr_ID": 14653,
   "Mfr_Name": "KENDA RUBBER INDUSTRIAL COMPANY, LTD",
   "VehicleTypes": []
  },
  {
   "Country": "CHINA",
   "Mfr_CommonName": null,
   "Mfr_ID": 14654,
   "Mfr_Name": "KENDA RUBBER INDUSTRIAL COMPANY, LTD. (JIANSU)",
   "VehicleTypes": []
  },
  {
   "Country": "CHINA",
   "Mfr_CommonName": null,
   "Mfr_ID": 14655,
   "Mfr_Name": "KENDA RUBBER INDUSTRIAL COMPANY, LTD. (SHENZHEN)",
   "VehicleTypes": []
  },
  {
   "Country": "TAIWAN",
   "Mfr_CommonName": "Kenda Tire",
   "Mfr_ID": 14656,
   "Mfr_Name": "KENDA RUBBER INDUSTRIAL COMPANY, LTD",
   "VehicleTypes": []
  },
  {
   "Country": "CHINA",
   "Mfr_CommonName": null,
   "Mfr_ID": 14657,
   "Mfr_Name": "Taizhou Jiao Jiang Zhi Wei Motorcycle Mfg",
   "VehicleTypes": []
  },
  {
   "Country": "ITALY",
   "Mfr_CommonName": null,
   "Mfr_ID": 14658,
   "Mfr_Name": "RA.MA s.r.l.",
   "VehicleTypes": []
  },
  {
   "Country": "UNITED STATES (USA)",
   "Mfr_CommonName": null,
   "Mfr_ID": 14659,
   "Mfr_Name": "OKIE BUILT TRAILERS LLC",
   "VehicleTypes": [
    {
     "IsPrimary": true,
     "Name": "Trailer"
    }
   ]
  },
  {
   "Country": "UNITED STATES (USA)",
   "Mfr_CommonName": null,
   "Mfr_ID": 14660,
   "Mfr_Name": "ANDYS PRO TIRE AND AUTO",
   "VehicleTypes": [
    {
     "IsPrimary": true,
     "Name": "Truck "
    }
   ]
  },
  {
   "Country": "UNITED STATES (USA)",
   "Mfr_CommonName": null,
   "Mfr_ID": 14661,
   "Mfr_Name": "CAGED CROW FABRICATION, LLC",
   "VehicleTypes": [
    {
     "IsPrimary": true,
     "Name": "Trailer"
    }
   ]
  },
  {
   "Country": "UNITED STATES (USA)",
   "Mfr_CommonName": "A.M. Haire ",
   "Mfr_ID": 14662,
   "Mfr_Name": "A.M. HAIRE MANUFACTURING AND SERVICE CORPORATION",
   "VehicleTypes": [
    {
     "IsPrimary": true,
     "Name": "Truck "
    }
   ]
  },
  {
   "Country": "UNITED STATES (USA)",
   "Mfr_CommonName": "Truck Equipment Sales",
   "Mfr_ID": 14663,
   "Mfr_Name": "TRUCK EQUIPMENT SALES, LLC",
   "VehicleTypes": [
    {
     "IsPrimary": false,
     "Name": "Truck "
    },
    {
     "IsPrimary": true,
     "Name": "Incomplete Vehicle"
    }
   ]
  },
  {
   "Country": "UNITED STATES (USA)",
   "Mfr_CommonName": "Specialty Performance Products (SPP)",
   "Mfr_ID": 14664,
   "Mfr_Name": "SPECIALTY PERFORMANCE",
   "VehicleTypes": [
    {
     "IsPrimary": true,
     "Name": "Trailer"
    }
   ]
  },
  {
   "Country": "CHINA",
   "Mfr_CommonName": null,
   "Mfr_ID": 14665,
   "Mfr_Name": "SHOUGUANG FIREMAX TYRE CO., LTD.",
   "VehicleTypes": []
  },
  {
   "Country": "",
   "Mfr_CommonName": null,
   "Mfr_ID": 14666,
   "Mfr_Name": "EKC International FZE",
   "VehicleTypes": []
  },
  {
   "Country": "CANADA",
   "Mfr_CommonName": null,
   "Mfr_ID": 14667,
   "Mfr_Name": "New-Line Products Ltd.",
   "VehicleTypes": []
  },
  {
   "Country": "CHINA",
   "Mfr_CommonName": null,
   "Mfr_ID": 14668,
   "Mfr_Name": "HANKOOK TIRE CHINA CO., LTD.",
   "VehicleTypes": []
  },
  {
   "Country": "CHINA",
   "Mfr_CommonName": null,
   "Mfr_ID": 14669,
   "Mfr_Name": "Jiangsu Hankook Tire Co., Ltd.",
   "VehicleTypes": []
  },
  {
   "Country": "CHINA",
   "Mfr_CommonName": null,
   "Mfr_ID": 14670,
   "Mfr_Name": "Shandong Yongfeng Tyres Co., Ltd.",
   "VehicleTypes": []
  },
  {
   "Country": "POLAND",
   "Mfr_CommonName": null,
   "Mfr_ID": 14671,
   "Mfr_Name": "GOVECS POLAND SP.Z.O.O.",
   "VehicleTypes": [
    {
     "IsPrimary": false,
     "Name": "Motorcycle"
    }
   ]
  },
  {
   "Country": "HONG KONG",
   "Mfr_CommonName": null,
   "Mfr_ID": 14674,
   "Mfr_Name": "AU TO GARDEN LIMITED",
   "VehicleTypes": []
  },
  {
   "Country": "ITALY",
   "Mfr_CommonName": null,
   "Mfr_ID": 14675,
   "Mfr_Name": "Vetraria Poli srl",
   "VehicleTypes": []
  },
  {
   "Country": "CHINA",
   "Mfr_CommonName": null,
   "Mfr_ID": 14676,
   "Mfr_Name": "Qingdao Xiyingmen Double Camel Tyre Co., Ltd.",
   "VehicleTypes": []
  },
  {
   "Country": "GERMANY",
   "Mfr_CommonName": "Ford Werke AG",
   "Mfr_ID": 14678,
   "Mfr_Name": "FORD WERKE AG",
   "VehicleTypes": []
  },
  {
   "Country": "UNITED STATES (USA)",
   "Mfr_CommonName": null,
   "Mfr_ID": 14679,
   "Mfr_Name": "ZERO4OUTDOORS, LLC",
   "VehicleTypes": [
    {
     "IsPrimary": true,
     "Name": "Trailer"
    }
   ]
  }
 ]
}