{
 "Count": 94,
 "Message": "Response returned successfully",
 "SearchCriteria": null,
 "Results": [
  {
   "Country": "UNITED STATES (USA)",
   "Mfr_CommonName": null,
   "Mfr_ID": 4522,
   "Mfr_Name": "CANTAB MOTORS, LTD.",
   "VehicleTypes": []
  },
  {
   "Country": "UNITED STATES (USA)",
   "Mfr_CommonName": null,
   "Mfr_ID": 4523,
   "Mfr_Name": "CAPACITY OF TEXAS",
   "VehicleTypes": [
    {
     "IsPrimary": true,
     "Name": "Truck "
    },
    {
     "IsPrimary": false,
     "Name": "Incomplete Vehicle"
    }
   ]
  },
  {
   "Country": "UNITED STATES (USA)",
   "Mfr_CommonName": null,
   "Mfr_ID": 4526,
   "Mfr_Name": "CAPITOL DODGE TRUCK CENTER",
   "VehicleTypes": []
  },
  {
   "Country": "UNITED STATES (USA)",
   "Mfr_CommonName": null,
   "Mfr_ID": 4527,
   "Mfr_Name": "CAPITOL WHITE TRUCK COMPANY",
   "VehicleTypes": []
  },
  {
   "Country": "UNITED STATES (USA)",
   "Mfr_CommonName": null,
   "Mfr_ID": 4528,
   "Mfr_Name": "CAPRICE VANS CONVERSIONS & ACCESSORIES INC",
   "VehicleTypes": []
  },
  {
   "Country": "UNITED STATES (USA)",
   "Mfr_CommonName": null,
   "Mfr_ID": 4529,
   "Mfr_Name": "CAR SEAT SPECIALTY, INC., SUB OF TEAM TEX.",
   "VehicleTypes": []
  },
  {
   "Country": "UNITED STATES (USA)",
   "Mfr_CommonName": null,
   "Mfr_ID": 4530,
   "Mfr_Name": "CAR TWIN TRAILERS INC",
   "VehicleTypes": []
  },
  {
   "Country": "UNITED STATES (USA)",
   "Mfr_CommonName": null,
   "Mfr_ID": 4531,
   "Mfr_Name": "CARBO TECH, INC.",
   "VehicleTypes": [
    {
     "IsPrimary": false,
     "Name": "Trailer"
    }
   ]
  },
  {
   "Country": "UNITED STATES (USA)",
   "Mfr_CommonName": null,
   "Mfr_ID": 4532,
   "Mfr_Name": "CARDER'S CUSTOM CYCLES",
   "VehicleTypes": []
  },
  {
   "Country": "UNITED STATES (USA)",
   "Mfr_CommonName": null,
   "Mfr_ID": 4533,
   "Mfr_Name": "CARDINAL AUTOMOTIVE INC",
   "VehicleTypes": []
  },
  {
   "Country": "UNITED STATES (USA)",
   "Mfr_CommonName": null,
   "Mfr_ID": 4534,
   "Mfr_Name": "CARDINAL MANUFACTURING COMPANY",
   "VehicleTypes": []
  },
  {
   "Country": "UNITED STATES (USA)",
   "Mfr_CommonName": null,
   "Mfr_ID": 4535,
   "Mfr_Name": "CARDINAL TRAILERS DIV OF CAROLINA CARPORTS, INC.",
   "VehicleTypes": []
  },
  {
   "Country": "UNITED STATES (USA)",
   "Mfr_CommonName": null,
   "Mfr_ID": 4536,
   "Mfr_Name": "CARE CONCEPTS, INC.",
   "VehicleTypes": [
    {
     "IsPrimary": false,
     "Name": "Multipurpose Passenger Vehicle (MPV)"
    }
   ]
  },
  {
   "Country": "UNITED STATES (USA)",
   "Mfr_CommonName": null,
   "Mfr_ID": 4537,
   "Mfr_Name": "CAREFREE CUSTOM CYCLES",
   "VehicleTypes": []
  },
  {
   "Country": "UNITED STATES (USA)",
   "Mfr_CommonName": null,
   "Mfr_ID": 4538,
   "Mfr_Name": "CARGEM CORP.",
   "VehicleTypes": [
    {
     "IsPrimary": false,
     "Name": "Truck "
    }
   ]
  },
  {
   "Country": "UNITED STATES (USA)",
   "Mfr_CommonName": null,
   "Mfr_ID": 4539,
   "Mfr_Name": "CARGO AMERICA",
   "VehicleTypes": [
    {
     "IsPrimary": false,
     "Name": "Multipurpose Passenger Vehicle (MPV)"
    }
   ]
  },
  {
   "Country": "UNITED STATES (USA)",
   "Mfr_CommonName": null,
   "Mfr_ID": 4540,
   "Mfr_Name": "CARGO CRAFT ,INC.",
   "VehicleTypes": [
    {
     "IsPrimary": true,
     "Name": "Trailer"
    }
   ]
  },
  {
   "Country": "UNITED STATES (USA)",
   "Mfr_CommonName": null,
   "Mfr_ID": 4541,
   "Mfr_Name": "CARGO KING MANUFACTURING, INC.",
   "VehicleTypes": []
  },
  {
   "Country": "UNITED STATES (USA)",
   "Mfr_CommonName": null,
   "Mfr_ID": 4542,
   "Mfr_Name": "CARGO PRO, INC.",
   "VehicleTypes": [
    {
     "IsPrimary": false,
     "Name": "Trailer"
    }
   ]
  },
  {
   "Country": "UNITED STATES (USA)",
   "Mfr_CommonName": null,
   "Mfr_ID": 4544,
   "Mfr_Name": "CARGO-LINER, INC",
   "VehicleTypes": []
  },
  {
   "Country": "UNITED STATES (USA)",
   "Mfr_CommonName": null,
   "Mfr_ID": 4545,
   "Mfr_Name": "CARLEY MANUFACTURING COMPANY",
   "VehicleTypes": []
  },
  {
   "Country": "UNITED STATES (USA)",
   "Mfr_CommonName": null,
   "Mfr_ID": 4546,
   "Mfr_Name": "CARLIN MANUFACTURING, INC.",
   "VehicleTypes": []
  },
  {
   "Country": "UNITED STATES (USA)",
   "Mfr_CommonName": null,
   "Mfr_ID": 4548,
   "Mfr_Name": "ARMSTRONG TRAILER MANUFACTURING CO., INC.",
   "VehicleTypes": []
  },
  {
   "Country": "UNITED STATES (USA)",
   "Mfr_CommonName": null,
   "Mfr_ID": 4549,
   "Mfr_Name": "ARMSTRONG TRAILERS",
   "VehicleTypes": []
  },
  {
   "Country": "",
   "Mfr_CommonName": null,
   "Mfr_ID": 4550,
   "Mfr_Name": "ARNADA MOTOR CORP",
   "VehicleTypes": []
  },
  {
   "Country": "UNITED STATES (USA)",
   "Mfr_CommonName": null,
   "Mfr_ID": 4551,
   "Mfr_Name": "ARNOLD MACHINERY CO.",
   "VehicleTypes": []
  },
  {
   "Country": "UNITED STATES (USA)",
   "Mfr_CommonName": null,
   "Mfr_ID": 4552,
   "Mfr_Name": "ARNOLD MACHINERY CO., INC.",
   "VehicleTypes": []
  },
  {
   "Country": "",
   "Mfr_CommonName": null,
   "Mfr_ID": 4553,
   "Mfr_Name": "ARO SA",
   "VehicleTypes": []
  },
  {
   "Country": "UNITED STATES (USA)",
   "Mfr_CommonName": null,
   "Mfr_ID": 4554,
   "Mfr_Name": "ARROW TRAILER & EQUIPMENT CO.",
   "VehicleTypes": []
  },
  {
   "Country": "",
   "Mfr_CommonName": null,
   "Mfr_ID": 4555,
   "Mfr_Name": "ARROW TRUCK BODIES & EQUIPMENT CO.",
   "VehicleTypes": []
  },
  {
   "Country": "UNITED STATES (USA)",
   "Mfr_CommonName": null,
   "Mfr_ID": 4556,
   "Mfr_Name": "ARROWHEAD EQUIPMENT CO.",
   "VehicleTypes": []
  },
  {
   "Country": "UNITED STATES (USA)",
   "Mfr_CommonName": null,
   "Mfr_ID": 4557,
   "Mfr_Name": "ARROWHEAD EQUIPMENT, INC.",
   "VehicleTypes": [
    {
     "IsPrimary": true,
     "Name": "Truck "
    }
   ]
  },
  {
   "Country": "UNITED STATES (USA)",
   "Mfr_CommonName": null,
   "Mfr_ID": 4558,
   "Mfr_Name": "ARROWHEAD TRAILERS",
   "VehicleTypes": []
  },
  {
   "Country": "UNITED STATES (USA)",
   "Mfr_CommonName": null,
   "Mfr_ID": 4559,
   "Mfr_Name": "ARROWHEAD TRAILER MFG INC",
   "VehicleTypes": []
  },
  {
   "Country": "UNITED STATES (USA)",
   "Mfr_CommonName": null,
   "Mfr_ID": 4560,
   "Mfr_Name": "ART DESIGNS, INC.",
   "VehicleTypes": []
  },
  {
   "Country": "UNITED STATES (USA)",
   "Mfr_CommonName": null,
   "Mfr_ID": 4561,
   "Mfr_Name": "ART'S PORTABLE WELDING",
   "VehicleTypes": []
  },
  {
   "Country": "UNITED STATES (USA)",
   "Mfr_CommonName": null,
   "Mfr_ID": 4562,
   "Mfr_Name": "ARTMAN VALERO MFG., INC.",
   "VehicleTypes": []
  },
  {
   "Country": "",
   "Mfr_CommonName": null,
   "Mfr_ID": 4563,
   "Mfr_Name": "ASAHI DENSO CO., LTD.",
   "VehicleTypes": []
  },
  {
   "Country": "UNITED STATES (USA)",
   "Mfr_CommonName": null,
   "Mfr_ID": 4564,
   "Mfr_Name": "GENERAL WELDING & MACHINE CO., INC.",
   "VehicleTypes": []
  },
  {
   "Country": "UNITED STATES (USA)",
   "Mfr_CommonName": null,
   "Mfr_ID": 4567,
   "Mfr_Name": "GENEVA SVS INCORPORATED",
   "VehicleTypes": []
  },
  {
   "Country": "UNITED STATES (USA)",
   "Mfr_CommonName": null,
   "Mfr_ID": 4568,
   "Mfr_Name": "BEACH CITY MOTORCYCLES INC.",
   "VehicleTypes": []
  },
  {
   "Country": "UNITED STATES (USA)",
   "Mfr_CommonName": null,
   "Mfr_ID": 4569,
   "Mfr_Name": "BEACH KING INC",
   "VehicleTypes": []
  },
  {
   "Country": "UNITED STATES (USA)",
   "Mfr_CommonName": null,
   "Mfr_ID": 4570,
   "Mfr_Name": "BEAJAY",
   "VehicleTypes": []
  },
  {
   "Country": "UNITED STATES (USA)",
   "Mfr_CommonName": null,
   "Mfr_ID": 4571,
   "Mfr_Name": "BEALL TRAILERS",
   "VehicleTypes": []
  },
  {
   "Country": "UNITED STATES (USA)",
   "Mfr_CommonName": null,
   "Mfr_ID": 4572,
   "Mfr_Name": "BEALL EQUIPMENT CORP., OF COLORADO",
   "VehicleTypes": []
  },
  {
   "Country": "UNITED STATES (USA)",
   "Mfr_CommonName": null,
   "Mfr_ID": 4573,
   "Mfr_Name": "BEAM MACK SALES & SERVICE, INC.",
   "VehicleTypes": []
  },
  {
   "Country": "UNITED STATES (USA)",
   "Mfr_CommonName": null,
   "Mfr_ID": 4574,
   "Mfr_Name": "BEAM TRAILER MANUFACTURING, INC.",
   "VehicleTypes": []
  },
  {
   "Country": "UNITED STATES (USA)",
   "Mfr_CommonName": null,
   "Mfr_ID": 4575,
   "Mfr_Name": "BEAN & CONQUEST, INC.",
   "VehicleTypes": []
  },
  {
   "Country": "UNITED STATES (USA)",
   "Mfr_CommonName": null,
   "Mfr_ID": 4576,
   "Mfr_Name": "BEAR RIVER TRAILERS LLC",
   "VehicleTypes": []
  },
  {
   "Country": "UNITED STATES (USA)",
   "Mfr_CommonName": "Chrysler",
   "Mfr_ID": 4577,
   "Mfr_Name": "CHRYSLER CORPORATION",
   "VehicleTypes": [
    {
     "IsPrimary": false,
     "Name": "Passenger Car"
    },
    {
     "IsPrimary": false,
     "Name": "Truck "
    },
    {
     "IsPrimary": false,
     "Name": "Multipurpose Passenger Vehicle (MPV)"
    },
    {
     "IsPrimary": false,
     "Name": "Incomplete Vehicle"
    }
   ]
  },
  {
   "Country": "",
   "Mfr_CommonName": null,
   "Mfr_ID": 4579,
   "Mfr_Name": "CHU CHEMICAL INDUSTRIES, LTD.",
   "VehicleTypes": []
  },
  {
   "Country": "",
   "Mfr_CommonName": null,
   "Mfr_ID": 4580,
   "Mfr_Name": "CHUBU INDUSTRIES CO., INC.",
   "VehicleTypes": []
  },
  {
   "Country": "UNITED STATES (USA)",
   "Mfr_CommonName": null,
   "Mfr_ID": 4581,
   "Mfr_Name": "CHUCK WAGON INDUSTRIES",
   "VehicleTypes": []
  },
  {
   "Country": "UNITED STATES (USA)",
   "Mfr_CommonName": null,
   "Mfr_ID": 4582,
   "Mfr_Name": "CHUPP & SONS CONVERSIONS INC.",
   "VehicleTypes": [
    {
     "IsPrimary": false,
     "Name": "Multipurpose Passenger Vehicle (MPV)"
    }
   ]
  },
  {
   "Country": "UNITED STATES (USA)",
   "Mfr_CommonName": null,
   "Mfr_ID": 4583,
   "Mfr_Name": "CHUPP & SONS CONVERSIONS, INC.",
   "VehicleTypes": []
  },
  {
   "Country": "UNITED STATES (USA)",
   "Mfr_CommonName": null,
   "Mfr_ID": 4585,
   "Mfr_Name": "CHURNEYS' BODYWORKS INC.",
   "VehicleTypes": [
    {
     "IsPrimary": false,
     "Name": "Truck "
    }
   ]
  },
  {
   "Country": "FRANCE",
   "Mfr_CommonName": null,
   "Mfr_ID": 4586,
   "Mfr_Name": "CIBIE PROJECTEURS",
   "VehicleTypes": []
  },
  {
   "Country": "UNITED STATES (USA)",
   "Mfr_CommonName": null,
   "Mfr_ID": 4589,
   "Mfr_Name": "CIRCLE G. TRAILERS",
   "VehicleTypes": []
  },
  {
   "Country": "UNITED STATES (USA)",
   "Mfr_CommonName": null,
   "Mfr_ID": 4590,
   "Mfr_Name": "CIRCLE H TRAILERS, INC.",
   "VehicleTypes": []
  },
  {
   "Country": "UNITED STATES (USA)",
   "Mfr_CommonName": null,
   "Mfr_ID": 4591,
   "Mfr_Name": "BISON MANUFACTURING LLC",
   "VehicleTypes": []
  },
  {
   "Country": "UNITED STATES (USA)",
   "Mfr_CommonName": null,
   "Mfr_ID": 4592,
   "Mfr_Name": "BIVOUAC COMMERCIAL VEHICLES",
   "VehicleTypes": []
  },
  {
   "Country": "CANADA",
   "Mfr_CommonName": null,
   "Mfr_ID": 4593,
   "Mfr_Name": "BK DEVELOPMENT LTD",
   "VehicleTypes": []
  },
  {
   "Country": "UNITED STATES (USA)",
   "Mfr_CommonName": null,
   "Mfr_ID": 4594,
   "Mfr_Name": "BKC WELDING& TRAILER CO",
   "VehicleTypes": []
  },
  {
   "Country": "UNITED STATES (USA)",
   "Mfr_CommonName": null,
   "Mfr_ID": 4595,
   "Mfr_Name": "BLACK DIAMOND EQUIPMENT, INC.",
   "VehicleTypes": []
  },
  {
   "Country": "UNITED STATES (USA)",
   "Mfr_CommonName": null,
   "Mfr_ID": 4596,
   "Mfr_Name": "GOLDEN NUGGET DIVISION OF GOLDEN",
   "VehicleTypes": []
  },
  {
   "Country": "UNITED STATES (USA)",
   "Mfr_CommonName": null,
   "Mfr_ID": 4597,
   "Mfr_Name": "CIRCLE R Manufacturer and Sales",
   "VehicleTypes": [
    {
     "IsPrimary": false,
     "Name": "Trailer"
    }
   ]
  },
  {
   "Country": "UNITED STATES (USA)",
   "Mfr_CommonName": null,
   "Mfr_ID": 4598,
   "Mfr_Name": "CISCO INC. TRUCK DIVISION",
   "VehicleTypes": [
    {
     "IsPrimary": false,
     "Name": "Truck "
    }
   ]
  },
  {
   "Country": "UNITED STATES (USA)",
   "Mfr_CommonName": null,
   "Mfr_ID": 4599,
   "Mfr_Name": "CITY MACHINE AND WELDING, INC.",
   "VehicleTypes": []
  },
  {
   "Country": "UNITED STATES (USA)",
   "Mfr_CommonName": null,
   "Mfr_ID": 4600,
   "Mfr_Name": "ECONOLINE TRAILERS, INC.",
   "VehicleTypes": [
    {
     "IsPrimary": true,
     "Name": "Trailer"
    }
   ]
  },
  {
   "Country": "UNITED STATES (USA)",
   "Mfr_CommonName": null,
   "Mfr_ID": 4601,
   "Mfr_Name": "ECONOMY BODY BUILDERS, INC.",
   "VehicleTypes": []
  },
  {
   "Country": "UNITED STATES (USA)",
   "Mfr_CommonName": null,
   "Mfr_ID": 4602,
   "Mfr_Name": "ECONOMY MANUFACTURING COMPANY",
   "VehicleTypes": []
  },
  {
   "Country": "UNITED STATES (USA)",
   "Mfr_CommonName": null,
   "Mfr_ID": 4603,
   "Mfr_Name": "ECONOMY MOTORS INC.",
   "VehicleTypes": []
  },
  {
   "Country": "",
   "Mfr_CommonName": null,
   "Mfr_ID": 4604,
   "Mfr_Name": "POCKLINGTON COACHWORKS LIMITED",
   "VehicleTypes": []
  },
  {
   "Country": "UNITED STATES (USA)",
   "Mfr_CommonName": null,
   "Mfr_ID": 4605,
   "Mfr_Name": "POLAR KING INTERNATIONAL INC",
   "VehicleTypes": []
  },
  {
   "Country": "UNITED STATES (USA)",
   "Mfr_CommonName": null,
   "Mfr_ID": 4608,
   "Mfr_Name": "POLK'S FARM & FAB",
   "VehicleTypes": []
  },
  {
   "Country": "UNITED STATES (USA)",
   "Mfr_CommonName": null,
   "Mfr_ID": 4609,
   "Mfr_Name": "PREMIER INDUSTRIES, INC ",
   "VehicleTypes": []
  },
  {
   "Country": "UNITED STATES (USA)",
   "Mfr_CommonName": null,
   "Mfr_ID": 4610,
   "Mfr_Name": "PRESITGE MOTORCOACH CORPORATION",
   "VehicleTypes": []
  },
  {
   "Country": "UNITED STATES (USA)",
   "Mfr_CommonName": null,
   "Mfr_ID": 4611,
   "Mfr_Name": "PRICE DESIGNS, INC.",
   "VehicleTypes": []
  },
  {
   "Country": "",
   "Mfr_CommonName": null,
   "Mfr_ID": 4612,
   "Mfr_Name": "PRIDE BODIES LTD",
   "VehicleTypes": []
  },
  {
   "Country": "UNITED STATES (USA)",
   "Mfr_CommonName": null,
   "Mfr_ID": 4613,
   "Mfr_Name": "PRIME TRAILER PRODUCTS INC",
   "VehicleTypes": []
  },
  {
   "Country": "UNITED STATES (USA)",
   "Mfr_CommonName": null,
   "Mfr_ID": 4614,
   "Mfr_Name": "PRINCIPAL MOTOR COACH, INC.",
   "VehicleTypes": []
  },
  {
   "Country": "UNITED STATES (USA)",
   "Mfr_CommonName": null,
   "Mfr_ID": 4615,
   "Mfr_Name": "MORGAN MACHINE CO.",
   "VehicleTypes": []
  },
  {
   "Country": "UNITED STATES (USA)",
   "Mfr_CommonName": null,
   "Mfr_ID": 4617,
   "Mfr_Name": "MORGAN TRAILER MFG. COMPANY",
   "VehicleTypes": []
  },
  {
   "Country": "UNITED STATES (USA)",
   "Mfr_CommonName": null,
   "Mfr_ID": 4618,
   "Mfr_Name": "MORITZ INTERNATIONAL INC.",
   "VehicleTypes": [
    {
     "IsPrimary": true,
     "Name": "Trailer"
    }
   ]
  },
  {
   "Country": "UNITED STATES (USA)",
   "Mfr_CommonName": null,
   "Mfr_ID": 4619,
   "Mfr_Name": "MOROCCO WELDING",
   "VehicleTypes": []
  },
  {
   "Country": "UNITED STATES (USA)",
   "Mfr_CommonName": null,
   "Mfr_ID": 4620,
   "Mfr_Name": "JAY'S INC.",
   "VehicleTypes": []
  },
  {
   "Country": "UNITED STATES (USA)",
   "Mfr_CommonName": null,
   "Mfr_ID": 4622,
   "Mfr_Name": "JAYNES & COMPANY, INC.",
   "VehicleTypes": []
  },
  {
   "Country": "UNITED STATES (USA)",
   "Mfr_CommonName": null,
   "Mfr_ID": 4623,
   "Mfr_Name": "JAYRON FABRICATION LLC",
   "VehicleTypes": []
  },
  {
   "Country": "UNITED STATES (USA)",
   "Mfr_CommonName": null,
   "Mfr_ID": 4624,
   "Mfr_Name": "BURNUP EQUIPMENT COMPANY, INC.",
   "VehicleTypes": []
  },
  {
   "Country": "UNITED STATES (USA)",
   "Mfr_CommonName": null,
   "Mfr_ID": 4625,
   "Mfr_Name": "BURR BUILT CUSTOMS DBA CYCLE PERFORMANCE",
   "VehicleTypes": []
  },
  {
   "Country": "UNITED STATES (USA)",
   "Mfr_CommonName": null,
   "Mfr_ID": 4626,
   "Mfr_Name": "BURRO TRAVEL TRAILERS, LLC",
   "VehicleTypes": []
  },
  {
   "Country": "UNITED STATES (USA)",
   "Mfr_CommonName": null,
   "Mfr_ID": 4627,
   "Mfr_Name": "BURRUS ENGINE & BODY",
   "VehicleTypes": []
  },
  {
   "Country": "UNITED STATES (USA)",
   "Mfr_CommonName": null,
   "Mfr_ID": 4628,
   "Mfr_Name": "BUS & TRUCK SUPPLY CO.",
   "VehicleTypes": []
  },
  {
   "Country": "UNITED STATES (USA)",
   "Mfr_CommonName": null,
   "Mfr_ID": 4629,
   "Mfr_Name": "BUS ANDREWS EQUIP., SALES & SER.INC",
   "VehicleTypes": [
    {
     "IsPrimary": true,
     "Name": "Bus"
    }
   ]
  }
 ]
}