{
 "Count": 71,
 "Message": "Response returned successfully",
 "SearchCriteria": null,
 "Results": [
  {
   "Country": "UNITED STATES (USA)",
   "Mfr_CommonName": null,
   "Mfr_ID": 16367,
   "Mfr_Name": "LCW AUTOMOTIVE CORP.",
   "VehicleTypes": [
    {
     "IsPrimary": false,
     "Name": "Multipurpose Passenger Vehicle (MPV)"
    }
   ]
  },
  {
   "Country": "UNITED STATES (USA)",
   "Mfr_CommonName": null,
   "Mfr_ID": 16368,
   "Mfr_Name": "BRC CUSTOM COACHES & TRAILERS",
   "VehicleTypes": [
    {
     "IsPrimary": false,
     "Name": "Truck "
    },
    {
     "IsPrimary": false,
     "Name": "Bus"
    },
    {
     "IsPrimary": true,
     "Name": "Trailer"
    },
    {
     "IsPrimary": false,
     "Name": "Multipurpose Passenger Vehicle (MPV)"
    }
   ]
  },
  {
   "Country": "UNITED STATES (USA)",
   "Mfr_CommonName": "Master Tow",
   "Mfr_ID": 16369,
   "Mfr_Name": "MASTER TOW, INC.",
   "VehicleTypes": [
    {
     "IsPrimary": false,
     "Name": "Trailer"
    }
   ]
  },
  {
   "Country": "UNITED STATES (USA)",
   "Mfr_CommonName": "Kaufman Trailers",
   "Mfr_ID": 16370,
   "Mfr_Name": "KAUFMAN TRAILERS OF NC, INC.",
   "VehicleTypes": [
    {
     "IsPrimary": true,
     "Name": "Trailer"
    }
   ]
  },
  {
   "Country": "UNITED STATES (USA)",
   "Mfr_CommonName": null,
   "Mfr_ID": 16371,
   "Mfr_Name": "MCCLAIN INDUSTRIES COMPANY ",
   "VehicleTypes": []
  },
  {
   "Country": "VENEZUELA",
   "Mfr_CommonName": null,
   "Mfr_ID": 16372,
   "Mfr_Name": "PLAVICA PLUS C.A.",
   "VehicleTypes": []
  },
  {
   "Country": "GERMANY",
   "Mfr_CommonName": null,
   "Mfr_ID": 16373,
   "Mfr_Name": "PLASTIMAT GMBH",
   "VehicleTypes": []
  },
  {
   "Country": "VENEZUELA",
   "Mfr_CommonName": "LAND GLASS",
   "Mfr_ID": 16374,
   "Mfr_Name": "LAND GLASS C.A.",
   "VehicleTypes": []
  },
  {
   "Country": "GERMANY",
   "Mfr_CommonName": null,
   "Mfr_ID": 16375,
   "Mfr_Name": "KR\u00c4CKER GMBH",
   "VehicleTypes": []
  },
  {
   "Country": "TURKEY",
   "Mfr_CommonName": null,
   "Mfr_ID": 16376,
   "Mfr_Name": "CEVHER JANT SAN. A.S.",
   "VehicleTypes": []
  },
  {
   "Country": "CHINA",
   "Mfr_CommonName": null,
   "Mfr_ID": 16377,
   "Mfr_Name": "TAI'AN CITY ANTEROGRADE AUTOMOTIVE GLASS CO., LTD. ",
   "VehicleTypes": []
  },
  {
   "Country": "CHINA",
   "Mfr_CommonName": null,
   "Mfr_ID": 16378,
   "Mfr_Name": "SHANDONG KUPO TIRE CO., LTD.",
   "VehicleTypes": []
  },
  {
   "Country": "CHINA",
   "Mfr_CommonName": null,
   "Mfr_ID": 16379,
   "Mfr_Name": "NINGBO CENTURY EVA MOTORS CO.,LTD.",
   "VehicleTypes": [
    {
     "IsPrimary": true,
     "Name": "Low Speed Vehicle (LSV)"
    }
   ]
  },
  {
   "Country": "THAILAND",
   "Mfr_CommonName": null,
   "Mfr_ID": 16380,
   "Mfr_Name": "KEICH INTERNATIONAL TYRE CO., LTD.",
   "VehicleTypes": []
  },
  {
   "Country": "CHINA",
   "Mfr_CommonName": null,
   "Mfr_ID": 16381,
   "Mfr_Name": "Shandong Cocrea Tyre Co., Ltd.",
   "VehicleTypes": []
  },
  {
   "Country": "UNITED STATES (USA)",
   "Mfr_CommonName": "G.M.C. Bus",
   "Mfr_ID": 16382,
   "Mfr_Name": "GLOBAL MOTOR COACH INC.",
   "VehicleTypes": [
    {
     "IsPrimary": false,
     "Name": "Passenger Car"
    },
    {
     "IsPrimary": false,
     "Name": "Bus"
    },
    {
     "IsPrimary": false,
     "Name": "Multipurpose Passenger Vehicle (MPV)"
    },
    {
     "IsPrimary": false,
     "Name": "Incomplete Vehicle"
    }
   ]
  },
  {
   "Country": "UNITED STATES (USA)",
   "Mfr_CommonName": "N/A",
   "Mfr_ID": 16383,
   "Mfr_Name": "NEROWALKER BOATS LLC",
   "VehicleTypes": [
    {
     "IsPrimary": true,
     "Name": "Trailer"
    }
   ]
  },
  {
   "Country": "UNITED STATES (USA)",
   "Mfr_CommonName": "Formerly known as Sleepbus",
   "Mfr_ID": 16384,
   "Mfr_Name": "CABIN TECHNOLOGIES, INC.",
   "VehicleTypes": [
    {
     "IsPrimary": false,
     "Name": "Bus"
    }
   ]
  },
  {
   "Country": "UNITED STATES (USA)",
   "Mfr_CommonName": null,
   "Mfr_ID": 16385,
   "Mfr_Name": "WASATCH CLEAN ENERGY LLC",
   "VehicleTypes": [
    {
     "IsPrimary": false,
     "Name": "Truck "
    },
    {
     "IsPrimary": false,
     "Name": "Incomplete Vehicle"
    }
   ]
  },
  {
   "Country": "UNITED STATES (USA)",
   "Mfr_CommonName": null,
   "Mfr_ID": 16386,
   "Mfr_Name": "STEELCO INC",
   "VehicleTypes": []
  },
  {
   "Country": "UNITED STATES (USA)",
   "Mfr_CommonName": "Pirtek Foster",
   "Mfr_ID": 16387,
   "Mfr_Name": "WPLJR, LLC DBA PIRTEK FOSTER",
   "VehicleTypes": []
  },
  {
   "Country": "UNITED STATES (USA)",
   "Mfr_CommonName": null,
   "Mfr_ID": 16388,
   "Mfr_Name": "MIDAMERICA EQUIPMENT, INC",
   "VehicleTypes": [
    {
     "IsPrimary": true,
     "Name": "Trailer"
    }
   ]
  },
  {
   "Country": "UNITED STATES (USA)",
   "Mfr_CommonName": "WINDROCK",
   "Mfr_ID": 16389,
   "Mfr_Name": "WINDROCK TRAILERS INC.",
   "VehicleTypes": [
    {
     "IsPrimary": true,
     "Name": "Trailer"
    }
   ]
  },
  {
   "Country": "UNITED STATES (USA)",
   "Mfr_CommonName": "Aerohauz",
   "Mfr_ID": 16390,
   "Mfr_Name": "AEROHAUZ FABRICATIONS, LLC",
   "VehicleTypes": [
    {
     "IsPrimary": false,
     "Name": "Trailer"
    }
   ]
  },
  {
   "Country": "UNITED STATES (USA)",
   "Mfr_CommonName": "TUF Folding Trailers",
   "Mfr_ID": 16391,
   "Mfr_Name": "TUF CORP.",
   "VehicleTypes": [
    {
     "IsPrimary": true,
     "Name": "Trailer"
    }
   ]
  },
  {
   "Country": "UNITED STATES (USA)",
   "Mfr_CommonName": null,
   "Mfr_ID": 16392,
   "Mfr_Name": "ALL STAR SOLUTIONS ",
   "VehicleTypes": [
    {
     "IsPrimary": false,
     "Name": "Trailer"
    }
   ]
  },
  {
   "Country": "UNITED STATES (USA)",
   "Mfr_CommonName": null,
   "Mfr_ID": 16393,
   "Mfr_Name": "GO RITE TRAILERS, INC.",
   "VehicleTypes": [
    {
     "IsPrimary": true,
     "Name": "Trailer"
    }
   ]
  },
  {
   "Country": "UNITED STATES (USA)",
   "Mfr_CommonName": null,
   "Mfr_ID": 16394,
   "Mfr_Name": "WORLD CNG SW LLC",
   "VehicleTypes": [
    {
     "IsPrimary": false,
     "Name": "Passenger Car"
    },
    {
     "IsPrimary": false,
     "Name": "Truck "
    },
    {
     "IsPrimary": false,
     "Name": "Bus"
    },
    {
     "IsPrimary": true,
     "Name": "Incomplete Vehicle"
    }
   ]
  },
  {
   "Country": "CHINA",
   "Mfr_CommonName": "RODROCK",
   "Mfr_ID": 16395,
   "Mfr_Name": "RODROCK AUTO PARTS MFG CO., LTD.",
   "VehicleTypes": []
  },
  {
   "Country": "ITALY",
   "Mfr_CommonName": "Automotive Lighting",
   "Mfr_ID": 16396,
   "Mfr_Name": "AUTOMOTIVE LIGHTING ITALIA S.P.A.",
   "VehicleTypes": []
  },
  {
   "Country": "CHINA",
   "Mfr_CommonName": null,
   "Mfr_ID": 16397,
   "Mfr_Name": "CHANGZHOU INTER UNIVERSAL MACH/EQUIP CO. LTD",
   "VehicleTypes": []
  },
  {
   "Country": "UNITED STATES (USA)",
   "Mfr_CommonName": null,
   "Mfr_ID": 16398,
   "Mfr_Name": "VIPER CARGO LLC",
   "VehicleTypes": [
    {
     "IsPrimary": false,
     "Name": "Trailer"
    }
   ]
  },
  {
   "Country": "ITALY",
   "Mfr_CommonName": "OLSA",
   "Mfr_ID": 16399,
   "Mfr_Name": "OLSA SPA",
   "VehicleTypes": []
  },
  {
   "Country": "POLAND",
   "Mfr_CommonName": null,
   "Mfr_ID": 16400,
   "Mfr_Name": "OLSA POLAND SP.ZO.O",
   "VehicleTypes": []
  },
  {
   "Country": "ITALY",
   "Mfr_CommonName": null,
   "Mfr_ID": 16401,
   "Mfr_Name": "PLASTIC COMPONENTS AND MODULES AUTOMOTIVE S.P.A.",
   "VehicleTypes": []
  },
  {
   "Country": "GERMANY",
   "Mfr_CommonName": "Nanogate",
   "Mfr_ID": 16402,
   "Mfr_Name": "NANOGATE PD SYSTEMS GMBH",
   "VehicleTypes": []
  },
  {
   "Country": "UNITED STATES (USA)",
   "Mfr_CommonName": "Continental",
   "Mfr_ID": 16403,
   "Mfr_Name": "CONTINENTAL TIRE THE AMERICAS, LLC",
   "VehicleTypes": []
  },
  {
   "Country": "UNITED STATES (USA)",
   "Mfr_CommonName": null,
   "Mfr_ID": 16404,
   "Mfr_Name": "TRAILER MANIA TRAILERS INC.",
   "VehicleTypes": [
    {
     "IsPrimary": true,
     "Name": "Trailer"
    }
   ]
  },
  {
   "Country": "TURKEY",
   "Mfr_CommonName": "Toyota",
   "Mfr_ID": 16405,
   "Mfr_Name": "TOYOTA MOTOR MANUFACTURING,TURKEY ,INC.",
   "VehicleTypes": []
  },
  {
   "Country": "UNITED STATES (USA)",
   "Mfr_CommonName": null,
   "Mfr_ID": 16406,
   "Mfr_Name": "Cardinal CG Company",
   "VehicleTypes": []
  },
  {
   "Country": "UNITED STATES (USA)",
   "Mfr_CommonName": "Seedling Homes",
   "Mfr_ID": 16407,
   "Mfr_Name": "SEEDLING HOMES, LLC.",
   "VehicleTypes": [
    {
     "IsPrimary": false,
     "Name": "Trailer"
    }
   ]
  },
  {
   "Country": "UNITED STATES (USA)",
   "Mfr_CommonName": null,
   "Mfr_ID": 16408,
   "Mfr_Name": "EASYWAY TRAILERS INC",
   "VehicleTypes": [
    {
     "IsPrimary": true,
     "Name": "Trailer"
    }
   ]
  },
  {
   "Country": "UNITED STATES (USA)",
   "Mfr_CommonName": "Elsey Mfg.",
   "Mfr_ID": 16409,
   "Mfr_Name": "ELSEY MFG. LLC",
   "VehicleTypes": [
    {
     "IsPrimary": true,
     "Name": "Trailer"
    }
   ]
  },
  {
   "Country": "UNITED STATES (USA)",
   "Mfr_CommonName": null,
   "Mfr_ID": 16410,
   "Mfr_Name": "Purgatory Towing Inc.",
   "VehicleTypes": []
  },
  {
   "Country": "UNITED STATES (USA)",
   "Mfr_CommonName": null,
   "Mfr_ID": 16411,
   "Mfr_Name": "Schneider Sales & Service, LLC",
   "VehicleTypes": [
    {
     "IsPrimary": false,
     "Name": "Trailer"
    }
   ]
  },
  {
   "Country": "UNITED STATES (USA)",
   "Mfr_CommonName": null,
   "Mfr_ID": 16412,
   "Mfr_Name": "Mahindra GenZe",
   "VehicleTypes": []
  },
  {
   "Country": "UNITED STATES (USA)",
   "Mfr_CommonName": null,
   "Mfr_ID": 16413,
   "Mfr_Name": "MCCOY MANUFACTURING LLC.",
   "VehicleTypes": [
    {
     "IsPrimary": true,
     "Name": "Trailer"
    }
   ]
  },
  {
   "Country": "UNITED STATES (USA)",
   "Mfr_CommonName": null,
   "Mfr_ID": 16414,
   "Mfr_Name": "AVERY CABIN COMPANY",
   "VehicleTypes": [
    {
     "IsPrimary": true,
     "Name": "Trailer"
    }
   ]
  },
  {
   "Country": "UNITED STATES (USA)",
   "Mfr_CommonName": null,
   "Mfr_ID": 16415,
   "Mfr_Name": "Nexhaul Trailers",
   "VehicleTypes": []
  },
  {
   "Country": "UNITED STATES (USA)",
   "Mfr_CommonName": "FOUR SEASONS TRUCK CENTER",
   "Mfr_ID": 16416,
   "Mfr_Name": "FSM INC",
   "VehicleTypes": [
    {
     "IsPrimary": false,
     "Name": "Truck "
    }
   ]
  },
  {
   "Country": "UNITED STATES (USA)",
   "Mfr_CommonName": null,
   "Mfr_ID": 16417,
   "Mfr_Name": "ARCH BUILDERS LLC.",
   "VehicleTypes": [
    {
     "IsPrimary": true,
     "Name": "Trailer"
    }
   ]
  },
  {
   "Country": "UNITED STATES (USA)",
   "Mfr_CommonName": null,
   "Mfr_ID": 16418,
   "Mfr_Name": "ELDORADO MOBILITY, INC.",
   "VehicleTypes": [
    {
     "IsPrimary": false,
     "Name": "Multipurpose Passenger Vehicle (MPV)"
    }
   ]
  },
  {
   "Country": "UNITED STATES (USA)",
   "Mfr_CommonName": "GM",
   "Mfr_ID": 16419,
   "Mfr_Name": "WILMES CHEVROLET BUICK GMC",
   "VehicleTypes": [
    {
     "IsPrimary": false,
     "Name": "Passenger Car"
    },
    {
     "IsPrimary": false,
     "Name": "Truck "
    },
    {
     "IsPrimary": false,
     "Name": "Multipurpose Passenger Vehicle (MPV)"
    },
    {
     "IsPrimary": false,
     "Name": "Incomplete Vehicle"
    }
   ]
  },
  {
   "Country": "UNITED STATES (USA)",
   "Mfr_CommonName": null,
   "Mfr_ID": 16420,
   "Mfr_Name": "TRAILER TIME ENTERPRISES, LLC.",
   "VehicleTypes": [
    {
     "IsPrimary": true,
     "Name": "Trailer"
    }
   ]
  },
  {
   "Country": "UNITED STATES (USA)",
   "Mfr_CommonName": "Higer USA",
   "Mfr_ID": 16421,
   "Mfr_Name": "HBC GROUP LLC",
   "VehicleTypes": [
    {
     "IsPrimary": false,
     "Name": "Truck "
    },
    {
     "IsPrimary": false,
     "Name": "Bus"
    },
    {
     "IsPrimary": false,
     "Name": "Multipurpose Passenger Vehicle (MPV)"
    },
    {
     "IsPrimary": false,
     "Name": "Incomplete Vehicle"
    }
   ]
  },
  {
   "Country": "UNITED STATES (USA)",
   "Mfr_CommonName": null,
   "Mfr_ID": 16422,
   "Mfr_Name": "SMYRNA TRUCK & CARGO LLC",
   "VehicleTypes": [
    {
     "IsPrimary": false,
     "Name": "Truck "
    },
    {
     "IsPrimary": false,
     "Name": "Incomplete Vehicle"
    }
   ]
  },
  {
   "Country": "CHINA",
   "Mfr_CommonName": null,
   "Mfr_ID": 16423,
   "Mfr_Name": "DANYANG RUIMEITAI AUTO PARTS CO., LTD",
   "VehicleTypes": []
  },
  {
   "Country": "SLOVAKIA",
   "Mfr_CommonName": "FTE",
   "Mfr_ID": 16424,
   "Mfr_Name": "FTE AUTOMOTIVE SLOVAKIA S.R.O.",
   "VehicleTypes": []
  },
  {
   "Country": "GERMANY",
   "Mfr_CommonName": "FTE",
   "Mfr_ID": 16425,
   "Mfr_Name": "FTE AUTOMOTIVE MOVE GMBH",
   "VehicleTypes": []
  },
  {
   "Country": "UNITED STATES (USA)",
   "Mfr_CommonName": null,
   "Mfr_ID": 16426,
   "Mfr_Name": "RTM SERVICES",
   "VehicleTypes": [
    {
     "IsPrimary": false,
     "Name": "Trailer"
    }
   ]
  },
  {
   "Country": "UNITED STATES (USA)",
   "Mfr_CommonName": "Odulair",
   "Mfr_ID": 16427,
   "Mfr_Name": "ODULAIR, LLC",
   "VehicleTypes": [
    {
     "IsPrimary": false,
     "Name": "Truck "
    },
    {
     "IsPrimary": false,
     "Name": "Bus"
    },
    {
     "IsPrimary": false,
     "Name": "Trailer"
    }
   ]
  },
  {
   "Country": "CHINA",
   "Mfr_CommonName": null,
   "Mfr_ID": 16428,
   "Mfr_Name": "WUHU ANRUI OPTOELECTRONICS CO., LTD.",
   "VehicleTypes": []
  },
  {
   "Country": "UNITED STATES (USA)",
   "Mfr_CommonName": null,
   "Mfr_ID": 16429,
   "Mfr_Name": "HAVIS INC.",
   "VehicleTypes": [
    {
     "IsPrimary": false,
     "Name": "Truck "
    },
    {
     "IsPrimary": false,
     "Name": "Multipurpose Passenger Vehicle (MPV)"
    }
   ]
  },
  {
   "Country": "UNITED STATES (USA)",
   "Mfr_CommonName": null,
   "Mfr_ID": 16430,
   "Mfr_Name": "LUMA RV INC",
   "VehicleTypes": [
    {
     "IsPrimary": true,
     "Name": "Trailer"
    }
   ]
  },
  {
   "Country": "UNITED STATES (USA)",
   "Mfr_CommonName": "VLF AUTOMOTIVE",
   "Mfr_ID": 16431,
   "Mfr_Name": "VLF AUTOMOTIVE, LLC",
   "VehicleTypes": [
    {
     "IsPrimary": false,
     "Name": "Passenger Car"
    },
    {
     "IsPrimary": true,
     "Name": "Truck "
    },
    {
     "IsPrimary": false,
     "Name": "Bus"
    },
    {
     "IsPrimary": false,
     "Name": "Multipurpose Passenger Vehicle (MPV)"
    }
   ]
  },
  {
   "Country": "UNITED STATES (USA)",
   "Mfr_CommonName": null,
   "Mfr_ID": 16432,
   "Mfr_Name": "REAL FLEET SOLUTIONS LLC",
   "VehicleTypes": [
    {
     "IsPrimary": false,
     "Name": "Truck "
    }
   ]
  },
  {
   "Country": "UNITED STATES (USA)",
   "Mfr_CommonName": null,
   "Mfr_ID": 16433,
   "Mfr_Name": "UNIVERSAL PTO HITCH CO. LLC",
   "VehicleTypes": []
  },
  {
   "Country": "UNITED STATES (USA)",
   "Mfr_CommonName": null,
   "Mfr_ID": 16434,
   "Mfr_Name": "PORTABOARDS ENTERPRISES LLC",
   "VehicleTypes": [
    {
     "IsPrimary": true,
     "Name": "Trailer"
    }
   ]
  },
  {
   "Country": "UNITED STATES (USA)",
   "Mfr_CommonName": null,
   "Mfr_ID": 16435,
   "Mfr_Name": "BARTUK HOSE & HYDRAULICS",
   "VehicleTypes": []
  },
  {
   "Country": "UNITED STATES (USA)",
   "Mfr_CommonName": null,
   "Mfr_ID": 16436,
   "Mfr_Name": "K&K REPAIR SERVICE, LLC",
   "VehicleTypes": [
    {
     "IsPrimary": true,
     "Name": "Trailer"
    }
   ]
  },
  {
   "Country": "UNITED STATES (USA)",
   "Mfr_CommonName": "Alt Fuel Innovations",
   "Mfr_ID": 16437,
   "Mfr_Name": "ALT FUEL INNOVATIONS",
   "VehicleTypes": [
    {
     "IsPrimary": false,
     "Name": "Passenger Car"
    },
    {
     "IsPrimary": false,
     "Name": "Truck "
    },
    {
     "IsPrimary": true,
     "Name": "Multipurpose Passenger Vehicle (MPV)"
    }
   ]
  }
 ]
}