{
 "Count": 84,
 "Message": "Response returned successfully",
 "SearchCriteria": null,
 "Results": [
  {
   "Country": "CANADA",
   "Mfr_CommonName": "EHGNA",
   "Mfr_ID": 15834,
   "Mfr_Name": "ERWIN HYMER GROUP NORTH AMERICA, INC",
   "VehicleTypes": [
    {
     "IsPrimary": false,
     "Name": "Trailer"
    },
    {
     "IsPrimary": true,
     "Name": "Multipurpose Passenger Vehicle (MPV)"
    }
   ]
  },
  {
   "Country": "CHINA",
   "Mfr_CommonName": "GTS - Global Trailer Solutions",
   "Mfr_ID": 15835,
   "Mfr_Name": "FOSHAN SHUNDE F1 TRANSPORT ENGINEERING CO., LTD",
   "VehicleTypes": [
    {
     "IsPrimary": true,
     "Name": "Trailer"
    }
   ]
  },
  {
   "Country": "ESTONIA",
   "Mfr_CommonName": "RESPO",
   "Mfr_ID": 15836,
   "Mfr_Name": "RESPO HAAGISED AS",
   "VehicleTypes": [
    {
     "IsPrimary": false,
     "Name": "Trailer"
    }
   ]
  },
  {
   "Country": "CANADA",
   "Mfr_CommonName": null,
   "Mfr_ID": 15837,
   "Mfr_Name": "WESTBROOK GREENHOUSE SYSTEMS LTD",
   "VehicleTypes": [
    {
     "IsPrimary": true,
     "Name": "Trailer"
    }
   ]
  },
  {
   "Country": "AUSTRIA",
   "Mfr_CommonName": "ZKW",
   "Mfr_ID": 15838,
   "Mfr_Name": "ZKW LICHTSYSTEME GMBH",
   "VehicleTypes": []
  },
  {
   "Country": "CHINA",
   "Mfr_CommonName": "ZKW",
   "Mfr_ID": 15839,
   "Mfr_Name": "ZKW LIGHTING SYSTEMS (DALIAN) CO., LTD.",
   "VehicleTypes": []
  },
  {
   "Country": "MEXICO",
   "Mfr_CommonName": "ZKW",
   "Mfr_ID": 15840,
   "Mfr_Name": "ZKW M\u00c9XICO S.A. DE C.V.",
   "VehicleTypes": []
  },
  {
   "Country": "SLOVAKIA",
   "Mfr_CommonName": null,
   "Mfr_ID": 15841,
   "Mfr_Name": "ZKW SLOVAKIA S.R.O.",
   "VehicleTypes": []
  },
  {
   "Country": "UNITED STATES (USA)",
   "Mfr_CommonName": "Summit Trailer",
   "Mfr_ID": 15842,
   "Mfr_Name": "SUMMIT TRAILER MANUFACTURING, INC.",
   "VehicleTypes": [
    {
     "IsPrimary": true,
     "Name": "Trailer"
    }
   ]
  },
  {
   "Country": "UNITED STATES (USA)",
   "Mfr_CommonName": "IROQUOIS",
   "Mfr_ID": 15843,
   "Mfr_Name": "IROQUOIS MANUFACTING COMPANY",
   "VehicleTypes": [
    {
     "IsPrimary": false,
     "Name": "Truck "
    },
    {
     "IsPrimary": false,
     "Name": "Incomplete Vehicle"
    }
   ]
  },
  {
   "Country": "UNITED STATES (USA)",
   "Mfr_CommonName": "Trux Super Store",
   "Mfr_ID": 15844,
   "Mfr_Name": "TRUX SUPER STORE, INC",
   "VehicleTypes": [
    {
     "IsPrimary": true,
     "Name": "Truck "
    }
   ]
  },
  {
   "Country": "UNITED STATES (USA)",
   "Mfr_CommonName": null,
   "Mfr_ID": 15845,
   "Mfr_Name": "SHIVERS UTILITY TRAILERS, INC.",
   "VehicleTypes": [
    {
     "IsPrimary": true,
     "Name": "Trailer"
    }
   ]
  },
  {
   "Country": "UNITED STATES (USA)",
   "Mfr_CommonName": "Volvo",
   "Mfr_ID": 15846,
   "Mfr_Name": "VOLVO WHITE TRUCK CORPORATION",
   "VehicleTypes": []
  },
  {
   "Country": "UNITED STATES (USA)",
   "Mfr_CommonName": null,
   "Mfr_ID": 15847,
   "Mfr_Name": "MONSTER POWER EQUIPMENT, INC.",
   "VehicleTypes": [
    {
     "IsPrimary": true,
     "Name": "Trailer"
    }
   ]
  },
  {
   "Country": "SPAIN",
   "Mfr_CommonName": null,
   "Mfr_ID": 15848,
   "Mfr_Name": "MANUFACTURAS Y ACCESORIOS ELECTRICOS, S.A.",
   "VehicleTypes": []
  },
  {
   "Country": "CHINA",
   "Mfr_CommonName": null,
   "Mfr_ID": 15849,
   "Mfr_Name": "ZHEJIANG HUATAI ALUMINUM WHEEL MANUFACTURING CO., LTD.",
   "VehicleTypes": []
  },
  {
   "Country": "CHINA",
   "Mfr_CommonName": null,
   "Mfr_ID": 15850,
   "Mfr_Name": "XUCHANG ANNAIO AUTOMOTIVE GLASS CO., LTD.",
   "VehicleTypes": []
  },
  {
   "Country": "CHINA",
   "Mfr_CommonName": null,
   "Mfr_ID": 15851,
   "Mfr_Name": "YUYAO SHENGLONG PLUMBING EQUIPMENT FACTORY",
   "VehicleTypes": []
  },
  {
   "Country": "CHINA",
   "Mfr_CommonName": null,
   "Mfr_ID": 15852,
   "Mfr_Name": "Zhangjiagang City Zaofa Safety-glass Co., Ltd.",
   "VehicleTypes": []
  },
  {
   "Country": "CHINA",
   "Mfr_CommonName": null,
   "Mfr_ID": 15853,
   "Mfr_Name": "ZHEJIANG JIALI (LISHUI) INDUSTRY LIMITED BY SHARE LTD.",
   "VehicleTypes": []
  },
  {
   "Country": "CANADA",
   "Mfr_CommonName": null,
   "Mfr_ID": 15854,
   "Mfr_Name": "Remorques Savage Inc.",
   "VehicleTypes": []
  },
  {
   "Country": "MEXICO",
   "Mfr_CommonName": null,
   "Mfr_ID": 15855,
   "Mfr_Name": "NACIONAL DE COBRE SA DE CV",
   "VehicleTypes": []
  },
  {
   "Country": "CHINA",
   "Mfr_CommonName": null,
   "Mfr_ID": 15856,
   "Mfr_Name": "Yancheng Luxeway Tires Co., Ltd.",
   "VehicleTypes": []
  },
  {
   "Country": "AUSTRALIA",
   "Mfr_CommonName": "Ford",
   "Mfr_ID": 15857,
   "Mfr_Name": "FORD MOTOR CO OF AUSTRALIA LTD.",
   "VehicleTypes": []
  },
  {
   "Country": "UNITED STATES (USA)",
   "Mfr_CommonName": null,
   "Mfr_ID": 15858,
   "Mfr_Name": "NATIONAL TRUCK AND EQUIPMENT LLC",
   "VehicleTypes": [
    {
     "IsPrimary": true,
     "Name": "Truck "
    },
    {
     "IsPrimary": false,
     "Name": "Trailer"
    },
    {
     "IsPrimary": true,
     "Name": "Incomplete Vehicle"
    }
   ]
  },
  {
   "Country": "UNITED STATES (USA)",
   "Mfr_CommonName": null,
   "Mfr_ID": 15860,
   "Mfr_Name": "WORK TRUCK STUFF, INC.",
   "VehicleTypes": [
    {
     "IsPrimary": true,
     "Name": "Truck "
    },
    {
     "IsPrimary": false,
     "Name": "Trailer"
    },
    {
     "IsPrimary": false,
     "Name": "Incomplete Vehicle"
    }
   ]
  },
  {
   "Country": "UNITED STATES (USA)",
   "Mfr_CommonName": "classy chassis",
   "Mfr_ID": 15861,
   "Mfr_Name": "CLASSY CHASSIS CAMPERS",
   "VehicleTypes": [
    {
     "IsPrimary": false,
     "Name": "Trailer"
    }
   ]
  },
  {
   "Country": "UNITED STATES (USA)",
   "Mfr_CommonName": "USSV",
   "Mfr_ID": 15862,
   "Mfr_Name": "US SPECIALTY VEHICLES LLC",
   "VehicleTypes": [
    {
     "IsPrimary": false,
     "Name": "Multipurpose Passenger Vehicle (MPV)"
    }
   ]
  },
  {
   "Country": "UNITED STATES (USA)",
   "Mfr_CommonName": null,
   "Mfr_ID": 15863,
   "Mfr_Name": "NU-GEN PRODUCT",
   "VehicleTypes": [
    {
     "IsPrimary": true,
     "Name": "Trailer"
    }
   ]
  },
  {
   "Country": "UNITED STATES (USA)",
   "Mfr_CommonName": null,
   "Mfr_ID": 15864,
   "Mfr_Name": "AMERICAN VALLEY AVIATION, INC.",
   "VehicleTypes": [
    {
     "IsPrimary": true,
     "Name": "Passenger Car"
    },
    {
     "IsPrimary": false,
     "Name": "Trailer"
    }
   ]
  },
  {
   "Country": "UNITED STATES (USA)",
   "Mfr_CommonName": null,
   "Mfr_ID": 15865,
   "Mfr_Name": "DAYCO PRODUCTS, LLC",
   "VehicleTypes": []
  },
  {
   "Country": "UNITED STATES (USA)",
   "Mfr_CommonName": "Alkane",
   "Mfr_ID": 15866,
   "Mfr_Name": "ALKANE TRUCK COMPANY, INC.",
   "VehicleTypes": [
    {
     "IsPrimary": true,
     "Name": "Truck "
    },
    {
     "IsPrimary": false,
     "Name": "Off Road Vehicle"
    }
   ]
  },
  {
   "Country": "UNITED STATES (USA)",
   "Mfr_CommonName": "BCI Trailers",
   "Mfr_ID": 15868,
   "Mfr_Name": "BCI TRAILER MANUFACTURING LLC.",
   "VehicleTypes": [
    {
     "IsPrimary": false,
     "Name": "Trailer"
    }
   ]
  },
  {
   "Country": "UNITED STATES (USA)",
   "Mfr_CommonName": null,
   "Mfr_ID": 15869,
   "Mfr_Name": "Hexagon Lincoln, LLC",
   "VehicleTypes": [
    {
     "IsPrimary": false,
     "Name": "Trailer"
    }
   ]
  },
  {
   "Country": "UNITED STATES (USA)",
   "Mfr_CommonName": null,
   "Mfr_ID": 15872,
   "Mfr_Name": "Great Northern Equipment Distributing, Inc.",
   "VehicleTypes": []
  },
  {
   "Country": "CHINA",
   "Mfr_CommonName": null,
   "Mfr_ID": 15873,
   "Mfr_Name": "Jiangsu Pomlead Forging Co., Ltd",
   "VehicleTypes": []
  },
  {
   "Country": "TAIWAN",
   "Mfr_CommonName": null,
   "Mfr_ID": 15874,
   "Mfr_Name": "TSUN TIEN EQUIPMENTS CO., LTD",
   "VehicleTypes": []
  },
  {
   "Country": "UNITED STATES (USA)",
   "Mfr_CommonName": null,
   "Mfr_ID": 15875,
   "Mfr_Name": "LEBLANC TRAILER SALES INC",
   "VehicleTypes": [
    {
     "IsPrimary": false,
     "Name": "Truck "
    },
    {
     "IsPrimary": true,
     "Name": "Incomplete Vehicle"
    }
   ]
  },
  {
   "Country": "UNITED STATES (USA)",
   "Mfr_CommonName": null,
   "Mfr_ID": 15876,
   "Mfr_Name": "UTILITY CRANE & EQUIPMENT, INC.",
   "VehicleTypes": [
    {
     "IsPrimary": false,
     "Name": "Truck "
    }
   ]
  },
  {
   "Country": "UNITED STATES (USA)",
   "Mfr_CommonName": null,
   "Mfr_ID": 15877,
   "Mfr_Name": "IRON DOG, INC.",
   "VehicleTypes": [
    {
     "IsPrimary": true,
     "Name": "Trailer"
    }
   ]
  },
  {
   "Country": "UNITED STATES (USA)",
   "Mfr_CommonName": "Rocky",
   "Mfr_ID": 15878,
   "Mfr_Name": "ROBERT KIMBALL dba K&K Customs",
   "VehicleTypes": [
    {
     "IsPrimary": false,
     "Name": "Truck "
    },
    {
     "IsPrimary": true,
     "Name": "Incomplete Vehicle"
    }
   ]
  },
  {
   "Country": "UNITED STATES (USA)",
   "Mfr_CommonName": "Mercedes Benz  sprinter",
   "Mfr_ID": 15879,
   "Mfr_Name": "AMAZING AUTO INC",
   "VehicleTypes": [
    {
     "IsPrimary": true,
     "Name": "Bus"
    },
    {
     "IsPrimary": false,
     "Name": "Trailer"
    }
   ]
  },
  {
   "Country": "UNITED STATES (USA)",
   "Mfr_CommonName": "Mercedes-Benz",
   "Mfr_ID": 15880,
   "Mfr_Name": "MERCEDES-BENZ TRUCK COMPANY INC",
   "VehicleTypes": []
  },
  {
   "Country": "UNITED STATES (USA)",
   "Mfr_CommonName": null,
   "Mfr_ID": 15881,
   "Mfr_Name": "BUCKLEY POWDER COMPANY",
   "VehicleTypes": []
  },
  {
   "Country": "UNITED STATES (USA)",
   "Mfr_CommonName": null,
   "Mfr_ID": 15882,
   "Mfr_Name": "LIDDELL INDUSTRIES, INC.",
   "VehicleTypes": [
    {
     "IsPrimary": true,
     "Name": "Trailer"
    }
   ]
  },
  {
   "Country": "UNITED STATES (USA)",
   "Mfr_CommonName": "MobilityTRANS",
   "Mfr_ID": 15883,
   "Mfr_Name": "MOBILITYTRANS, LLC",
   "VehicleTypes": [
    {
     "IsPrimary": false,
     "Name": "Bus"
    },
    {
     "IsPrimary": false,
     "Name": "Multipurpose Passenger Vehicle (MPV)"
    }
   ]
  },
  {
   "Country": "UNITED STATES (USA)",
   "Mfr_CommonName": "Kelso Technologies, Inc.",
   "Mfr_ID": 15884,
   "Mfr_Name": "KELSO TECHNOLOGIES, INC.",
   "VehicleTypes": [
    {
     "IsPrimary": true,
     "Name": "Truck "
    },
    {
     "IsPrimary": false,
     "Name": "Off Road Vehicle"
    }
   ]
  },
  {
   "Country": "UNITED STATES (USA)",
   "Mfr_CommonName": null,
   "Mfr_ID": 15885,
   "Mfr_Name": "ZARK IRON WORKS LLC",
   "VehicleTypes": [
    {
     "IsPrimary": true,
     "Name": "Trailer"
    }
   ]
  },
  {
   "Country": "BELGIUM",
   "Mfr_CommonName": "Volvo Trucks",
   "Mfr_ID": 15886,
   "Mfr_Name": "VOLVO EUROPA TRUCK NV ",
   "VehicleTypes": []
  },
  {
   "Country": "BRAZIL",
   "Mfr_CommonName": "Volvo",
   "Mfr_ID": 15887,
   "Mfr_Name": "VOLVO DO BRASIL VEICULOS LTDA",
   "VehicleTypes": []
  },
  {
   "Country": "SWEDEN",
   "Mfr_CommonName": null,
   "Mfr_ID": 15888,
   "Mfr_Name": "Rickardsson Slapvagns Ab",
   "VehicleTypes": []
  },
  {
   "Country": "CHINA",
   "Mfr_CommonName": null,
   "Mfr_ID": 15889,
   "Mfr_Name": "JIANGSU GUNADE TYRE CO., LTD.",
   "VehicleTypes": []
  },
  {
   "Country": "CANADA",
   "Mfr_CommonName": null,
   "Mfr_ID": 15890,
   "Mfr_Name": "RAJA TRAILER & EQUIPMENT SALES LTD.",
   "VehicleTypes": [
    {
     "IsPrimary": true,
     "Name": "Trailer"
    }
   ]
  },
  {
   "Country": "CHINA",
   "Mfr_CommonName": "TZ NEBULA",
   "Mfr_ID": 15891,
   "Mfr_Name": "TAIZHOU NEBULA POWER CO., LTD.",
   "VehicleTypes": [
    {
     "IsPrimary": false,
     "Name": "Low Speed Vehicle (LSV)"
    },
    {
     "IsPrimary": false,
     "Name": "Off Road Vehicle"
    }
   ]
  },
  {
   "Country": "UNITED STATES (USA)",
   "Mfr_CommonName": "SBI",
   "Mfr_ID": 15892,
   "Mfr_Name": "SBI MFG",
   "VehicleTypes": [
    {
     "IsPrimary": true,
     "Name": "Trailer"
    }
   ]
  },
  {
   "Country": "UNITED STATES (USA)",
   "Mfr_CommonName": null,
   "Mfr_ID": 15893,
   "Mfr_Name": "CHRIS HOOVER ENTERPRISES INC.",
   "VehicleTypes": [
    {
     "IsPrimary": false,
     "Name": "Motorcycle"
    },
    {
     "IsPrimary": false,
     "Name": "Passenger Car"
    },
    {
     "IsPrimary": false,
     "Name": "Truck "
    },
    {
     "IsPrimary": false,
     "Name": "Trailer"
    },
    {
     "IsPrimary": false,
     "Name": "Off Road Vehicle"
    }
   ]
  },
  {
   "Country": "UNITED STATES (USA)",
   "Mfr_CommonName": "C&M TRAILERS INC.",
   "Mfr_ID": 15894,
   "Mfr_Name": "C&M TRAILERS INC.",
   "VehicleTypes": [
    {
     "IsPrimary": true,
     "Name": "Trailer"
    }
   ]
  },
  {
   "Country": "UNITED STATES (USA)",
   "Mfr_CommonName": "Beasley Tire",
   "Mfr_ID": 15895,
   "Mfr_Name": "BEASLEY TIRE SERVICE - HOUSTON INC.",
   "VehicleTypes": []
  },
  {
   "Country": "UNITED STATES (USA)",
   "Mfr_CommonName": null,
   "Mfr_ID": 15896,
   "Mfr_Name": "J.W. SPEAKER CORPORATION",
   "VehicleTypes": []
  },
  {
   "Country": "UNITED STATES (USA)",
   "Mfr_CommonName": "Snorkel",
   "Mfr_ID": 15897,
   "Mfr_Name": "SNORKEL INTERNATIONAL, LLC",
   "VehicleTypes": [
    {
     "IsPrimary": false,
     "Name": "Trailer"
    }
   ]
  },
  {
   "Country": "UNITED STATES (USA)",
   "Mfr_CommonName": null,
   "Mfr_ID": 15898,
   "Mfr_Name": "SOUTHWEST SIGNS LLC",
   "VehicleTypes": [
    {
     "IsPrimary": false,
     "Name": "Trailer"
    }
   ]
  },
  {
   "Country": "UNITED STATES (USA)",
   "Mfr_CommonName": null,
   "Mfr_ID": 15899,
   "Mfr_Name": "PEACH CARGO LLC",
   "VehicleTypes": [
    {
     "IsPrimary": false,
     "Name": "Trailer"
    }
   ]
  },
  {
   "Country": "UNITED STATES (USA)",
   "Mfr_CommonName": "Hunna Mei",
   "Mfr_ID": 15900,
   "Mfr_Name": "HUNNA MEI, LLC.",
   "VehicleTypes": [
    {
     "IsPrimary": true,
     "Name": "Trailer"
    }
   ]
  },
  {
   "Country": "UNITED STATES (USA)",
   "Mfr_CommonName": null,
   "Mfr_ID": 15901,
   "Mfr_Name": "SUPREME FOODS & COMMISSARY LLC",
   "VehicleTypes": [
    {
     "IsPrimary": true,
     "Name": "Truck "
    }
   ]
  },
  {
   "Country": "UNITED STATES (USA)",
   "Mfr_CommonName": "Turtle UP Trailers",
   "Mfr_ID": 15902,
   "Mfr_Name": "TURTLE UP TRAILERS",
   "VehicleTypes": [
    {
     "IsPrimary": true,
     "Name": "Trailer"
    }
   ]
  },
  {
   "Country": "UNITED STATES (USA)",
   "Mfr_CommonName": "Southern Sportz",
   "Mfr_ID": 15903,
   "Mfr_Name": "GRIGGS SOUTHERN SPORTZ LLC",
   "VehicleTypes": [
    {
     "IsPrimary": false,
     "Name": "Low Speed Vehicle (LSV)"
    }
   ]
  },
  {
   "Country": "UNITED STATES (USA)",
   "Mfr_CommonName": "Inzuro",
   "Mfr_ID": 15904,
   "Mfr_Name": "APPLIED INTEGRATION TECHNOLOGIES, LLC",
   "VehicleTypes": [
    {
     "IsPrimary": true,
     "Name": "Multipurpose Passenger Vehicle (MPV)"
    }
   ]
  },
  {
   "Country": "CHINA",
   "Mfr_CommonName": null,
   "Mfr_ID": 15905,
   "Mfr_Name": "WEIHAI HUAMAO RUBBER SCIENCE AND TECHNOLOGY BRANCH COMPANY OF TRIANGLE TYRE,CO., LTD.",
   "VehicleTypes": []
  },
  {
   "Country": "UNITED STATES (USA)",
   "Mfr_CommonName": null,
   "Mfr_ID": 15906,
   "Mfr_Name": "Envtech Tank Services, LLC",
   "VehicleTypes": []
  },
  {
   "Country": "UNITED STATES (USA)",
   "Mfr_CommonName": null,
   "Mfr_ID": 15907,
   "Mfr_Name": "SOUTHEASTERN SPECIALTY VEHICLES",
   "VehicleTypes": [
    {
     "IsPrimary": true,
     "Name": "Multipurpose Passenger Vehicle (MPV)"
    }
   ]
  },
  {
   "Country": "UNITED STATES (USA)",
   "Mfr_CommonName": null,
   "Mfr_ID": 15908,
   "Mfr_Name": "TINY LIFESTYLE HOMES, LLC",
   "VehicleTypes": [
    {
     "IsPrimary": true,
     "Name": "Trailer"
    }
   ]
  },
  {
   "Country": "UNITED STATES (USA)",
   "Mfr_CommonName": "ITTS",
   "Mfr_ID": 15909,
   "Mfr_Name": "ROCCO DELUCA",
   "VehicleTypes": [
    {
     "IsPrimary": false,
     "Name": "Trailer"
    }
   ]
  },
  {
   "Country": "UNITED STATES (USA)",
   "Mfr_CommonName": "brookville roadster",
   "Mfr_ID": 15910,
   "Mfr_Name": "ANTIQUE AUTO SHEET METAL DBA BROOKVILLE ROADSTER",
   "VehicleTypes": [
    {
     "IsPrimary": false,
     "Name": "Passenger Car"
    },
    {
     "IsPrimary": false,
     "Name": "Truck "
    }
   ]
  },
  {
   "Country": "UNITED STATES (USA)",
   "Mfr_CommonName": null,
   "Mfr_ID": 15911,
   "Mfr_Name": "Wellspring Components LLC",
   "VehicleTypes": []
  },
  {
   "Country": "UNITED STATES (USA)",
   "Mfr_CommonName": null,
   "Mfr_ID": 15912,
   "Mfr_Name": "SUPERIOR TRAILER MANUFACTURING LLC",
   "VehicleTypes": []
  },
  {
   "Country": "UNITED STATES (USA)",
   "Mfr_CommonName": null,
   "Mfr_ID": 15913,
   "Mfr_Name": "IPT, INC.",
   "VehicleTypes": [
    {
     "IsPrimary": false,
     "Name": "Trailer"
    }
   ]
  },
  {
   "Country": "UNITED STATES (USA)",
   "Mfr_CommonName": null,
   "Mfr_ID": 15914,
   "Mfr_Name": "SUPERIOR CUSTOM DESIGNS INC",
   "VehicleTypes": [
    {
     "IsPrimary": false,
     "Name": "Truck "
    },
    {
     "IsPrimary": false,
     "Name": "Trailer"
    },
    {
     "IsPrimary": false,
     "Name": "Multipurpose Passenger Vehicle (MPV)"
    }
   ]
  },
  {
   "Country": "UNITED STATES (USA)",
   "Mfr_CommonName": null,
   "Mfr_ID": 15915,
   "Mfr_Name": "BNM TRAILER SALES, INC",
   "VehicleTypes": [
    {
     "IsPrimary": false,
     "Name": "Trailer"
    }
   ]
  },
  {
   "Country": "UNITED STATES (USA)",
   "Mfr_CommonName": null,
   "Mfr_ID": 15916,
   "Mfr_Name": "DTR INDUSTRIES",
   "VehicleTypes": []
  },
  {
   "Country": "UNITED STATES (USA)",
   "Mfr_CommonName": "EZ TRAC TRAILERS, INC.",
   "Mfr_ID": 15917,
   "Mfr_Name": "EZ TRAC TRAILERS, INC.",
   "VehicleTypes": [
    {
     "IsPrimary": true,
     "Name": "Trailer"
    }
   ]
  },
  {
   "Country": "UNITED STATES (USA)",
   "Mfr_CommonName": null,
   "Mfr_ID": 15918,
   "Mfr_Name": "TRUCK UPFITTERS OF MS",
   "VehicleTypes": [
    {
     "IsPrimary": false,
     "Name": "Passenger Car"
    },
    {
     "IsPrimary": false,
     "Name": "Truck "
    },
    {
     "IsPrimary": false,
     "Name": "Bus"
    },
    {
     "IsPrimary": false,
     "Name": "Trailer"
    },
    {
     "IsPrimary": false,
     "Name": "Incomplete Vehicle"
    },
    {
     "IsPrimary": false,
     "Name": "Off Road Vehicle"
    }
   ]
  },
  {
   "Country": "UNITED STATES (USA)",
   "Mfr_CommonName": null,
   "Mfr_ID": 15919,
   "Mfr_Name": "DOWN TO EARTH CONST. & EQUIP. SALES, INC.",
   "VehicleTypes": [
    {
     "IsPrimary": true,
     "Name": "Trailer"
    }
   ]
  },
  {
   "Country": "UNITED STATES (USA)",
   "Mfr_CommonName": null,
   "Mfr_ID": 15920,
   "Mfr_Name": "SOUTHERN TIRE MART LLC",
   "VehicleTypes": []
  },
  {
   "Country": "UNITED STATES (USA)",
   "Mfr_CommonName": "Superior Trailer",
   "Mfr_ID": 15921,
   "Mfr_Name": "SUPERIOR MANUFACTURING AND ENGINEERING CORPORATION",
   "VehicleTypes": [
    {
     "IsPrimary": true,
     "Name": "Trailer"
    }
   ]
  }
 ]
}