{
 "Count": 90,
 "Message": "Response returned successfully",
 "SearchCriteria": null,
 "Results": [
  {
   "Country": "BRAZIL",
   "Mfr_CommonName": null,
   "Mfr_ID": 14782,
   "Mfr_Name": "Moto Honda da Amazonia Ltda.",
   "VehicleTypes": []
  },
  {
   "Country": "NETHERLANDS",
   "Mfr_CommonName": null,
   "Mfr_ID": 14783,
   "Mfr_Name": "Nanogate Glazing Systems B.V.",
   "VehicleTypes": []
  },
  {
   "Country": "RUSSIA",
   "Mfr_CommonName": null,
   "Mfr_ID": 14784,
   "Mfr_Name": "Open Joint Staock Company \"OMSKSHINA\"",
   "VehicleTypes": []
  },
  {
   "Country": "TURKEY",
   "Mfr_CommonName": null,
   "Mfr_ID": 14785,
   "Mfr_Name": "Ozka Lastik Ve Kaucuk San. Tic. A.S. ",
   "VehicleTypes": []
  },
  {
   "Country": "CHINA",
   "Mfr_CommonName": null,
   "Mfr_ID": 14786,
   "Mfr_Name": "Qingdao Deji Wheel Cart Co., Ltd.",
   "VehicleTypes": []
  },
  {
   "Country": "CHINA",
   "Mfr_CommonName": null,
   "Mfr_ID": 14787,
   "Mfr_Name": "Zhuozhou Taoyuan Automobile Glass Company",
   "VehicleTypes": []
  },
  {
   "Country": "CHINA",
   "Mfr_CommonName": null,
   "Mfr_ID": 14788,
   "Mfr_Name": "Zhuji Qinwei Hydraulic & Pneumatic Components Co., Ltd.",
   "VehicleTypes": []
  },
  {
   "Country": "MEXICO",
   "Mfr_CommonName": null,
   "Mfr_ID": 14789,
   "Mfr_Name": "TD Manufacturas Metalicas, S. DE R.L MI",
   "VehicleTypes": []
  },
  {
   "Country": "CHINA",
   "Mfr_CommonName": "Honda",
   "Mfr_ID": 14790,
   "Mfr_Name": "SUNDIRO HONDA MOTORCYCLE CO., LTD.",
   "VehicleTypes": []
  },
  {
   "Country": "JAPAN",
   "Mfr_CommonName": null,
   "Mfr_ID": 14791,
   "Mfr_Name": "Sumitomo Bakelite Co., Ltd. ",
   "VehicleTypes": []
  },
  {
   "Country": "INDIA",
   "Mfr_CommonName": null,
   "Mfr_ID": 14792,
   "Mfr_Name": "steel impex & Industries",
   "VehicleTypes": []
  },
  {
   "Country": "UNITED STATES (USA)",
   "Mfr_CommonName": null,
   "Mfr_ID": 14793,
   "Mfr_Name": "DIAMOND K CORPORATION",
   "VehicleTypes": [
    {
     "IsPrimary": false,
     "Name": "Trailer"
    }
   ]
  },
  {
   "Country": "CANADA",
   "Mfr_CommonName": null,
   "Mfr_ID": 14794,
   "Mfr_Name": "Bridgeview Manufacturing, Inc.",
   "VehicleTypes": []
  },
  {
   "Country": "NETHERLANDS",
   "Mfr_CommonName": null,
   "Mfr_ID": 14795,
   "Mfr_Name": "Brinkoflex BV",
   "VehicleTypes": []
  },
  {
   "Country": "CANADA",
   "Mfr_CommonName": null,
   "Mfr_ID": 14796,
   "Mfr_Name": "CAN AM GLASS PRODUCTS LTD",
   "VehicleTypes": []
  },
  {
   "Country": "ITALY",
   "Mfr_CommonName": null,
   "Mfr_ID": 14797,
   "Mfr_Name": "Carello Industriale S.P.A.",
   "VehicleTypes": []
  },
  {
   "Country": "GERMANY",
   "Mfr_CommonName": null,
   "Mfr_ID": 14798,
   "Mfr_Name": "Carl F. Schroth, GMBH",
   "VehicleTypes": []
  },
  {
   "Country": "CHINA",
   "Mfr_CommonName": null,
   "Mfr_ID": 14799,
   "Mfr_Name": "Carlisle Tire & Rubber Co., Ltd.",
   "VehicleTypes": []
  },
  {
   "Country": "TRINIDAD AND TOBAGO",
   "Mfr_CommonName": null,
   "Mfr_ID": 14800,
   "Mfr_Name": "Carlisle Tire Co.",
   "VehicleTypes": []
  },
  {
   "Country": "CHINA",
   "Mfr_CommonName": null,
   "Mfr_ID": 14801,
   "Mfr_Name": "Changchun Pilkington Safety Glass Company Limited",
   "VehicleTypes": []
  },
  {
   "Country": "CHINA",
   "Mfr_CommonName": null,
   "Mfr_ID": 14802,
   "Mfr_Name": "Changzhou Yougguang Vehicle Industry Co Ltd ",
   "VehicleTypes": []
  },
  {
   "Country": "THAILAND",
   "Mfr_CommonName": null,
   "Mfr_ID": 14803,
   "Mfr_Name": "Deestone International Co., Ltd.",
   "VehicleTypes": []
  },
  {
   "Country": "CHINA",
   "Mfr_CommonName": null,
   "Mfr_ID": 14804,
   "Mfr_Name": "Express Shuttle Service, Inc.",
   "VehicleTypes": []
  },
  {
   "Country": "ITALY",
   "Mfr_CommonName": null,
   "Mfr_ID": 14805,
   "Mfr_Name": "Ferrari S.p.A.",
   "VehicleTypes": []
  },
  {
   "Country": "NEW ZEALAND",
   "Mfr_CommonName": null,
   "Mfr_ID": 14806,
   "Mfr_Name": "Forrest Partnership T/A Glasshape",
   "VehicleTypes": []
  },
  {
   "Country": "JAPAN",
   "Mfr_CommonName": null,
   "Mfr_ID": 14807,
   "Mfr_Name": "SUMITOMO RUBBER INDUSTRIES LTD",
   "VehicleTypes": []
  },
  {
   "Country": "CHINA",
   "Mfr_CommonName": null,
   "Mfr_ID": 14808,
   "Mfr_Name": "Sumitomo Rubber (Suzhou) Co., Ltd.",
   "VehicleTypes": []
  },
  {
   "Country": "CHINA",
   "Mfr_CommonName": null,
   "Mfr_ID": 14809,
   "Mfr_Name": "Yantai Yihua Autoglass Co., Ltd.",
   "VehicleTypes": []
  },
  {
   "Country": "HONG KONG",
   "Mfr_CommonName": null,
   "Mfr_ID": 14810,
   "Mfr_Name": "Yau Bong Car Glass Company, Ltd.",
   "VehicleTypes": []
  },
  {
   "Country": "COLOMBIA",
   "Mfr_CommonName": null,
   "Mfr_ID": 14811,
   "Mfr_Name": "GLASSEK S.A.",
   "VehicleTypes": []
  },
  {
   "Country": "BRAZIL",
   "Mfr_CommonName": null,
   "Mfr_ID": 14812,
   "Mfr_Name": "PG Products Industria e Comercio de Vidros Ltda",
   "VehicleTypes": []
  },
  {
   "Country": "FRANCE",
   "Mfr_CommonName": null,
   "Mfr_ID": 14813,
   "Mfr_Name": "Societe Verriere de LAtlantique (SVA) ",
   "VehicleTypes": []
  },
  {
   "Country": "TAIWAN",
   "Mfr_CommonName": null,
   "Mfr_ID": 14814,
   "Mfr_Name": "Spring Auto Parts Industrial Corp.",
   "VehicleTypes": []
  },
  {
   "Country": "CHINA",
   "Mfr_CommonName": null,
   "Mfr_ID": 14816,
   "Mfr_Name": "GUANGZHOU AURORA LIGHTING CO., LTD",
   "VehicleTypes": []
  },
  {
   "Country": "CHINA",
   "Mfr_CommonName": null,
   "Mfr_ID": 14817,
   "Mfr_Name": "GREENMAN MACHINERY GROUP(HK)LIMITED",
   "VehicleTypes": [
    {
     "IsPrimary": false,
     "Name": "Low Speed Vehicle (LSV)"
    }
   ]
  },
  {
   "Country": "PERU",
   "Mfr_CommonName": "HPD GLASS GROUP",
   "Mfr_ID": 14818,
   "Mfr_Name": "HPD CONTRATISTAS GENERALES SAC",
   "VehicleTypes": [
    {
     "IsPrimary": true,
     "Name": "Passenger Car"
    }
   ]
  },
  {
   "Country": "BRAZIL",
   "Mfr_CommonName": "INCOVISA",
   "Mfr_ID": 14819,
   "Mfr_Name": "INCOVISA COMER\u00c7IO IMPORTAC\u00c4O E EXPORTA\u00c7\u00c4O LTDA",
   "VehicleTypes": []
  },
  {
   "Country": "CHINA",
   "Mfr_CommonName": null,
   "Mfr_ID": 14820,
   "Mfr_Name": "GUANGZHOU LOYO ELECTORNIC FACTORY",
   "VehicleTypes": []
  },
  {
   "Country": "UNITED STATES (USA)",
   "Mfr_CommonName": null,
   "Mfr_ID": 14821,
   "Mfr_Name": "KODIAK UPFITTERS LLC.",
   "VehicleTypes": [
    {
     "IsPrimary": true,
     "Name": "Truck "
    }
   ]
  },
  {
   "Country": "MEXICO",
   "Mfr_CommonName": null,
   "Mfr_ID": 14823,
   "Mfr_Name": "PARABRISAS Y LAMINADOS NACIONALES S.A.DE.C.V.",
   "VehicleTypes": []
  },
  {
   "Country": "CHINA",
   "Mfr_CommonName": null,
   "Mfr_ID": 14824,
   "Mfr_Name": "TAIZHOU HUANGYAN SHENTUO VEHICLE CO., LTD",
   "VehicleTypes": []
  },
  {
   "Country": "UNITED STATES (USA)",
   "Mfr_CommonName": "INDIGAN",
   "Mfr_ID": 14825,
   "Mfr_Name": "INDIGAN",
   "VehicleTypes": [
    {
     "IsPrimary": true,
     "Name": "Motorcycle"
    }
   ]
  },
  {
   "Country": "TURKEY",
   "Mfr_CommonName": null,
   "Mfr_ID": 14826,
   "Mfr_Name": "Adana Haci Sabanci Organize",
   "VehicleTypes": []
  },
  {
   "Country": "UNITED STATES (USA)",
   "Mfr_CommonName": null,
   "Mfr_ID": 14827,
   "Mfr_Name": "FERGUSON FARMS, INC",
   "VehicleTypes": [
    {
     "IsPrimary": false,
     "Name": "Trailer"
    }
   ]
  },
  {
   "Country": "UNITED STATES (USA)",
   "Mfr_CommonName": "De Soto Motors",
   "Mfr_ID": 14828,
   "Mfr_Name": "JDC ENTERPRISES, INC.",
   "VehicleTypes": [
    {
     "IsPrimary": false,
     "Name": "Truck "
    },
    {
     "IsPrimary": true,
     "Name": "Trailer"
    }
   ]
  },
  {
   "Country": "CANADA",
   "Mfr_CommonName": null,
   "Mfr_ID": 14829,
   "Mfr_Name": "2000007 Ontario Inc.",
   "VehicleTypes": []
  },
  {
   "Country": "INDIA",
   "Mfr_CommonName": null,
   "Mfr_ID": 14830,
   "Mfr_Name": "Ace Tyres Ltd.",
   "VehicleTypes": []
  },
  {
   "Country": "GERMANY",
   "Mfr_CommonName": null,
   "Mfr_ID": 14831,
   "Mfr_Name": "Aces Autocreations ",
   "VehicleTypes": []
  },
  {
   "Country": "CANADA",
   "Mfr_CommonName": null,
   "Mfr_ID": 14832,
   "Mfr_Name": "AFX North America Inc.",
   "VehicleTypes": []
  },
  {
   "Country": "MEXICO",
   "Mfr_CommonName": null,
   "Mfr_ID": 14833,
   "Mfr_Name": "AGC Automotive Mexico, S. de R.L. de C.V.",
   "VehicleTypes": []
  },
  {
   "Country": "SRI LANKA",
   "Mfr_CommonName": null,
   "Mfr_ID": 14834,
   "Mfr_Name": "Associated Ceat (PVT) Limited",
   "VehicleTypes": []
  },
  {
   "Country": "CHINA",
   "Mfr_CommonName": null,
   "Mfr_ID": 14836,
   "Mfr_Name": "BEIJING SHENZHOU RODIA INDUSTRY & TRADE CO. LTD.",
   "VehicleTypes": []
  },
  {
   "Country": "CHINA",
   "Mfr_CommonName": null,
   "Mfr_ID": 14837,
   "Mfr_Name": "Beiqi Foton Motor Co., Ltd.",
   "VehicleTypes": []
  },
  {
   "Country": "DENMARK",
   "Mfr_CommonName": null,
   "Mfr_ID": 14838,
   "Mfr_Name": "BORUM INDUSTRI A/S",
   "VehicleTypes": [
    {
     "IsPrimary": false,
     "Name": "Truck "
    }
   ]
  },
  {
   "Country": "CHINA",
   "Mfr_CommonName": null,
   "Mfr_ID": 14839,
   "Mfr_Name": "CHANGZHOU PENGXIANG AUTOMOBILE DECORATION FACTORY",
   "VehicleTypes": []
  },
  {
   "Country": "CHINA",
   "Mfr_CommonName": null,
   "Mfr_ID": 14840,
   "Mfr_Name": "TAIZHOU JIANTE TRANSPORTATION EQUIPMENT CO., LTD.",
   "VehicleTypes": []
  },
  {
   "Country": "CHINA",
   "Mfr_CommonName": null,
   "Mfr_ID": 14841,
   "Mfr_Name": "ZHEJIANG FANGWEI RUBBER HOSE TECHNOLOGY CO.,LTD.",
   "VehicleTypes": []
  },
  {
   "Country": "MEXICO",
   "Mfr_CommonName": "PRO FAB US",
   "Mfr_ID": 14842,
   "Mfr_Name": "PRO FAB US, S.A. DE C.V",
   "VehicleTypes": [
    {
     "IsPrimary": false,
     "Name": "Trailer"
    },
    {
     "IsPrimary": false,
     "Name": "Incomplete Vehicle"
    }
   ]
  },
  {
   "Country": "CHINA",
   "Mfr_CommonName": null,
   "Mfr_ID": 14843,
   "Mfr_Name": "Bridgestone (Shenyang) Tire., Ltd.",
   "VehicleTypes": []
  },
  {
   "Country": "CANADA",
   "Mfr_CommonName": null,
   "Mfr_ID": 14844,
   "Mfr_Name": "CAM-CONCEPT, INC.",
   "VehicleTypes": [
    {
     "IsPrimary": false,
     "Name": "Trailer"
    }
   ]
  },
  {
   "Country": "SRI LANKA",
   "Mfr_CommonName": null,
   "Mfr_ID": 14845,
   "Mfr_Name": "Ceat Kelani Radials (PVT) Limited",
   "VehicleTypes": []
  },
  {
   "Country": "MEXICO",
   "Mfr_CommonName": null,
   "Mfr_ID": 14846,
   "Mfr_Name": "CIPSA Industrias S.A. de C.V.",
   "VehicleTypes": []
  },
  {
   "Country": "CANADA",
   "Mfr_CommonName": null,
   "Mfr_ID": 14847,
   "Mfr_Name": "CJC 2000 Inc.",
   "VehicleTypes": []
  },
  {
   "Country": "CHINA",
   "Mfr_CommonName": "CKT",
   "Mfr_ID": 14848,
   "Mfr_Name": "COOPER (KUNSHAN) TIRE CO., LTD.",
   "VehicleTypes": []
  },
  {
   "Country": "MEXICO",
   "Mfr_CommonName": null,
   "Mfr_ID": 14850,
   "Mfr_Name": "Corporacion de Occidente, SA de CV",
   "VehicleTypes": []
  },
  {
   "Country": "SOUTH KOREA",
   "Mfr_CommonName": null,
   "Mfr_ID": 14851,
   "Mfr_Name": "Dae Woo Engineering Co., Ltd",
   "VehicleTypes": []
  },
  {
   "Country": "UNITED STATES (USA)",
   "Mfr_CommonName": null,
   "Mfr_ID": 14852,
   "Mfr_Name": "SOUTHERN TRUCK EQUIPMENT.",
   "VehicleTypes": [
    {
     "IsPrimary": true,
     "Name": "Incomplete Vehicle"
    }
   ]
  },
  {
   "Country": "UNITED KINGDOM (UK)",
   "Mfr_CommonName": null,
   "Mfr_ID": 14853,
   "Mfr_Name": "Detroit Electric UK Ltd",
   "VehicleTypes": []
  },
  {
   "Country": "UNITED STATES (USA)",
   "Mfr_CommonName": null,
   "Mfr_ID": 14854,
   "Mfr_Name": "801 TRAILER MANUFACTURING",
   "VehicleTypes": [
    {
     "IsPrimary": true,
     "Name": "Trailer"
    }
   ]
  },
  {
   "Country": "DENMARK",
   "Mfr_CommonName": null,
   "Mfr_ID": 14855,
   "Mfr_Name": "Dinolift Oy",
   "VehicleTypes": []
  },
  {
   "Country": "CHINA",
   "Mfr_CommonName": null,
   "Mfr_ID": 14856,
   "Mfr_Name": "Dongguan LvTong Golf & Sightseeing Cars Co.",
   "VehicleTypes": []
  },
  {
   "Country": "MEXICO",
   "Mfr_CommonName": null,
   "Mfr_ID": 14857,
   "Mfr_Name": "Empresas Y Equipos Industriales, S.A. De C.V.",
   "VehicleTypes": []
  },
  {
   "Country": "CHINA",
   "Mfr_CommonName": null,
   "Mfr_ID": 14858,
   "Mfr_Name": "FRAENKISCHE PIPE-SYSTEM (SHANGHAI) CO., LTD.",
   "VehicleTypes": []
  },
  {
   "Country": "MEXICO",
   "Mfr_CommonName": null,
   "Mfr_ID": 14859,
   "Mfr_Name": "FRUEHAUF DE MEXICO S.A. DE C.V.",
   "VehicleTypes": [
    {
     "IsPrimary": false,
     "Name": "Trailer"
    },
    {
     "IsPrimary": false,
     "Name": "Incomplete Vehicle"
    }
   ]
  },
  {
   "Country": "CHINA",
   "Mfr_CommonName": "Fuyao Shenyang",
   "Mfr_ID": 14860,
   "Mfr_Name": "FUYAO GROUP (SHENYANG) AUTOMOTIVE GLASS CO., LTD",
   "VehicleTypes": []
  },
  {
   "Country": "CANADA",
   "Mfr_CommonName": null,
   "Mfr_ID": 14861,
   "Mfr_Name": "GRANDE WEST TRANSPORTATION INTERNATIONAL LTD.",
   "VehicleTypes": [
    {
     "IsPrimary": false,
     "Name": "Bus"
    }
   ]
  },
  {
   "Country": "UNITED STATES (USA)",
   "Mfr_CommonName": "MMI",
   "Mfr_ID": 14862,
   "Mfr_Name": "MUNNS MANUFACTURING INC",
   "VehicleTypes": [
    {
     "IsPrimary": true,
     "Name": "Trailer"
    }
   ]
  },
  {
   "Country": "UNITED STATES (USA)",
   "Mfr_CommonName": "Challenger Motorcycles ",
   "Mfr_ID": 14863,
   "Mfr_Name": "CYPRESS CREEK MOTORSPORTS II, LLC",
   "VehicleTypes": [
    {
     "IsPrimary": false,
     "Name": "Motorcycle"
    }
   ]
  },
  {
   "Country": "CHINA",
   "Mfr_CommonName": null,
   "Mfr_ID": 14864,
   "Mfr_Name": "Hangzhou Tle Tools Co., Ltd.",
   "VehicleTypes": []
  },
  {
   "Country": "CHINA",
   "Mfr_CommonName": null,
   "Mfr_ID": 14865,
   "Mfr_Name": "Henan Huanyu Glass Tech Corp.",
   "VehicleTypes": []
  },
  {
   "Country": "CHINA",
   "Mfr_CommonName": null,
   "Mfr_ID": 14866,
   "Mfr_Name": "Henan Shenbang Tire co., Ltd.",
   "VehicleTypes": []
  },
  {
   "Country": "SOUTH AFRICA",
   "Mfr_CommonName": null,
   "Mfr_ID": 14867,
   "Mfr_Name": "Hog Billets Pty Ltd t/a Motorworxsa",
   "VehicleTypes": []
  },
  {
   "Country": "CHINA",
   "Mfr_CommonName": null,
   "Mfr_ID": 14868,
   "Mfr_Name": "Hubei Longyao Auto Glass Co. Ltd.",
   "VehicleTypes": []
  },
  {
   "Country": "TAIWAN",
   "Mfr_CommonName": null,
   "Mfr_ID": 14869,
   "Mfr_Name": "Hwa Li Industrial Co., Ltd.",
   "VehicleTypes": []
  },
  {
   "Country": "TAIWAN",
   "Mfr_CommonName": null,
   "Mfr_ID": 14870,
   "Mfr_Name": "Innova Rubber Co., Ltd",
   "VehicleTypes": []
  },
  {
   "Country": "UNITED STATES (USA)",
   "Mfr_CommonName": "EISEN",
   "Mfr_ID": 14871,
   "Mfr_Name": "EISEN MOTOR COMPANY",
   "VehicleTypes": [
    {
     "IsPrimary": true,
     "Name": "Motorcycle"
    }
   ]
  },
  {
   "Country": "CHINA",
   "Mfr_CommonName": null,
   "Mfr_ID": 14872,
   "Mfr_Name": "Jerry Light Pty Ltd",
   "VehicleTypes": []
  },
  {
   "Country": "CHINA",
   "Mfr_CommonName": null,
   "Mfr_ID": 14873,
   "Mfr_Name": "Jiangsu Hongchang Sci-Tech Co., LTD",
   "VehicleTypes": []
  },
  {
   "Country": "CHINA",
   "Mfr_CommonName": null,
   "Mfr_ID": 14874,
   "Mfr_Name": "Jiangsu Sanyuan Tire Co., Ltd.",
   "VehicleTypes": []
  },
  {
   "Country": "CHINA",
   "Mfr_CommonName": null,
   "Mfr_ID": 14875,
   "Mfr_Name": "Jianxin Tyre (Fujian) Co., Ltd.",
   "VehicleTypes": []
  }
 ]
}