{
 "Count": 99,
 "Message": "Response returned successfully",
 "SearchCriteria": null,
 "Results": [
  {
   "Country": "UNITED STATES (USA)",
   "Mfr_CommonName": null,
   "Mfr_ID": 13290,
   "Mfr_Name": "CAROLINA EQUIPMENT SALES INC",
   "VehicleTypes": []
  },
  {
   "Country": "UNITED STATES (USA)",
   "Mfr_CommonName": null,
   "Mfr_ID": 13291,
   "Mfr_Name": "CAROLINA POWER & LIGHT COMPANY",
   "VehicleTypes": []
  },
  {
   "Country": "UNITED STATES (USA)",
   "Mfr_CommonName": null,
   "Mfr_ID": 13292,
   "Mfr_Name": "FLEETWOOD TRAVEL TRAILERS OF NE #95",
   "VehicleTypes": []
  },
  {
   "Country": "UNITED STATES (USA)",
   "Mfr_CommonName": null,
   "Mfr_ID": 13293,
   "Mfr_Name": "FLEETWOOD TRAVEL TRAILERS OF OH #29",
   "VehicleTypes": []
  },
  {
   "Country": "UNITED STATES (USA)",
   "Mfr_CommonName": null,
   "Mfr_ID": 13294,
   "Mfr_Name": "FLEETWOOD TRAVEL TRAILERS OF OR #23",
   "VehicleTypes": []
  },
  {
   "Country": "UNITED STATES (USA)",
   "Mfr_CommonName": null,
   "Mfr_ID": 13295,
   "Mfr_Name": "FLEETWOOD TRAVEL TRAILERS OF OR #24",
   "VehicleTypes": []
  },
  {
   "Country": "UNITED STATES (USA)",
   "Mfr_CommonName": null,
   "Mfr_ID": 13296,
   "Mfr_Name": "FLEETWOOD TRAVEL TRAILERS OF TX #49",
   "VehicleTypes": []
  },
  {
   "Country": "UNITED STATES (USA)",
   "Mfr_CommonName": null,
   "Mfr_ID": 13297,
   "Mfr_Name": "FLEETWOOD TRAVEL TRAILERS OF VA #14",
   "VehicleTypes": []
  },
  {
   "Country": "UNITED STATES (USA)",
   "Mfr_CommonName": null,
   "Mfr_ID": 13298,
   "Mfr_Name": "FLESSNER TRUCK EQUIPMENT SALES",
   "VehicleTypes": []
  },
  {
   "Country": "UNITED STATES (USA)",
   "Mfr_CommonName": null,
   "Mfr_ID": 13299,
   "Mfr_Name": "FLET HAULERS INC",
   "VehicleTypes": []
  },
  {
   "Country": "UNITED STATES (USA)",
   "Mfr_CommonName": null,
   "Mfr_ID": 13300,
   "Mfr_Name": "FLETCHER'S EQUIPMENT",
   "VehicleTypes": []
  },
  {
   "Country": "UNITED STATES (USA)",
   "Mfr_CommonName": null,
   "Mfr_ID": 13301,
   "Mfr_Name": "BURKE'S WELDING, INC.",
   "VehicleTypes": []
  },
  {
   "Country": "UNITED STATES (USA)",
   "Mfr_CommonName": null,
   "Mfr_ID": 13302,
   "Mfr_Name": "BURLINGTON FARM MACHINERY CORP.",
   "VehicleTypes": []
  },
  {
   "Country": "",
   "Mfr_CommonName": null,
   "Mfr_ID": 13303,
   "Mfr_Name": "BURMAH-CASTROL COMPANY",
   "VehicleTypes": []
  },
  {
   "Country": "UNITED STATES (USA)",
   "Mfr_CommonName": null,
   "Mfr_ID": 13304,
   "Mfr_Name": "BURNS MFG.",
   "VehicleTypes": []
  },
  {
   "Country": "UNITED STATES (USA)",
   "Mfr_CommonName": null,
   "Mfr_ID": 13305,
   "Mfr_Name": "BURNSVILLE SNOWMOBILE SUPPLY",
   "VehicleTypes": []
  },
  {
   "Country": "UNITED STATES (USA)",
   "Mfr_CommonName": null,
   "Mfr_ID": 13306,
   "Mfr_Name": "BURNUP & SIMS INC.",
   "VehicleTypes": []
  },
  {
   "Country": "UNITED STATES (USA)",
   "Mfr_CommonName": null,
   "Mfr_ID": 13307,
   "Mfr_Name": "DAYSTAR MOTORCYCLES OF AMERICA",
   "VehicleTypes": []
  },
  {
   "Country": "UNITED STATES (USA)",
   "Mfr_CommonName": null,
   "Mfr_ID": 13308,
   "Mfr_Name": "DAYSTAR MOTORCYCLES OF AMERICA INC",
   "VehicleTypes": []
  },
  {
   "Country": "UNITED STATES (USA)",
   "Mfr_CommonName": null,
   "Mfr_ID": 13309,
   "Mfr_Name": "DAYTEC CENTER",
   "VehicleTypes": []
  },
  {
   "Country": "UNITED STATES (USA)",
   "Mfr_CommonName": null,
   "Mfr_ID": 13310,
   "Mfr_Name": "DAYTON WHITE TRUCKS, INC.",
   "VehicleTypes": []
  },
  {
   "Country": "UNITED STATES (USA)",
   "Mfr_CommonName": null,
   "Mfr_ID": 13311,
   "Mfr_Name": "DAZON , INC.",
   "VehicleTypes": [
    {
     "IsPrimary": true,
     "Name": "Motorcycle"
    }
   ]
  },
  {
   "Country": "UNITED STATES (USA)",
   "Mfr_CommonName": null,
   "Mfr_ID": 13312,
   "Mfr_Name": "DB INDUSTRIES INC",
   "VehicleTypes": []
  },
  {
   "Country": "UNITED STATES (USA)",
   "Mfr_CommonName": null,
   "Mfr_ID": 13313,
   "Mfr_Name": "JOHN H ENTERPRISE, INC",
   "VehicleTypes": []
  },
  {
   "Country": "UNITED STATES (USA)",
   "Mfr_CommonName": null,
   "Mfr_ID": 13315,
   "Mfr_Name": "CARRY-ON TRAILER, INC.",
   "VehicleTypes": [
    {
     "IsPrimary": true,
     "Name": "Trailer"
    }
   ]
  },
  {
   "Country": "UNITED STATES (USA)",
   "Mfr_CommonName": null,
   "Mfr_ID": 13316,
   "Mfr_Name": "CARRYIN TRAILERS",
   "VehicleTypes": []
  },
  {
   "Country": "UNITED STATES (USA)",
   "Mfr_CommonName": null,
   "Mfr_ID": 13317,
   "Mfr_Name": "CARSON MANUFACTURING INC",
   "VehicleTypes": []
  },
  {
   "Country": "UNITED STATES (USA)",
   "Mfr_CommonName": null,
   "Mfr_ID": 13318,
   "Mfr_Name": "DOUBLE R TRAILER MFG",
   "VehicleTypes": []
  },
  {
   "Country": "UNITED STATES (USA)",
   "Mfr_CommonName": null,
   "Mfr_ID": 13319,
   "Mfr_Name": "DOUBLE R TRAILERS",
   "VehicleTypes": []
  },
  {
   "Country": "",
   "Mfr_CommonName": null,
   "Mfr_ID": 13321,
   "Mfr_Name": "DOUBLE S ENTERPRISES",
   "VehicleTypes": []
  },
  {
   "Country": "UNITED STATES (USA)",
   "Mfr_CommonName": null,
   "Mfr_ID": 13322,
   "Mfr_Name": "DOUBLE-S-WELDING",
   "VehicleTypes": []
  },
  {
   "Country": "UNITED STATES (USA)",
   "Mfr_CommonName": null,
   "Mfr_ID": 13323,
   "Mfr_Name": "DOUBLETREE RV",
   "VehicleTypes": []
  },
  {
   "Country": "UNITED STATES (USA)",
   "Mfr_CommonName": null,
   "Mfr_ID": 13325,
   "Mfr_Name": "DOUGLAS & LOMASON CO",
   "VehicleTypes": [
    {
     "IsPrimary": true,
     "Name": "Truck "
    }
   ]
  },
  {
   "Country": "UNITED STATES (USA)",
   "Mfr_CommonName": null,
   "Mfr_ID": 13326,
   "Mfr_Name": "Dandy Digger & Supply, Inc.",
   "VehicleTypes": []
  },
  {
   "Country": "UNITED STATES (USA)",
   "Mfr_CommonName": null,
   "Mfr_ID": 13330,
   "Mfr_Name": "ACC TrailRite",
   "VehicleTypes": []
  },
  {
   "Country": "CANADA",
   "Mfr_CommonName": "Hino Motor Canada",
   "Mfr_ID": 13331,
   "Mfr_Name": "Hino Motors Canada, LTD",
   "VehicleTypes": [
    {
     "IsPrimary": true,
     "Name": "Incomplete Vehicle"
    }
   ]
  },
  {
   "Country": "JAPAN",
   "Mfr_CommonName": null,
   "Mfr_ID": 13333,
   "Mfr_Name": "ARAI SHOJI CO., LTD.",
   "VehicleTypes": [
    {
     "IsPrimary": false,
     "Name": "Low Speed Vehicle (LSV)"
    }
   ]
  },
  {
   "Country": "UNITED STATES (USA)",
   "Mfr_CommonName": null,
   "Mfr_ID": 13336,
   "Mfr_Name": "EXTREME TRAILERS (TN)",
   "VehicleTypes": [
    {
     "IsPrimary": true,
     "Name": "Trailer"
    }
   ]
  },
  {
   "Country": "UNITED STATES (USA)",
   "Mfr_CommonName": null,
   "Mfr_ID": 13337,
   "Mfr_Name": "AMP Motor Vehicles, Inc.",
   "VehicleTypes": []
  },
  {
   "Country": "UNITED STATES (USA)",
   "Mfr_CommonName": null,
   "Mfr_ID": 13338,
   "Mfr_Name": "DS CORP",
   "VehicleTypes": []
  },
  {
   "Country": "UNITED STATES (USA)",
   "Mfr_CommonName": "Kalmar Ottawa",
   "Mfr_ID": 13339,
   "Mfr_Name": "KALMAR SOLUTIONS LLC",
   "VehicleTypes": [
    {
     "IsPrimary": false,
     "Name": "Truck "
    }
   ]
  },
  {
   "Country": "UNITED STATES (USA)",
   "Mfr_CommonName": "Featherlite",
   "Mfr_ID": 13341,
   "Mfr_Name": "FEATHERLITE TRAILER MANUFACTURING, LLC",
   "VehicleTypes": [
    {
     "IsPrimary": true,
     "Name": "Trailer"
    }
   ]
  },
  {
   "Country": "UNITED STATES (USA)",
   "Mfr_CommonName": "FIMCO",
   "Mfr_ID": 13342,
   "Mfr_Name": "FIMCO INC.",
   "VehicleTypes": [
    {
     "IsPrimary": true,
     "Name": "Trailer"
    }
   ]
  },
  {
   "Country": "UNITED STATES (USA)",
   "Mfr_CommonName": "G & K Steelworks",
   "Mfr_ID": 13343,
   "Mfr_Name": "G & K STEELWORKS, INC",
   "VehicleTypes": [
    {
     "IsPrimary": true,
     "Name": "Trailer"
    }
   ]
  },
  {
   "Country": "UNITED STATES (USA)",
   "Mfr_CommonName": null,
   "Mfr_ID": 13344,
   "Mfr_Name": "Ford Steel",
   "VehicleTypes": []
  },
  {
   "Country": "UNITED STATES (USA)",
   "Mfr_CommonName": "FRONTIER RV (Texas)",
   "Mfr_ID": 13345,
   "Mfr_Name": "FRONTIER RV TEXAS, INC.",
   "VehicleTypes": [
    {
     "IsPrimary": true,
     "Name": "Trailer"
    }
   ]
  },
  {
   "Country": "UNITED STATES (USA)",
   "Mfr_CommonName": null,
   "Mfr_ID": 13346,
   "Mfr_Name": "C & P Engineering and Manufacturing Co., Inc.",
   "VehicleTypes": []
  },
  {
   "Country": "UNITED STATES (USA)",
   "Mfr_CommonName": null,
   "Mfr_ID": 13347,
   "Mfr_Name": "C&W Manufacturing and Sales Co.",
   "VehicleTypes": []
  },
  {
   "Country": "UNITED STATES (USA)",
   "Mfr_CommonName": null,
   "Mfr_ID": 13348,
   "Mfr_Name": "EL-MAR COMPANY, INC.",
   "VehicleTypes": []
  },
  {
   "Country": "UNITED STATES (USA)",
   "Mfr_CommonName": null,
   "Mfr_ID": 13349,
   "Mfr_Name": "Big W Sales",
   "VehicleTypes": []
  },
  {
   "Country": "UNITED STATES (USA)",
   "Mfr_CommonName": null,
   "Mfr_ID": 13350,
   "Mfr_Name": "Arnold Machine, Inc.",
   "VehicleTypes": []
  },
  {
   "Country": "UNITED STATES (USA)",
   "Mfr_CommonName": null,
   "Mfr_ID": 13351,
   "Mfr_Name": "DYNACORN CLASSIC BODIES INC. DBA HERITAGE MOTOR CAR",
   "VehicleTypes": []
  },
  {
   "Country": "UNITED STATES (USA)",
   "Mfr_CommonName": null,
   "Mfr_ID": 13352,
   "Mfr_Name": "CANNONBALL ENGINEERING LLC DBA ALAMEDA TRAILER SALES",
   "VehicleTypes": [
    {
     "IsPrimary": false,
     "Name": "Trailer"
    }
   ]
  },
  {
   "Country": "UNITED STATES (USA)",
   "Mfr_CommonName": null,
   "Mfr_ID": 13353,
   "Mfr_Name": "Billy Goat Industries, Inc.",
   "VehicleTypes": []
  },
  {
   "Country": "UNITED STATES (USA)",
   "Mfr_CommonName": "GE Packaged Power",
   "Mfr_ID": 13354,
   "Mfr_Name": "GE Packaged Power Inc",
   "VehicleTypes": [
    {
     "IsPrimary": true,
     "Name": "Trailer"
    }
   ]
  },
  {
   "Country": "UNITED STATES (USA)",
   "Mfr_CommonName": null,
   "Mfr_ID": 13355,
   "Mfr_Name": "CRYSTAL WELDING INC.",
   "VehicleTypes": []
  },
  {
   "Country": "UNITED STATES (USA)",
   "Mfr_CommonName": null,
   "Mfr_ID": 13356,
   "Mfr_Name": "E.G.M. Trailers",
   "VehicleTypes": []
  },
  {
   "Country": "UNITED STATES (USA)",
   "Mfr_CommonName": null,
   "Mfr_ID": 13357,
   "Mfr_Name": "ENTECH INDUSTRIES ",
   "VehicleTypes": []
  },
  {
   "Country": "UNITED STATES (USA)",
   "Mfr_CommonName": null,
   "Mfr_ID": 13358,
   "Mfr_Name": "EO TRAILER MFG., INC.",
   "VehicleTypes": []
  },
  {
   "Country": "UNITED STATES (USA)",
   "Mfr_CommonName": null,
   "Mfr_ID": 13360,
   "Mfr_Name": "Carlton Professional Stump Grinders (J.P. Carlton Company Div. DAF, Inc.)",
   "VehicleTypes": []
  },
  {
   "Country": "UNITED STATES (USA)",
   "Mfr_CommonName": null,
   "Mfr_ID": 13361,
   "Mfr_Name": "ALEPH GROUP INC",
   "VehicleTypes": [
    {
     "IsPrimary": false,
     "Name": "Trailer"
    }
   ]
  },
  {
   "Country": "UNITED STATES (USA)",
   "Mfr_CommonName": null,
   "Mfr_ID": 13362,
   "Mfr_Name": "EAGLE TRAILER SALES, INC",
   "VehicleTypes": []
  },
  {
   "Country": "UNITED STATES (USA)",
   "Mfr_CommonName": null,
   "Mfr_ID": 13363,
   "Mfr_Name": "CTJ Trailers",
   "VehicleTypes": []
  },
  {
   "Country": "",
   "Mfr_CommonName": null,
   "Mfr_ID": 13364,
   "Mfr_Name": "EASTON CUSTOM FRAMES L.L.C",
   "VehicleTypes": []
  },
  {
   "Country": "UNITED STATES (USA)",
   "Mfr_CommonName": null,
   "Mfr_ID": 13365,
   "Mfr_Name": "DOUBLE D DISTRIBUTORS ",
   "VehicleTypes": []
  },
  {
   "Country": "UNITED STATES (USA)",
   "Mfr_CommonName": null,
   "Mfr_ID": 13367,
   "Mfr_Name": "DRAGGIN' P, INC",
   "VehicleTypes": [
    {
     "IsPrimary": true,
     "Name": "Trailer"
    }
   ]
  },
  {
   "Country": "MEXICO",
   "Mfr_CommonName": null,
   "Mfr_ID": 13368,
   "Mfr_Name": "Grupo Remolques del Norte, S.A. de C.V.",
   "VehicleTypes": []
  },
  {
   "Country": "UNITED STATES (USA)",
   "Mfr_CommonName": null,
   "Mfr_ID": 13369,
   "Mfr_Name": "B & M Manufacturing Company",
   "VehicleTypes": []
  },
  {
   "Country": "UNITED STATES (USA)",
   "Mfr_CommonName": null,
   "Mfr_ID": 13370,
   "Mfr_Name": "AMERICAN EAGLE TRAILERS, INC.",
   "VehicleTypes": [
    {
     "IsPrimary": true,
     "Name": "Trailer"
    }
   ]
  },
  {
   "Country": "UNITED STATES (USA)",
   "Mfr_CommonName": null,
   "Mfr_ID": 13371,
   "Mfr_Name": "Badger Equipment Company",
   "VehicleTypes": []
  },
  {
   "Country": "UNITED STATES (USA)",
   "Mfr_CommonName": null,
   "Mfr_ID": 13373,
   "Mfr_Name": "Clackacraft Drift Boats",
   "VehicleTypes": []
  },
  {
   "Country": "UNITED STATES (USA)",
   "Mfr_CommonName": null,
   "Mfr_ID": 13375,
   "Mfr_Name": "Howell Precision Machine & Engineering Inc.",
   "VehicleTypes": []
  },
  {
   "Country": "UNITED STATES (USA)",
   "Mfr_CommonName": null,
   "Mfr_ID": 13376,
   "Mfr_Name": "Hy-Line Enterprises Holdings, LLC",
   "VehicleTypes": []
  },
  {
   "Country": "UNITED STATES (USA)",
   "Mfr_CommonName": null,
   "Mfr_ID": 13377,
   "Mfr_Name": "ILLUSION CYCLES, INC.",
   "VehicleTypes": []
  },
  {
   "Country": "UNITED STATES (USA)",
   "Mfr_CommonName": null,
   "Mfr_ID": 13378,
   "Mfr_Name": "GEM MOTORSPORTS",
   "VehicleTypes": [
    {
     "IsPrimary": true,
     "Name": "Trailer"
    }
   ]
  },
  {
   "Country": "UNITED STATES (USA)",
   "Mfr_CommonName": null,
   "Mfr_ID": 13379,
   "Mfr_Name": "Barro Ag Welding and Trailer Repair, INC.",
   "VehicleTypes": []
  },
  {
   "Country": "UNITED STATES (USA)",
   "Mfr_CommonName": null,
   "Mfr_ID": 13380,
   "Mfr_Name": "CMI TEREX CORPORATION ",
   "VehicleTypes": []
  },
  {
   "Country": "UNITED STATES (USA)",
   "Mfr_CommonName": null,
   "Mfr_ID": 13383,
   "Mfr_Name": "TABC INC.",
   "VehicleTypes": []
  },
  {
   "Country": "NORWAY",
   "Mfr_CommonName": null,
   "Mfr_ID": 13384,
   "Mfr_Name": "Th!nk Nordic AS",
   "VehicleTypes": []
  },
  {
   "Country": "UNITED STATES (USA)",
   "Mfr_CommonName": null,
   "Mfr_ID": 13385,
   "Mfr_Name": "Brothers Body and Equipment",
   "VehicleTypes": []
  },
  {
   "Country": "UNITED STATES (USA)",
   "Mfr_CommonName": "Coastline Trailer Mfg., Inc. ",
   "Mfr_ID": 13386,
   "Mfr_Name": "COASTLINE TRAILER MFG., INC. ",
   "VehicleTypes": [
    {
     "IsPrimary": true,
     "Name": "Trailer"
    }
   ]
  },
  {
   "Country": "CHINA",
   "Mfr_CommonName": null,
   "Mfr_ID": 13387,
   "Mfr_Name": "JINYUN COUNTY XIANGYUAN INDUSTRY CO., LTD",
   "VehicleTypes": []
  },
  {
   "Country": "UNITED STATES (USA)",
   "Mfr_CommonName": null,
   "Mfr_ID": 13388,
   "Mfr_Name": "JINHUA REGARD MANUFACTURING COMPANY USA",
   "VehicleTypes": []
  },
  {
   "Country": "CHINA",
   "Mfr_CommonName": null,
   "Mfr_ID": 13389,
   "Mfr_Name": "JINHUA SHIWEI VEHICLE CO. LTD",
   "VehicleTypes": []
  },
  {
   "Country": "UNITED STATES (USA)",
   "Mfr_CommonName": null,
   "Mfr_ID": 13390,
   "Mfr_Name": "FREEDOM OUTDOOR PRODUCTS, INC.",
   "VehicleTypes": []
  },
  {
   "Country": "UNITED STATES (USA)",
   "Mfr_CommonName": null,
   "Mfr_ID": 13392,
   "Mfr_Name": "COASTGUARD DC ENG.",
   "VehicleTypes": []
  },
  {
   "Country": "UNITED STATES (USA)",
   "Mfr_CommonName": null,
   "Mfr_ID": 13393,
   "Mfr_Name": "ZIMMERMAN MANUFACTURING CORP.",
   "VehicleTypes": []
  },
  {
   "Country": "UNITED STATES (USA)",
   "Mfr_CommonName": null,
   "Mfr_ID": 13394,
   "Mfr_Name": "MOTORCYCLES MACHINE SHOP SERVICES LLC",
   "VehicleTypes": []
  },
  {
   "Country": "UNITED STATES (USA)",
   "Mfr_CommonName": null,
   "Mfr_ID": 13396,
   "Mfr_Name": "MACE WELDING & FABRICATION , INC.",
   "VehicleTypes": []
  },
  {
   "Country": "UNITED STATES (USA)",
   "Mfr_CommonName": null,
   "Mfr_ID": 13397,
   "Mfr_Name": "Koastal Trailer LLC",
   "VehicleTypes": []
  },
  {
   "Country": "UNITED STATES (USA)",
   "Mfr_CommonName": null,
   "Mfr_ID": 13399,
   "Mfr_Name": "Whit-Log Inc ",
   "VehicleTypes": []
  },
  {
   "Country": "UNITED STATES (USA)",
   "Mfr_CommonName": null,
   "Mfr_ID": 13400,
   "Mfr_Name": "SUSSEX WELDING,LLC",
   "VehicleTypes": []
  },
  {
   "Country": "UNITED STATES (USA)",
   "Mfr_CommonName": null,
   "Mfr_ID": 13401,
   "Mfr_Name": "OUTBREAK CUSTOMZ",
   "VehicleTypes": []
  },
  {
   "Country": "UNITED STATES (USA)",
   "Mfr_CommonName": null,
   "Mfr_ID": 13402,
   "Mfr_Name": "T.R. ARNOLD & ASSOCIATES,INC",
   "VehicleTypes": [
    {
     "IsPrimary": false,
     "Name": "Trailer"
    }
   ]
  },
  {
   "Country": "UNITED STATES (USA)",
   "Mfr_CommonName": null,
   "Mfr_ID": 13403,
   "Mfr_Name": "EZ DUMPERS PRODUCTS, LLC",
   "VehicleTypes": []
  },
  {
   "Country": "UNITED STATES (USA)",
   "Mfr_CommonName": "General Duty Trailers",
   "Mfr_ID": 13404,
   "Mfr_Name": "General Duty Trailers",
   "VehicleTypes": [
    {
     "IsPrimary": true,
     "Name": "Trailer"
    }
   ]
  },
  {
   "Country": "UNITED STATES (USA)",
   "Mfr_CommonName": "General Fertilizer Equipment",
   "Mfr_ID": 13405,
   "Mfr_Name": "General Fertilizer Equipment, Inc.",
   "VehicleTypes": [
    {
     "IsPrimary": true,
     "Name": "Trailer"
    }
   ]
  },
  {
   "Country": "UNITED STATES (USA)",
   "Mfr_CommonName": null,
   "Mfr_ID": 13406,
   "Mfr_Name": "CHEROKEE TRAILERS ",
   "VehicleTypes": []
  },
  {
   "Country": "UNITED STATES (USA)",
   "Mfr_CommonName": "TRAVALUM",
   "Mfr_ID": 13407,
   "Mfr_Name": "LIBERTY INC",
   "VehicleTypes": [
    {
     "IsPrimary": false,
     "Name": "Trailer"
    }
   ]
  }
 ]
}