{
 "Count": 86,
 "Message": "Response returned successfully",
 "SearchCriteria": null,
 "Results": [
  {
   "Country": "CHINA",
   "Mfr_CommonName": null,
   "Mfr_ID": 19215,
   "Mfr_Name": "TAIZHOU ZUNCHI MOULDING CO.,LTD.",
   "VehicleTypes": []
  },
  {
   "Country": "COSTA RICA",
   "Mfr_CommonName": "Vintage Motor Company",
   "Mfr_ID": 19216,
   "Mfr_Name": "THE VINTAGE COMPANY S.A.",
   "VehicleTypes": [
    {
     "IsPrimary": false,
     "Name": "Passenger Car"
    },
    {
     "IsPrimary": false,
     "Name": "Truck "
    },
    {
     "IsPrimary": false,
     "Name": "Bus"
    }
   ]
  },
  {
   "Country": "CHINA",
   "Mfr_CommonName": null,
   "Mfr_ID": 19217,
   "Mfr_Name": "TIANJIN UNITED TIRE AND RUBBER INTERNATIONAL CO., LTD",
   "VehicleTypes": []
  },
  {
   "Country": "UNITED STATES (USA)",
   "Mfr_CommonName": "Tarform",
   "Mfr_ID": 19218,
   "Mfr_Name": "TARFORM INC.",
   "VehicleTypes": [
    {
     "IsPrimary": false,
     "Name": "Motorcycle"
    }
   ]
  },
  {
   "Country": "UNITED STATES (USA)",
   "Mfr_CommonName": null,
   "Mfr_ID": 19219,
   "Mfr_Name": "SCOTTS HEAVY TRUCK & TRAILER REPAIR, LLC",
   "VehicleTypes": [
    {
     "IsPrimary": false,
     "Name": "Truck "
    },
    {
     "IsPrimary": false,
     "Name": "Trailer"
    },
    {
     "IsPrimary": false,
     "Name": "Incomplete Vehicle"
    }
   ]
  },
  {
   "Country": "UNITED STATES (USA)",
   "Mfr_CommonName": null,
   "Mfr_ID": 19220,
   "Mfr_Name": "TRAILER MANUFACTURERS INC.",
   "VehicleTypes": [
    {
     "IsPrimary": true,
     "Name": "Trailer"
    }
   ]
  },
  {
   "Country": "UNITED STATES (USA)",
   "Mfr_CommonName": null,
   "Mfr_ID": 19221,
   "Mfr_Name": "Morgan Tire of Sacramento, Inc.",
   "VehicleTypes": []
  },
  {
   "Country": "UNITED STATES (USA)",
   "Mfr_CommonName": null,
   "Mfr_ID": 19222,
   "Mfr_Name": "RUTHMANN NORTH AMERICA LP",
   "VehicleTypes": [
    {
     "IsPrimary": false,
     "Name": "Truck "
    }
   ]
  },
  {
   "Country": "UNITED STATES (USA)",
   "Mfr_CommonName": null,
   "Mfr_ID": 19223,
   "Mfr_Name": "P&C TRAILER & REPAIR, LLC",
   "VehicleTypes": [
    {
     "IsPrimary": false,
     "Name": "Trailer"
    }
   ]
  },
  {
   "Country": "UNITED STATES (USA)",
   "Mfr_CommonName": null,
   "Mfr_ID": 19224,
   "Mfr_Name": "PRIORITY VAN SALES, INC",
   "VehicleTypes": [
    {
     "IsPrimary": false,
     "Name": "Passenger Car"
    },
    {
     "IsPrimary": false,
     "Name": "Truck "
    },
    {
     "IsPrimary": true,
     "Name": "Bus"
    },
    {
     "IsPrimary": false,
     "Name": "Multipurpose Passenger Vehicle (MPV)"
    },
    {
     "IsPrimary": false,
     "Name": "Incomplete Vehicle"
    }
   ]
  },
  {
   "Country": "UNITED STATES (USA)",
   "Mfr_CommonName": null,
   "Mfr_ID": 19225,
   "Mfr_Name": "TINY HOMES OF MAINE LLC",
   "VehicleTypes": [
    {
     "IsPrimary": false,
     "Name": "Trailer"
    }
   ]
  },
  {
   "Country": "UNITED STATES (USA)",
   "Mfr_CommonName": "SMP",
   "Mfr_ID": 19226,
   "Mfr_Name": "STANDARD MOTOR PRODUCTS, INC.",
   "VehicleTypes": []
  },
  {
   "Country": "UNITED STATES (USA)",
   "Mfr_CommonName": "Newell Coach",
   "Mfr_ID": 19227,
   "Mfr_Name": "NEWELL COACH CORPORATION",
   "VehicleTypes": [
    {
     "IsPrimary": true,
     "Name": "Multipurpose Passenger Vehicle (MPV)"
    }
   ]
  },
  {
   "Country": "CHINA",
   "Mfr_CommonName": null,
   "Mfr_ID": 19228,
   "Mfr_Name": "FOSHAN CITY NANHAI YONGHENG HELMET MANUFACTURING CO LTD",
   "VehicleTypes": []
  },
  {
   "Country": "POLAND",
   "Mfr_CommonName": null,
   "Mfr_ID": 19229,
   "Mfr_Name": "GEYER & HOSAJA ZAKLADY GUMOWE W MIELCU SP. Z O.O.",
   "VehicleTypes": []
  },
  {
   "Country": "MEXICO",
   "Mfr_CommonName": null,
   "Mfr_ID": 19230,
   "Mfr_Name": "INDUSTRIA REAL S.A. DE C.V.",
   "VehicleTypes": [
    {
     "IsPrimary": true,
     "Name": "Trailer"
    },
    {
     "IsPrimary": false,
     "Name": "Incomplete Vehicle"
    }
   ]
  },
  {
   "Country": "CHINA",
   "Mfr_CommonName": null,
   "Mfr_ID": 19231,
   "Mfr_Name": "SHANDONG SANDING AUTOMOTIVE FITTINGS CO., LTD.",
   "VehicleTypes": []
  },
  {
   "Country": "CHINA",
   "Mfr_CommonName": null,
   "Mfr_ID": 19232,
   "Mfr_Name": "XIANGYANG HENGDE AUTO PARTS CO., LTD",
   "VehicleTypes": []
  },
  {
   "Country": "CHINA",
   "Mfr_CommonName": "KAYO",
   "Mfr_ID": 19233,
   "Mfr_Name": "ZHEJIANG KAYO MOTOR CO., LTD.",
   "VehicleTypes": [
    {
     "IsPrimary": false,
     "Name": "Off Road Vehicle"
    }
   ]
  },
  {
   "Country": "UNITED STATES (USA)",
   "Mfr_CommonName": "UFT Mobile Solutions",
   "Mfr_ID": 19234,
   "Mfr_Name": "UNITED FOOD TRUCK LLC",
   "VehicleTypes": [
    {
     "IsPrimary": true,
     "Name": "Trailer"
    }
   ]
  },
  {
   "Country": "UNITED STATES (USA)",
   "Mfr_CommonName": null,
   "Mfr_ID": 19235,
   "Mfr_Name": "THE CHOPPER SHOP",
   "VehicleTypes": [
    {
     "IsPrimary": true,
     "Name": "Motorcycle"
    }
   ]
  },
  {
   "Country": "UNITED STATES (USA)",
   "Mfr_CommonName": null,
   "Mfr_ID": 19236,
   "Mfr_Name": "EASY GO LSV, LLC",
   "VehicleTypes": [
    {
     "IsPrimary": false,
     "Name": "Low Speed Vehicle (LSV)"
    }
   ]
  },
  {
   "Country": "UNITED STATES (USA)",
   "Mfr_CommonName": null,
   "Mfr_ID": 19237,
   "Mfr_Name": "UNIT SHOP, LLC",
   "VehicleTypes": [
    {
     "IsPrimary": false,
     "Name": "Truck "
    }
   ]
  },
  {
   "Country": "UNITED STATES (USA)",
   "Mfr_CommonName": null,
   "Mfr_ID": 19238,
   "Mfr_Name": "STEPHENSON SPECIALTY TRUCKS LLC",
   "VehicleTypes": [
    {
     "IsPrimary": true,
     "Name": "Truck "
    },
    {
     "IsPrimary": false,
     "Name": "Incomplete Vehicle"
    }
   ]
  },
  {
   "Country": "UNITED STATES (USA)",
   "Mfr_CommonName": null,
   "Mfr_ID": 19239,
   "Mfr_Name": "GARDEN STATE LSV",
   "VehicleTypes": [
    {
     "IsPrimary": true,
     "Name": "Low Speed Vehicle (LSV)"
    }
   ]
  },
  {
   "Country": "UNITED STATES (USA)",
   "Mfr_CommonName": "Seed Cargo",
   "Mfr_ID": 19240,
   "Mfr_Name": "SEED CARGO",
   "VehicleTypes": [
    {
     "IsPrimary": false,
     "Name": "Trailer"
    }
   ]
  },
  {
   "Country": "UNITED STATES (USA)",
   "Mfr_CommonName": "cowtown",
   "Mfr_ID": 19241,
   "Mfr_Name": "COWTOWN TRAILERS AND TIRES LLC",
   "VehicleTypes": [
    {
     "IsPrimary": true,
     "Name": "Trailer"
    }
   ]
  },
  {
   "Country": "UNITED STATES (USA)",
   "Mfr_CommonName": null,
   "Mfr_ID": 19242,
   "Mfr_Name": "CARTER AMBULANCE SERVICE LLC",
   "VehicleTypes": [
    {
     "IsPrimary": false,
     "Name": "Multipurpose Passenger Vehicle (MPV)"
    }
   ]
  },
  {
   "Country": "UNITED STATES (USA)",
   "Mfr_CommonName": null,
   "Mfr_ID": 19243,
   "Mfr_Name": "SARDINE MARINE LLC.",
   "VehicleTypes": [
    {
     "IsPrimary": true,
     "Name": "Trailer"
    }
   ]
  },
  {
   "Country": "DENMARK",
   "Mfr_CommonName": null,
   "Mfr_ID": 19244,
   "Mfr_Name": "Mustang-Trailers A/S",
   "VehicleTypes": []
  },
  {
   "Country": "CHINA",
   "Mfr_CommonName": null,
   "Mfr_ID": 19245,
   "Mfr_Name": "Friction One Brake Technology (Xiantao) Co., Ltd",
   "VehicleTypes": []
  },
  {
   "Country": "UNITED STATES (USA)",
   "Mfr_CommonName": "TFI",
   "Mfr_ID": 19246,
   "Mfr_Name": "TRANSFER FLOW INCORPORATED",
   "VehicleTypes": [
    {
     "IsPrimary": false,
     "Name": "Truck "
    }
   ]
  },
  {
   "Country": "UNITED STATES (USA)",
   "Mfr_CommonName": null,
   "Mfr_ID": 19247,
   "Mfr_Name": "TITAN BUS LLC",
   "VehicleTypes": [
    {
     "IsPrimary": false,
     "Name": "Bus"
    }
   ]
  },
  {
   "Country": "UNITED STATES (USA)",
   "Mfr_CommonName": null,
   "Mfr_ID": 19248,
   "Mfr_Name": "SOCAL UPFITTERS INC",
   "VehicleTypes": [
    {
     "IsPrimary": false,
     "Name": "Truck "
    },
    {
     "IsPrimary": false,
     "Name": "Trailer"
    },
    {
     "IsPrimary": false,
     "Name": "Incomplete Vehicle"
    }
   ]
  },
  {
   "Country": "UNITED STATES (USA)",
   "Mfr_CommonName": "ATW",
   "Mfr_ID": 19249,
   "Mfr_Name": "ALLIED TRAILER WORKS (ATW)",
   "VehicleTypes": [
    {
     "IsPrimary": false,
     "Name": "Trailer"
    }
   ]
  },
  {
   "Country": "UNITED STATES (USA)",
   "Mfr_CommonName": "R Washers",
   "Mfr_ID": 19250,
   "Mfr_Name": "R WASHERS INCORPORATED",
   "VehicleTypes": [
    {
     "IsPrimary": false,
     "Name": "Trailer"
    }
   ]
  },
  {
   "Country": "UNITED STATES (USA)",
   "Mfr_CommonName": null,
   "Mfr_ID": 19251,
   "Mfr_Name": "VALIERN COMPANY",
   "VehicleTypes": [
    {
     "IsPrimary": false,
     "Name": "Trailer"
    }
   ]
  },
  {
   "Country": "UNITED STATES (USA)",
   "Mfr_CommonName": "Hino and Isuzu",
   "Mfr_ID": 19252,
   "Mfr_Name": "MATTHEWS MOTORS",
   "VehicleTypes": [
    {
     "IsPrimary": true,
     "Name": "Truck "
    },
    {
     "IsPrimary": false,
     "Name": "Incomplete Vehicle"
    }
   ]
  },
  {
   "Country": "UNITED STATES (USA)",
   "Mfr_CommonName": null,
   "Mfr_ID": 19253,
   "Mfr_Name": "SPECIALIZED AUTOMOTIVE SERVICES",
   "VehicleTypes": []
  },
  {
   "Country": "THAILAND",
   "Mfr_CommonName": null,
   "Mfr_ID": 19254,
   "Mfr_Name": "General Rubber (Thailand) Co., Ltd.",
   "VehicleTypes": []
  },
  {
   "Country": "UNITED STATES (USA)",
   "Mfr_CommonName": null,
   "Mfr_ID": 19255,
   "Mfr_Name": "R & S AUTO PARTS - NAPA CLAREMORE",
   "VehicleTypes": []
  },
  {
   "Country": "UNITED STATES (USA)",
   "Mfr_CommonName": "Foothills Custom Cabins",
   "Mfr_ID": 19256,
   "Mfr_Name": "FOOTHILLS CUSTOM CABINS LLC",
   "VehicleTypes": [
    {
     "IsPrimary": false,
     "Name": "Trailer"
    }
   ]
  },
  {
   "Country": "UNITED STATES (USA)",
   "Mfr_CommonName": null,
   "Mfr_ID": 19257,
   "Mfr_Name": "KIRK'S AUTO",
   "VehicleTypes": [
    {
     "IsPrimary": false,
     "Name": "Truck "
    },
    {
     "IsPrimary": false,
     "Name": "Incomplete Vehicle"
    }
   ]
  },
  {
   "Country": "UNITED STATES (USA)",
   "Mfr_CommonName": "TURTLEBACK TRAILERS",
   "Mfr_ID": 19258,
   "Mfr_Name": "TURTLEBACK ADVENTURES LLC",
   "VehicleTypes": [
    {
     "IsPrimary": false,
     "Name": "Trailer"
    }
   ]
  },
  {
   "Country": "UNITED STATES (USA)",
   "Mfr_CommonName": null,
   "Mfr_ID": 19259,
   "Mfr_Name": "SOUTHWEST RADIATOR SHOP",
   "VehicleTypes": []
  },
  {
   "Country": "UNITED STATES (USA)",
   "Mfr_CommonName": null,
   "Mfr_ID": 19260,
   "Mfr_Name": "VOSS Automotive Inc.",
   "VehicleTypes": []
  },
  {
   "Country": "UNITED STATES (USA)",
   "Mfr_CommonName": null,
   "Mfr_ID": 19261,
   "Mfr_Name": "BRENNER TANK SERVICES LLC",
   "VehicleTypes": [
    {
     "IsPrimary": false,
     "Name": "Truck "
    },
    {
     "IsPrimary": true,
     "Name": "Trailer"
    }
   ]
  },
  {
   "Country": "UNITED STATES (USA)",
   "Mfr_CommonName": null,
   "Mfr_ID": 19262,
   "Mfr_Name": "RIDGEFIELD CUSTOM TRAILERS",
   "VehicleTypes": [
    {
     "IsPrimary": false,
     "Name": "Trailer"
    }
   ]
  },
  {
   "Country": "UNITED STATES (USA)",
   "Mfr_CommonName": null,
   "Mfr_ID": 19263,
   "Mfr_Name": "SUMMIT SALES &  EQUIPMENT",
   "VehicleTypes": [
    {
     "IsPrimary": false,
     "Name": "Trailer"
    }
   ]
  },
  {
   "Country": "UNITED STATES (USA)",
   "Mfr_CommonName": "UDS",
   "Mfr_ID": 19264,
   "Mfr_Name": "UNITED DYNAMIC SERVICES LLC",
   "VehicleTypes": [
    {
     "IsPrimary": false,
     "Name": "Trailer"
    }
   ]
  },
  {
   "Country": "FRANCE",
   "Mfr_CommonName": "Accuride",
   "Mfr_ID": 19265,
   "Mfr_Name": "ACCURIDE WHEELS TROYES S.A.S.",
   "VehicleTypes": []
  },
  {
   "Country": "CHINA",
   "Mfr_CommonName": null,
   "Mfr_ID": 19266,
   "Mfr_Name": "CHANG ZHOU FENG YOU LIGHTING TECHNOLOGY CO., LTD.",
   "VehicleTypes": []
  },
  {
   "Country": "CANADA",
   "Mfr_CommonName": null,
   "Mfr_ID": 19267,
   "Mfr_Name": "FLEX REEL TRAILERS INC",
   "VehicleTypes": [
    {
     "IsPrimary": false,
     "Name": "Trailer"
    }
   ]
  },
  {
   "Country": "CHINA",
   "Mfr_CommonName": null,
   "Mfr_ID": 19268,
   "Mfr_Name": "JIANDE HONGTU ELECTRONICS CO., LTD.",
   "VehicleTypes": []
  },
  {
   "Country": "CANADA",
   "Mfr_CommonName": "KANGAROO TRAILERS",
   "Mfr_ID": 19269,
   "Mfr_Name": "KSAD INC. O/A KANGAROO TRAILERS",
   "VehicleTypes": [
    {
     "IsPrimary": true,
     "Name": "Trailer"
    }
   ]
  },
  {
   "Country": "CHINA",
   "Mfr_CommonName": null,
   "Mfr_ID": 19270,
   "Mfr_Name": "SHENGHESI AUTOMOBILE FITTINGS (SUZHOU) CO., LTD.",
   "VehicleTypes": []
  },
  {
   "Country": "CHINA",
   "Mfr_CommonName": null,
   "Mfr_ID": 19271,
   "Mfr_Name": "TAIZHOU XUANLE TRADING CO., LTD.",
   "VehicleTypes": []
  },
  {
   "Country": "CHINA",
   "Mfr_CommonName": null,
   "Mfr_ID": 19272,
   "Mfr_Name": "XINYI GLASS(GUANGXI)COMPANY LIMITED",
   "VehicleTypes": []
  },
  {
   "Country": "UNITED STATES (USA)",
   "Mfr_CommonName": null,
   "Mfr_ID": 19273,
   "Mfr_Name": "SERVICE TRUCK DEPOT",
   "VehicleTypes": [
    {
     "IsPrimary": false,
     "Name": "Truck "
    },
    {
     "IsPrimary": true,
     "Name": "Incomplete Vehicle"
    }
   ]
  },
  {
   "Country": "UNITED STATES (USA)",
   "Mfr_CommonName": null,
   "Mfr_ID": 19274,
   "Mfr_Name": "THINGS DONE CYCLES",
   "VehicleTypes": [
    {
     "IsPrimary": true,
     "Name": "Motorcycle"
    }
   ]
  },
  {
   "Country": "UNITED STATES (USA)",
   "Mfr_CommonName": null,
   "Mfr_ID": 19275,
   "Mfr_Name": "CHUCK'S CUSTOM LLC",
   "VehicleTypes": [
    {
     "IsPrimary": true,
     "Name": "Truck "
    }
   ]
  },
  {
   "Country": "UNITED STATES (USA)",
   "Mfr_CommonName": null,
   "Mfr_ID": 19276,
   "Mfr_Name": "HYBRID TRAILER CO LLC",
   "VehicleTypes": [
    {
     "IsPrimary": false,
     "Name": "Trailer"
    }
   ]
  },
  {
   "Country": "UNITED STATES (USA)",
   "Mfr_CommonName": null,
   "Mfr_ID": 19277,
   "Mfr_Name": "AMERICAN SPECIALTY VEHICLES, INC.",
   "VehicleTypes": [
    {
     "IsPrimary": true,
     "Name": "Truck "
    }
   ]
  },
  {
   "Country": "UNITED STATES (USA)",
   "Mfr_CommonName": null,
   "Mfr_ID": 19278,
   "Mfr_Name": "TRISTAR WELDING LLC",
   "VehicleTypes": [
    {
     "IsPrimary": true,
     "Name": "Trailer"
    }
   ]
  },
  {
   "Country": "UNITED STATES (USA)",
   "Mfr_CommonName": null,
   "Mfr_ID": 19279,
   "Mfr_Name": "FOUR WAY AUTO & TRUCK SALES, LLC",
   "VehicleTypes": [
    {
     "IsPrimary": true,
     "Name": "Truck "
    },
    {
     "IsPrimary": false,
     "Name": "Multipurpose Passenger Vehicle (MPV)"
    },
    {
     "IsPrimary": false,
     "Name": "Incomplete Vehicle"
    }
   ]
  },
  {
   "Country": "UNITED STATES (USA)",
   "Mfr_CommonName": null,
   "Mfr_ID": 19280,
   "Mfr_Name": "DEALERS TRUCK EQUIPMENT CO., LLC",
   "VehicleTypes": [
    {
     "IsPrimary": false,
     "Name": "Truck "
    }
   ]
  },
  {
   "Country": "UNITED STATES (USA)",
   "Mfr_CommonName": "Donley Safety",
   "Mfr_ID": 19281,
   "Mfr_Name": "DONLEY AND ASSOCIATES, INC (A.D.B. DONLEY SAFETY)",
   "VehicleTypes": [
    {
     "IsPrimary": false,
     "Name": "Truck "
    },
    {
     "IsPrimary": true,
     "Name": "Multipurpose Passenger Vehicle (MPV)"
    }
   ]
  },
  {
   "Country": "TAIWAN",
   "Mfr_CommonName": null,
   "Mfr_ID": 19282,
   "Mfr_Name": "CAR BRAKES' MASTER CO., LTD.",
   "VehicleTypes": []
  },
  {
   "Country": "CHINA",
   "Mfr_CommonName": null,
   "Mfr_ID": 19283,
   "Mfr_Name": "FUZHOU TEITO RUBBER CO.,LTD.",
   "VehicleTypes": []
  },
  {
   "Country": "INDIA",
   "Mfr_CommonName": null,
   "Mfr_ID": 19284,
   "Mfr_Name": "ASIAN TIRE FACTORY LIMITED",
   "VehicleTypes": []
  },
  {
   "Country": "CHINA",
   "Mfr_CommonName": null,
   "Mfr_ID": 19285,
   "Mfr_Name": "DANYANG MEITONG AUTO PARTS CO.,LTD",
   "VehicleTypes": []
  },
  {
   "Country": "CANADA",
   "Mfr_CommonName": "DROPLET",
   "Mfr_ID": 19286,
   "Mfr_Name": "DROPLET DESIGN LTD.",
   "VehicleTypes": [
    {
     "IsPrimary": false,
     "Name": "Trailer"
    }
   ]
  },
  {
   "Country": "CHINA",
   "Mfr_CommonName": null,
   "Mfr_ID": 19287,
   "Mfr_Name": "JINHUA HUADUN MOTORCYCLE ARTICLES CO.,LTD",
   "VehicleTypes": []
  },
  {
   "Country": "CHINA",
   "Mfr_CommonName": null,
   "Mfr_ID": 19288,
   "Mfr_Name": "TAIZHOU CITY YANGGUANG GLASS CO., LTD",
   "VehicleTypes": []
  },
  {
   "Country": "VIETNAM",
   "Mfr_CommonName": null,
   "Mfr_ID": 19289,
   "Mfr_Name": "THACO SPECIAL VEHICLES MANUFACTURING LIMITED COMPANY",
   "VehicleTypes": [
    {
     "IsPrimary": true,
     "Name": "Trailer"
    }
   ]
  },
  {
   "Country": "MEXICO",
   "Mfr_CommonName": "TTSA",
   "Mfr_ID": 19290,
   "Mfr_Name": "TRANSFORMACION Y TRANSPORTE SA DE CV",
   "VehicleTypes": [
    {
     "IsPrimary": false,
     "Name": "Trailer"
    }
   ]
  },
  {
   "Country": "ENGLAND",
   "Mfr_CommonName": null,
   "Mfr_ID": 19291,
   "Mfr_Name": "Bee Lighting Ltd",
   "VehicleTypes": []
  },
  {
   "Country": "UNITED STATES (USA)",
   "Mfr_CommonName": null,
   "Mfr_ID": 19292,
   "Mfr_Name": "MAZZ'S MOTORCYLES INC.",
   "VehicleTypes": [
    {
     "IsPrimary": false,
     "Name": "Motorcycle"
    },
    {
     "IsPrimary": true,
     "Name": "Off Road Vehicle"
    }
   ]
  },
  {
   "Country": "UNITED STATES (USA)",
   "Mfr_CommonName": null,
   "Mfr_ID": 19293,
   "Mfr_Name": "ALPHA BOATS UNLIMITED DBA OF BARBER WELDING INC.",
   "VehicleTypes": [
    {
     "IsPrimary": false,
     "Name": "Trailer"
    }
   ]
  },
  {
   "Country": "UNITED STATES (USA)",
   "Mfr_CommonName": null,
   "Mfr_ID": 19294,
   "Mfr_Name": "ECAR GARAGE",
   "VehicleTypes": [
    {
     "IsPrimary": true,
     "Name": "Passenger Car"
    }
   ]
  },
  {
   "Country": "UNITED STATES (USA)",
   "Mfr_CommonName": null,
   "Mfr_ID": 19295,
   "Mfr_Name": "MARCO EQUIPMENT SALES LLC",
   "VehicleTypes": [
    {
     "IsPrimary": true,
     "Name": "Truck "
    }
   ]
  },
  {
   "Country": "UNITED STATES (USA)",
   "Mfr_CommonName": null,
   "Mfr_ID": 19296,
   "Mfr_Name": "PBK AUTOMOTIVE LLC",
   "VehicleTypes": [
    {
     "IsPrimary": true,
     "Name": "Low Speed Vehicle (LSV)"
    }
   ]
  },
  {
   "Country": "UNITED STATES (USA)",
   "Mfr_CommonName": "Gen-Tech",
   "Mfr_ID": 19297,
   "Mfr_Name": "GEN-TECH INC",
   "VehicleTypes": [
    {
     "IsPrimary": false,
     "Name": "Trailer"
    }
   ]
  },
  {
   "Country": "UNITED STATES (USA)",
   "Mfr_CommonName": null,
   "Mfr_ID": 19298,
   "Mfr_Name": "SOUTHERN EMERGENCY CONSULTANTS, LLC",
   "VehicleTypes": [
    {
     "IsPrimary": true,
     "Name": "Truck "
    },
    {
     "IsPrimary": false,
     "Name": "Multipurpose Passenger Vehicle (MPV)"
    }
   ]
  },
  {
   "Country": "UNITED STATES (USA)",
   "Mfr_CommonName": "WibTech",
   "Mfr_ID": 19299,
   "Mfr_Name": "WIBTECH LLC",
   "VehicleTypes": [
    {
     "IsPrimary": false,
     "Name": "Trailer"
    }
   ]
  },
  {
   "Country": "UNITED STATES (USA)",
   "Mfr_CommonName": "\"Henry Wright\"",
   "Mfr_ID": 19300,
   "Mfr_Name": "HENRY & WRIGHT CORPORATION",
   "VehicleTypes": [
    {
     "IsPrimary": true,
     "Name": "Trailer"
    }
   ]
  }
 ]
}