{
 "Count": 92,
 "Message": "Response returned successfully",
 "SearchCriteria": null,
 "Results": [
  {
   "Country": "UNITED STATES (USA)",
   "Mfr_CommonName": "Black Bear Fish House Company, Black Bear, BBFH",
   "Mfr_ID": 18680,
   "Mfr_Name": "JBALL FISH HOUSES LLC",
   "VehicleTypes": [
    {
     "IsPrimary": false,
     "Name": "Trailer"
    }
   ]
  },
  {
   "Country": "UNITED STATES (USA)",
   "Mfr_CommonName": null,
   "Mfr_ID": 18681,
   "Mfr_Name": "GOLF CART OUTLET OF MOUNT AIRY",
   "VehicleTypes": [
    {
     "IsPrimary": true,
     "Name": "Low Speed Vehicle (LSV)"
    }
   ]
  },
  {
   "Country": "UNITED STATES (USA)",
   "Mfr_CommonName": "Trailers",
   "Mfr_ID": 18682,
   "Mfr_Name": "BUILT RITE COOKERS LLC",
   "VehicleTypes": [
    {
     "IsPrimary": true,
     "Name": "Trailer"
    }
   ]
  },
  {
   "Country": "CHINA",
   "Mfr_CommonName": null,
   "Mfr_ID": 18683,
   "Mfr_Name": "GOLDSFINE INDUSTRIAL LIMITED",
   "VehicleTypes": []
  },
  {
   "Country": "CHINA",
   "Mfr_CommonName": null,
   "Mfr_ID": 18684,
   "Mfr_Name": "OYSENI TECHNOLOGIES (ZHUHAI) LIMITED",
   "VehicleTypes": []
  },
  {
   "Country": "UNITED STATES (USA)",
   "Mfr_CommonName": "Intermountain Trailer",
   "Mfr_ID": 18685,
   "Mfr_Name": "INTERMOUNTAIN TRAILER SALES & SERVICE, LLC",
   "VehicleTypes": [
    {
     "IsPrimary": true,
     "Name": "Truck "
    },
    {
     "IsPrimary": false,
     "Name": "Trailer"
    },
    {
     "IsPrimary": false,
     "Name": "Incomplete Vehicle"
    }
   ]
  },
  {
   "Country": "UNITED STATES (USA)",
   "Mfr_CommonName": null,
   "Mfr_ID": 18686,
   "Mfr_Name": "NEW MILLENNIUM BUILDERS / CURBSIDE CONCESSION",
   "VehicleTypes": [
    {
     "IsPrimary": false,
     "Name": "Trailer"
    }
   ]
  },
  {
   "Country": "UNITED STATES (USA)",
   "Mfr_CommonName": null,
   "Mfr_ID": 18687,
   "Mfr_Name": "PIGGYBACK SMOKERS LLC",
   "VehicleTypes": [
    {
     "IsPrimary": false,
     "Name": "Trailer"
    }
   ]
  },
  {
   "Country": "UNITED STATES (USA)",
   "Mfr_CommonName": null,
   "Mfr_ID": 18688,
   "Mfr_Name": "MID-STATE TRUCK EQUIPMENT INC",
   "VehicleTypes": [
    {
     "IsPrimary": false,
     "Name": "Truck "
    },
    {
     "IsPrimary": false,
     "Name": "Trailer"
    },
    {
     "IsPrimary": false,
     "Name": "Incomplete Vehicle"
    }
   ]
  },
  {
   "Country": "UNITED STATES (USA)",
   "Mfr_CommonName": "Texas Select",
   "Mfr_ID": 18689,
   "Mfr_Name": "TEXAS SELECT MANUFACTURING, INC.",
   "VehicleTypes": [
    {
     "IsPrimary": false,
     "Name": "Trailer"
    }
   ]
  },
  {
   "Country": "UNITED STATES (USA)",
   "Mfr_CommonName": null,
   "Mfr_ID": 18690,
   "Mfr_Name": "RC TRAILERS, INC.",
   "VehicleTypes": [
    {
     "IsPrimary": true,
     "Name": "Trailer"
    }
   ]
  },
  {
   "Country": "UNITED STATES (USA)",
   "Mfr_CommonName": "SOUTHERN CALIFORNIA TRUCK BODIES &  SALES INC.",
   "Mfr_ID": 18691,
   "Mfr_Name": "SOUTHERN CALIFORNIA TRUCK BODIES &  SALES INC.",
   "VehicleTypes": [
    {
     "IsPrimary": true,
     "Name": "Truck "
    }
   ]
  },
  {
   "Country": "CHINA",
   "Mfr_CommonName": null,
   "Mfr_ID": 18692,
   "Mfr_Name": "JIANGSU JIUJIU WHEEL CO. LTD.",
   "VehicleTypes": []
  },
  {
   "Country": "VIETNAM",
   "Mfr_CommonName": null,
   "Mfr_ID": 18693,
   "Mfr_Name": "TE AN (VIET NAM) HELMET INDUSTRIAL CO., LTD",
   "VehicleTypes": []
  },
  {
   "Country": "CHINA",
   "Mfr_CommonName": null,
   "Mfr_ID": 18694,
   "Mfr_Name": "ZHEJIANG BAILI MACHINERY CO.,LTD",
   "VehicleTypes": []
  },
  {
   "Country": "CHINA",
   "Mfr_CommonName": null,
   "Mfr_ID": 18695,
   "Mfr_Name": "HEBEI CHANGTAI RUBBER & PLASTIC PRODUCTS CO., LTD",
   "VehicleTypes": []
  },
  {
   "Country": "CHINA",
   "Mfr_CommonName": null,
   "Mfr_ID": 18696,
   "Mfr_Name": "SHENZHEN LINGHANGJING NETWORK TECHNOLOGY CO., LTD",
   "VehicleTypes": []
  },
  {
   "Country": "CHINA",
   "Mfr_CommonName": null,
   "Mfr_ID": 18697,
   "Mfr_Name": "TML AUTOMOTIVE PARTS (SUZHOU) CO., LTD",
   "VehicleTypes": []
  },
  {
   "Country": "MEXICO",
   "Mfr_CommonName": "HAYFA REMOLQUES Y SERVICIOS",
   "Mfr_ID": 18698,
   "Mfr_Name": "REMOLQUES Y SERVICIOS PARA LA INDUSTRIA METAL MECANICA S DE R L DE C V",
   "VehicleTypes": [
    {
     "IsPrimary": true,
     "Name": "Trailer"
    }
   ]
  },
  {
   "Country": "UNITED STATES (USA)",
   "Mfr_CommonName": null,
   "Mfr_ID": 18699,
   "Mfr_Name": "TRAILSTAR TRAILERS ",
   "VehicleTypes": [
    {
     "IsPrimary": false,
     "Name": "Trailer"
    }
   ]
  },
  {
   "Country": "UNITED STATES (USA)",
   "Mfr_CommonName": null,
   "Mfr_ID": 18700,
   "Mfr_Name": "A-1 HITCH CENTER",
   "VehicleTypes": [
    {
     "IsPrimary": false,
     "Name": "Truck "
    }
   ]
  },
  {
   "Country": "UNITED STATES (USA)",
   "Mfr_CommonName": null,
   "Mfr_ID": 18701,
   "Mfr_Name": "BRIDGEWATER STEEL LLC",
   "VehicleTypes": [
    {
     "IsPrimary": false,
     "Name": "Trailer"
    }
   ]
  },
  {
   "Country": "UNITED STATES (USA)",
   "Mfr_CommonName": "INGLEWOOD CUSTOM",
   "Mfr_ID": 18702,
   "Mfr_Name": "INGLEWOOD CUSTOM AND SERVICE CENTER LLC",
   "VehicleTypes": [
    {
     "IsPrimary": true,
     "Name": "Trailer"
    }
   ]
  },
  {
   "Country": "UNITED STATES (USA)",
   "Mfr_CommonName": "StopTech",
   "Mfr_ID": 18703,
   "Mfr_Name": "CWD, LLC",
   "VehicleTypes": []
  },
  {
   "Country": "CHINA",
   "Mfr_CommonName": null,
   "Mfr_ID": 18704,
   "Mfr_Name": "JIANGSU DAFIER MOTORCYCLE CO., LTD.",
   "VehicleTypes": [
    {
     "IsPrimary": true,
     "Name": "Motorcycle"
    }
   ]
  },
  {
   "Country": "UNITED STATES (USA)",
   "Mfr_CommonName": "R.E.S",
   "Mfr_ID": 18705,
   "Mfr_Name": "RESPONSE EQUIPMENT SPECIALISTS LLC.",
   "VehicleTypes": [
    {
     "IsPrimary": false,
     "Name": "Passenger Car"
    },
    {
     "IsPrimary": true,
     "Name": "Truck "
    },
    {
     "IsPrimary": false,
     "Name": "Trailer"
    },
    {
     "IsPrimary": false,
     "Name": "Incomplete Vehicle"
    }
   ]
  },
  {
   "Country": "UNITED STATES (USA)",
   "Mfr_CommonName": null,
   "Mfr_ID": 18706,
   "Mfr_Name": "NEW PRIDE TIRE, INC.",
   "VehicleTypes": []
  },
  {
   "Country": "UNITED STATES (USA)",
   "Mfr_CommonName": null,
   "Mfr_ID": 18707,
   "Mfr_Name": "All Systems Brake Service",
   "VehicleTypes": []
  },
  {
   "Country": "CANADA",
   "Mfr_CommonName": null,
   "Mfr_ID": 18708,
   "Mfr_Name": "Collision Works Ltd.",
   "VehicleTypes": []
  },
  {
   "Country": "UNITED STATES (USA)",
   "Mfr_CommonName": "CBT",
   "Mfr_ID": 18709,
   "Mfr_Name": "COLORADO BACKCOUNTRY TRAILERS, LLC",
   "VehicleTypes": [
    {
     "IsPrimary": true,
     "Name": "Trailer"
    }
   ]
  },
  {
   "Country": "CHINA",
   "Mfr_CommonName": null,
   "Mfr_ID": 18710,
   "Mfr_Name": "NANTONG YIXIN GLASS TECHNOLOGY CO., LTD.",
   "VehicleTypes": []
  },
  {
   "Country": "UNITED STATES (USA)",
   "Mfr_CommonName": null,
   "Mfr_ID": 18711,
   "Mfr_Name": "Diono, LLC",
   "VehicleTypes": []
  },
  {
   "Country": "UNITED STATES (USA)",
   "Mfr_CommonName": null,
   "Mfr_ID": 18712,
   "Mfr_Name": "Mountain States Diesel Inc.",
   "VehicleTypes": [
    {
     "IsPrimary": false,
     "Name": "Incomplete Vehicle"
    }
   ]
  },
  {
   "Country": "UNITED STATES (USA)",
   "Mfr_CommonName": null,
   "Mfr_ID": 18713,
   "Mfr_Name": "TOP SHELF MANUFACTURING LLC",
   "VehicleTypes": [
    {
     "IsPrimary": true,
     "Name": "Trailer"
    }
   ]
  },
  {
   "Country": "UNITED STATES (USA)",
   "Mfr_CommonName": null,
   "Mfr_ID": 18714,
   "Mfr_Name": "ZIN SOLUTIONS, INC. ",
   "VehicleTypes": [
    {
     "IsPrimary": true,
     "Name": "Trailer"
    }
   ]
  },
  {
   "Country": "UNITED STATES (USA)",
   "Mfr_CommonName": null,
   "Mfr_ID": 18715,
   "Mfr_Name": "J'S GOLF CARTS SALES AND SERVICE",
   "VehicleTypes": [
    {
     "IsPrimary": false,
     "Name": "Low Speed Vehicle (LSV)"
    }
   ]
  },
  {
   "Country": "UNITED STATES (USA)",
   "Mfr_CommonName": "Wells Cargo ",
   "Mfr_ID": 18716,
   "Mfr_Name": "WELLS CARGO OF UT, INC.",
   "VehicleTypes": [
    {
     "IsPrimary": true,
     "Name": "Trailer"
    }
   ]
  },
  {
   "Country": "UNITED STATES (USA)",
   "Mfr_CommonName": "Wells Cargo ",
   "Mfr_ID": 18717,
   "Mfr_Name": "WELLS CARGO OF TX, INC.",
   "VehicleTypes": [
    {
     "IsPrimary": true,
     "Name": "Trailer"
    }
   ]
  },
  {
   "Country": "UNITED STATES (USA)",
   "Mfr_CommonName": "Wells Cargo ",
   "Mfr_ID": 18718,
   "Mfr_Name": "WELLS CARGO OF PA, INC.",
   "VehicleTypes": [
    {
     "IsPrimary": true,
     "Name": "Trailer"
    }
   ]
  },
  {
   "Country": "UNITED STATES (USA)",
   "Mfr_CommonName": "Wells Cargo ",
   "Mfr_ID": 18719,
   "Mfr_Name": "WELLS CARGO OF IN, INC.",
   "VehicleTypes": [
    {
     "IsPrimary": true,
     "Name": "Trailer"
    }
   ]
  },
  {
   "Country": "UNITED STATES (USA)",
   "Mfr_CommonName": "Haulmark Trailers ",
   "Mfr_ID": 18720,
   "Mfr_Name": "HAULMARK TRAILERS OF UT, INC.",
   "VehicleTypes": [
    {
     "IsPrimary": true,
     "Name": "Trailer"
    }
   ]
  },
  {
   "Country": "UNITED STATES (USA)",
   "Mfr_CommonName": "Haulmark Trailers ",
   "Mfr_ID": 18721,
   "Mfr_Name": "HAULMARK TRAILERS OF TX, INC.",
   "VehicleTypes": [
    {
     "IsPrimary": true,
     "Name": "Trailer"
    }
   ]
  },
  {
   "Country": "UNITED STATES (USA)",
   "Mfr_CommonName": "Haulmark Trailers ",
   "Mfr_ID": 18722,
   "Mfr_Name": "HAULMARK TRAILERS OF PA, INC.",
   "VehicleTypes": [
    {
     "IsPrimary": true,
     "Name": "Trailer"
    }
   ]
  },
  {
   "Country": "UNITED STATES (USA)",
   "Mfr_CommonName": "Haulmark Trailers ",
   "Mfr_ID": 18723,
   "Mfr_Name": "HAULMARK TRAILERS OF IN, INC.",
   "VehicleTypes": [
    {
     "IsPrimary": false,
     "Name": "Trailer"
    }
   ]
  },
  {
   "Country": "UNITED STATES (USA)",
   "Mfr_CommonName": "GGS",
   "Mfr_ID": 18724,
   "Mfr_Name": "GLOBAL GLASS SOLUTIONS",
   "VehicleTypes": []
  },
  {
   "Country": "CHINA",
   "Mfr_CommonName": null,
   "Mfr_ID": 18725,
   "Mfr_Name": "SHANGHAI BEST STAR INTERNATIONAL CO., LTD.",
   "VehicleTypes": []
  },
  {
   "Country": "NETHERLANDS",
   "Mfr_CommonName": null,
   "Mfr_ID": 18726,
   "Mfr_Name": "Inter-Sprint Banden B.V.",
   "VehicleTypes": []
  },
  {
   "Country": "MEXICO",
   "Mfr_CommonName": "Talleres Martinez",
   "Mfr_ID": 18727,
   "Mfr_Name": "TALLERES MARTINEZ, SOCIEDAD ANONIMA DE CAPITAL VARIABLE",
   "VehicleTypes": [
    {
     "IsPrimary": false,
     "Name": "Trailer"
    }
   ]
  },
  {
   "Country": "UNITED STATES (USA)",
   "Mfr_CommonName": null,
   "Mfr_ID": 18728,
   "Mfr_Name": "LONG RUN TRAILERS AND FABRICATION , LLC",
   "VehicleTypes": [
    {
     "IsPrimary": true,
     "Name": "Trailer"
    }
   ]
  },
  {
   "Country": "UNITED STATES (USA)",
   "Mfr_CommonName": null,
   "Mfr_ID": 18729,
   "Mfr_Name": "L A C WELDING MFG INC",
   "VehicleTypes": [
    {
     "IsPrimary": false,
     "Name": "Trailer"
    }
   ]
  },
  {
   "Country": "UNITED STATES (USA)",
   "Mfr_CommonName": "Foundation Ambulance",
   "Mfr_ID": 18730,
   "Mfr_Name": "FOUNDATION AMBULANCE, INC.",
   "VehicleTypes": [
    {
     "IsPrimary": true,
     "Name": "Multipurpose Passenger Vehicle (MPV)"
    }
   ]
  },
  {
   "Country": "UNITED STATES (USA)",
   "Mfr_CommonName": "splash boats",
   "Mfr_ID": 18731,
   "Mfr_Name": "SPLASH BOAT SALES , LLC",
   "VehicleTypes": [
    {
     "IsPrimary": false,
     "Name": "Trailer"
    }
   ]
  },
  {
   "Country": "UNITED STATES (USA)",
   "Mfr_CommonName": "Dexter Marine Products",
   "Mfr_ID": 18732,
   "Mfr_Name": "DEXTER MARINE PRODUCTS OF GEORGIA, LLC",
   "VehicleTypes": []
  },
  {
   "Country": "UNITED STATES (USA)",
   "Mfr_CommonName": null,
   "Mfr_ID": 18733,
   "Mfr_Name": "RUSS WELDING AND MACHINE INC.",
   "VehicleTypes": [
    {
     "IsPrimary": true,
     "Name": "Trailer"
    }
   ]
  },
  {
   "Country": "TURKEY",
   "Mfr_CommonName": "A Glass",
   "Mfr_ID": 18734,
   "Mfr_Name": "A OTOMOTIV CAM SAN.. A.S.",
   "VehicleTypes": []
  },
  {
   "Country": "CHINA",
   "Mfr_CommonName": null,
   "Mfr_ID": 18735,
   "Mfr_Name": "SHANDONG JINMA AUTOMOTIVE EQUIPMENT TECHNOLOGY CO.,LTD",
   "VehicleTypes": []
  },
  {
   "Country": "AUSTRALIA",
   "Mfr_CommonName": "Vehglass",
   "Mfr_ID": 18736,
   "Mfr_Name": "VEHGLASS AUSTRALIA PTY LTD",
   "VehicleTypes": []
  },
  {
   "Country": "CHINA",
   "Mfr_CommonName": "Lianmei",
   "Mfr_ID": 18737,
   "Mfr_Name": "ZHEJIANG LIANMEI INDUSTRIAL CO.,LTD ",
   "VehicleTypes": [
    {
     "IsPrimary": false,
     "Name": "Motorcycle"
    },
    {
     "IsPrimary": false,
     "Name": "Off Road Vehicle"
    }
   ]
  },
  {
   "Country": "UNITED STATES (USA)",
   "Mfr_CommonName": null,
   "Mfr_ID": 18738,
   "Mfr_Name": "WATERTOWN DRAFT TRAILERS LLC",
   "VehicleTypes": [
    {
     "IsPrimary": true,
     "Name": "Trailer"
    }
   ]
  },
  {
   "Country": "UNITED STATES (USA)",
   "Mfr_CommonName": "Premier Tire",
   "Mfr_ID": 18739,
   "Mfr_Name": "PREMIER TIRE DISTRIBUTORS INC.",
   "VehicleTypes": []
  },
  {
   "Country": "UNITED STATES (USA)",
   "Mfr_CommonName": null,
   "Mfr_ID": 18740,
   "Mfr_Name": "BIG LIFE TINY HOMES",
   "VehicleTypes": [
    {
     "IsPrimary": false,
     "Name": "Trailer"
    }
   ]
  },
  {
   "Country": "UNITED STATES (USA)",
   "Mfr_CommonName": "Echo or Echo3",
   "Mfr_ID": 18741,
   "Mfr_Name": "ECHO3 ENERGY",
   "VehicleTypes": [
    {
     "IsPrimary": false,
     "Name": "Motorcycle"
    }
   ]
  },
  {
   "Country": "CHINA",
   "Mfr_CommonName": null,
   "Mfr_ID": 18742,
   "Mfr_Name": "CHONGQING SULIAN PLASTICS CO. LTD.",
   "VehicleTypes": []
  },
  {
   "Country": "UNITED STATES (USA)",
   "Mfr_CommonName": "ECS, ECS Tuning",
   "Mfr_ID": 18743,
   "Mfr_Name": "ECS TUNING LLC",
   "VehicleTypes": []
  },
  {
   "Country": "UNITED STATES (USA)",
   "Mfr_CommonName": "Tiger",
   "Mfr_ID": 18744,
   "Mfr_Name": "LEE DILL INC. DBA TIGER MFG. CO.",
   "VehicleTypes": [
    {
     "IsPrimary": true,
     "Name": "Trailer"
    }
   ]
  },
  {
   "Country": "UNITED STATES (USA)",
   "Mfr_CommonName": "Dexter Marine Products",
   "Mfr_ID": 18746,
   "Mfr_Name": "DEXTER MARINE PRODUCTS, LLC",
   "VehicleTypes": []
  },
  {
   "Country": "UNITED STATES (USA)",
   "Mfr_CommonName": null,
   "Mfr_ID": 18747,
   "Mfr_Name": "JUAN PABLO JIMENEZ MORALES",
   "VehicleTypes": [
    {
     "IsPrimary": false,
     "Name": "Motorcycle"
    }
   ]
  },
  {
   "Country": "UNITED STATES (USA)",
   "Mfr_CommonName": "OverBuilt",
   "Mfr_ID": 18748,
   "Mfr_Name": "OVB HOLDING LLC DBA OVERBUILT",
   "VehicleTypes": [
    {
     "IsPrimary": false,
     "Name": "Trailer"
    }
   ]
  },
  {
   "Country": "UNITED STATES (USA)",
   "Mfr_CommonName": null,
   "Mfr_ID": 18749,
   "Mfr_Name": "PROGRESSIVE INDUSTRIES INC.",
   "VehicleTypes": [
    {
     "IsPrimary": false,
     "Name": "Trailer"
    }
   ]
  },
  {
   "Country": "UNITED STATES (USA)",
   "Mfr_CommonName": null,
   "Mfr_ID": 18750,
   "Mfr_Name": "A DEGREE ABOVE, LLC DBA FREE2ROAM TINY HOMES  ",
   "VehicleTypes": [
    {
     "IsPrimary": true,
     "Name": "Trailer"
    }
   ]
  },
  {
   "Country": "UNITED STATES (USA)",
   "Mfr_CommonName": "upstate trailer mfg",
   "Mfr_ID": 18751,
   "Mfr_Name": "UPSTATE TRAILER MANUFACTURERS AND REPAIR",
   "VehicleTypes": [
    {
     "IsPrimary": true,
     "Name": "Trailer"
    }
   ]
  },
  {
   "Country": "UNITED STATES (USA)",
   "Mfr_CommonName": null,
   "Mfr_ID": 18752,
   "Mfr_Name": "MUELLER CUSTOM TRAILERS, LLC",
   "VehicleTypes": [
    {
     "IsPrimary": true,
     "Name": "Trailer"
    }
   ]
  },
  {
   "Country": "UNITED STATES (USA)",
   "Mfr_CommonName": null,
   "Mfr_ID": 18753,
   "Mfr_Name": "BDF DESIGN, LLC",
   "VehicleTypes": [
    {
     "IsPrimary": true,
     "Name": "Trailer"
    }
   ]
  },
  {
   "Country": "UNITED STATES (USA)",
   "Mfr_CommonName": "MJ Trailers",
   "Mfr_ID": 18754,
   "Mfr_Name": "JNT WELDING LLC",
   "VehicleTypes": [
    {
     "IsPrimary": true,
     "Name": "Trailer"
    }
   ]
  },
  {
   "Country": "UNITED STATES (USA)",
   "Mfr_CommonName": "DOUBLE Z'S",
   "Mfr_ID": 18755,
   "Mfr_Name": "DOUBLE Z'S TRAILERS, LLC",
   "VehicleTypes": [
    {
     "IsPrimary": false,
     "Name": "Trailer"
    }
   ]
  },
  {
   "Country": "PERU",
   "Mfr_CommonName": null,
   "Mfr_ID": 18756,
   "Mfr_Name": "RABBIT GLASS, S.A.",
   "VehicleTypes": []
  },
  {
   "Country": "CHINA",
   "Mfr_CommonName": null,
   "Mfr_ID": 18757,
   "Mfr_Name": "TAIAN QICHENG WHEEL MANUFACTURING CO., LTD.",
   "VehicleTypes": []
  },
  {
   "Country": "UNITED STATES (USA)",
   "Mfr_CommonName": null,
   "Mfr_ID": 18758,
   "Mfr_Name": "FINISHING LINES, LLC",
   "VehicleTypes": []
  },
  {
   "Country": "UNITED STATES (USA)",
   "Mfr_CommonName": "Flextech",
   "Mfr_ID": 18759,
   "Mfr_Name": "FLEXTECH ENTERPRISES",
   "VehicleTypes": [
    {
     "IsPrimary": true,
     "Name": "Trailer"
    }
   ]
  },
  {
   "Country": "UNITED STATES (USA)",
   "Mfr_CommonName": "Baldwin Truck Equipment ",
   "Mfr_ID": 18760,
   "Mfr_Name": "BALDWIN'S GARAGE,LLC ,DBA BALDWIN TRUCK EQUIPMENT ",
   "VehicleTypes": [
    {
     "IsPrimary": true,
     "Name": "Truck "
    }
   ]
  },
  {
   "Country": "UNITED STATES (USA)",
   "Mfr_CommonName": null,
   "Mfr_ID": 18761,
   "Mfr_Name": "EQUIPMENT SPECIALISTS INC.",
   "VehicleTypes": [
    {
     "IsPrimary": false,
     "Name": "Truck "
    },
    {
     "IsPrimary": false,
     "Name": "Multipurpose Passenger Vehicle (MPV)"
    }
   ]
  },
  {
   "Country": "UNITED STATES (USA)",
   "Mfr_CommonName": null,
   "Mfr_ID": 18762,
   "Mfr_Name": "TRUCK BODY OF BEAUMONT, INC.",
   "VehicleTypes": [
    {
     "IsPrimary": false,
     "Name": "Truck "
    }
   ]
  },
  {
   "Country": "UNITED STATES (USA)",
   "Mfr_CommonName": null,
   "Mfr_ID": 18763,
   "Mfr_Name": "G STONE COMMERCIAL DIVISION LLC",
   "VehicleTypes": [
    {
     "IsPrimary": false,
     "Name": "Truck "
    },
    {
     "IsPrimary": false,
     "Name": "Trailer"
    },
    {
     "IsPrimary": true,
     "Name": "Incomplete Vehicle"
    }
   ]
  },
  {
   "Country": "UNITED STATES (USA)",
   "Mfr_CommonName": null,
   "Mfr_ID": 18764,
   "Mfr_Name": "777 INDUSTRIES, LLC",
   "VehicleTypes": [
    {
     "IsPrimary": false,
     "Name": "Truck "
    },
    {
     "IsPrimary": true,
     "Name": "Incomplete Vehicle"
    }
   ]
  },
  {
   "Country": "UNITED STATES (USA)",
   "Mfr_CommonName": "Everywhere",
   "Mfr_ID": 18765,
   "Mfr_Name": "EVERYWHERE, INC. ",
   "VehicleTypes": [
    {
     "IsPrimary": false,
     "Name": "Trailer"
    }
   ]
  },
  {
   "Country": "UNITED STATES (USA)",
   "Mfr_CommonName": null,
   "Mfr_ID": 18766,
   "Mfr_Name": "STEEL TRAILERS MFG LLC",
   "VehicleTypes": [
    {
     "IsPrimary": false,
     "Name": "Trailer"
    }
   ]
  },
  {
   "Country": "UNITED STATES (USA)",
   "Mfr_CommonName": null,
   "Mfr_ID": 18767,
   "Mfr_Name": "PIN DROP TRAVEL TRAILERS LLC",
   "VehicleTypes": [
    {
     "IsPrimary": true,
     "Name": "Trailer"
    }
   ]
  },
  {
   "Country": "UNITED STATES (USA)",
   "Mfr_CommonName": null,
   "Mfr_ID": 18768,
   "Mfr_Name": "ABLE AUTO & TRUCK PARTS, INC.",
   "VehicleTypes": []
  },
  {
   "Country": "UNITED STATES (USA)",
   "Mfr_CommonName": "CM Truck Body",
   "Mfr_ID": 18769,
   "Mfr_Name": "FRONT LINE MOTORS, INC",
   "VehicleTypes": [
    {
     "IsPrimary": false,
     "Name": "Truck "
    },
    {
     "IsPrimary": true,
     "Name": "Incomplete Vehicle"
    }
   ]
  },
  {
   "Country": "UNITED STATES (USA)",
   "Mfr_CommonName": null,
   "Mfr_ID": 18770,
   "Mfr_Name": "ALPINE TRAILERS L.L.C.",
   "VehicleTypes": [
    {
     "IsPrimary": true,
     "Name": "Trailer"
    }
   ]
  },
  {
   "Country": "UNITED STATES (USA)",
   "Mfr_CommonName": "Elevate trailers ",
   "Mfr_ID": 18771,
   "Mfr_Name": "ELEVATE TRAILERS ",
   "VehicleTypes": [
    {
     "IsPrimary": false,
     "Name": "Trailer"
    }
   ]
  },
  {
   "Country": "UNITED STATES (USA)",
   "Mfr_CommonName": "Smittybilt",
   "Mfr_ID": 18772,
   "Mfr_Name": "TAP WORLDWIDE, LLC",
   "VehicleTypes": [
    {
     "IsPrimary": true,
     "Name": "Trailer"
    }
   ]
  }
 ]
}