{
 "Count": 90,
 "Message": "Response returned successfully",
 "SearchCriteria": null,
 "Results": [
  {
   "Country": "UNITED STATES (USA)",
   "Mfr_CommonName": null,
   "Mfr_ID": 16715,
   "Mfr_Name": "NAPA WEST RIDGE",
   "VehicleTypes": []
  },
  {
   "Country": "UNITED STATES (USA)",
   "Mfr_CommonName": "Cooper Standard",
   "Mfr_ID": 16716,
   "Mfr_Name": "COOPER-STANDARD AUTOMOTIVE INC. ",
   "VehicleTypes": []
  },
  {
   "Country": "UNITED STATES (USA)",
   "Mfr_CommonName": null,
   "Mfr_ID": 16717,
   "Mfr_Name": "CENTER LINE FABRICATORS, INC",
   "VehicleTypes": []
  },
  {
   "Country": "UNITED STATES (USA)",
   "Mfr_CommonName": null,
   "Mfr_ID": 16718,
   "Mfr_Name": "BRESEE MANUFACTURING ",
   "VehicleTypes": []
  },
  {
   "Country": "UNITED STATES (USA)",
   "Mfr_CommonName": null,
   "Mfr_ID": 16719,
   "Mfr_Name": "FUQUA HOMES, INC",
   "VehicleTypes": []
  },
  {
   "Country": "UNITED STATES (USA)",
   "Mfr_CommonName": null,
   "Mfr_ID": 16720,
   "Mfr_Name": "HYDRA PLATFORMS MFG. INC",
   "VehicleTypes": []
  },
  {
   "Country": "UNITED STATES (USA)",
   "Mfr_CommonName": null,
   "Mfr_ID": 16721,
   "Mfr_Name": "SIMPLEX, INC",
   "VehicleTypes": []
  },
  {
   "Country": "UNITED STATES (USA)",
   "Mfr_CommonName": null,
   "Mfr_ID": 16722,
   "Mfr_Name": "SPECTRUM ENGINEERING HAWAII",
   "VehicleTypes": []
  },
  {
   "Country": "UNITED STATES (USA)",
   "Mfr_CommonName": null,
   "Mfr_ID": 16724,
   "Mfr_Name": "DULUTH TRAILER SALES, INC",
   "VehicleTypes": []
  },
  {
   "Country": "UNITED STATES (USA)",
   "Mfr_CommonName": null,
   "Mfr_ID": 16725,
   "Mfr_Name": "PACIFIC INDUSTRIAL SUPPLY ",
   "VehicleTypes": []
  },
  {
   "Country": "UNITED STATES (USA)",
   "Mfr_CommonName": null,
   "Mfr_ID": 16726,
   "Mfr_Name": "COBRA CARS, INC",
   "VehicleTypes": []
  },
  {
   "Country": "UNITED STATES (USA)",
   "Mfr_CommonName": null,
   "Mfr_ID": 16727,
   "Mfr_Name": "GLENN ENGINEERING INC",
   "VehicleTypes": []
  },
  {
   "Country": "UNITED STATES (USA)",
   "Mfr_CommonName": null,
   "Mfr_ID": 16728,
   "Mfr_Name": "TFK CUSTOM TRAILER",
   "VehicleTypes": []
  },
  {
   "Country": "UNITED STATES (USA)",
   "Mfr_CommonName": null,
   "Mfr_ID": 16729,
   "Mfr_Name": "CARTER BROTHERS MFG. CO. INC",
   "VehicleTypes": []
  },
  {
   "Country": "UNITED STATES (USA)",
   "Mfr_CommonName": null,
   "Mfr_ID": 16730,
   "Mfr_Name": "FISHER WELDING COMPANY",
   "VehicleTypes": []
  },
  {
   "Country": "UNITED STATES (USA)",
   "Mfr_CommonName": null,
   "Mfr_ID": 16731,
   "Mfr_Name": "KEYWAY FABRICATION & DESIGN ",
   "VehicleTypes": []
  },
  {
   "Country": "UNITED STATES (USA)",
   "Mfr_CommonName": null,
   "Mfr_ID": 16732,
   "Mfr_Name": "PAYNE'S TRAILER",
   "VehicleTypes": []
  },
  {
   "Country": "UNITED STATES (USA)",
   "Mfr_CommonName": null,
   "Mfr_ID": 16733,
   "Mfr_Name": "THE ALLIED GROUP",
   "VehicleTypes": []
  },
  {
   "Country": "UNITED STATES (USA)",
   "Mfr_CommonName": null,
   "Mfr_ID": 16734,
   "Mfr_Name": "INDUSTRIAL AIR PRODUCTS (IAP) INC",
   "VehicleTypes": []
  },
  {
   "Country": "UNITED STATES (USA)",
   "Mfr_CommonName": null,
   "Mfr_ID": 16735,
   "Mfr_Name": "JOHNSON'S WELDING",
   "VehicleTypes": []
  },
  {
   "Country": "UNITED STATES (USA)",
   "Mfr_CommonName": null,
   "Mfr_ID": 16736,
   "Mfr_Name": "INDEPENDENT TRAILER & REPAIR, INC",
   "VehicleTypes": []
  },
  {
   "Country": "UNITED STATES (USA)",
   "Mfr_CommonName": null,
   "Mfr_ID": 16737,
   "Mfr_Name": "CLARKSTON MOTORS, INC",
   "VehicleTypes": [
    {
     "IsPrimary": false,
     "Name": "Multipurpose Passenger Vehicle (MPV)"
    }
   ]
  },
  {
   "Country": "UNITED STATES (USA)",
   "Mfr_CommonName": null,
   "Mfr_ID": 16739,
   "Mfr_Name": "CARRIER TRANSPORTS, INC",
   "VehicleTypes": []
  },
  {
   "Country": "UNITED STATES (USA)",
   "Mfr_CommonName": null,
   "Mfr_ID": 16740,
   "Mfr_Name": "L& J HYDRAULICS CO.",
   "VehicleTypes": []
  },
  {
   "Country": "TURKEY",
   "Mfr_CommonName": "ARK PRES EMNIYET KEMERI SANAYI VE TICARET A.S",
   "Mfr_ID": 16741,
   "Mfr_Name": "ARK PRES EMNIYET KEMERI SANAYI VE TICARET A.S",
   "VehicleTypes": []
  },
  {
   "Country": "UNITED KINGDOM (UK)",
   "Mfr_CommonName": "CarGo seat",
   "Mfr_ID": 16742,
   "Mfr_Name": "CARGOSEAT LTD",
   "VehicleTypes": []
  },
  {
   "Country": "CANADA",
   "Mfr_CommonName": "Doepker",
   "Mfr_ID": 16743,
   "Mfr_Name": "DOEPKER INDUSTRIES LTD.",
   "VehicleTypes": [
    {
     "IsPrimary": true,
     "Name": "Trailer"
    }
   ]
  },
  {
   "Country": "VIETNAM",
   "Mfr_CommonName": null,
   "Mfr_ID": 16744,
   "Mfr_Name": "SAO VANG RUBBER JOINT STOCK COMPANY",
   "VehicleTypes": []
  },
  {
   "Country": "CHINA",
   "Mfr_CommonName": null,
   "Mfr_ID": 16745,
   "Mfr_Name": "SHANDONG MIRAGE TYRES CO.,LTD",
   "VehicleTypes": []
  },
  {
   "Country": "TAIWAN",
   "Mfr_CommonName": "Nuna Baby Essentials Inc.",
   "Mfr_ID": 16746,
   "Mfr_Name": "WONDERLAND NURSERYGOODS CO., LTD",
   "VehicleTypes": []
  },
  {
   "Country": "UNITED KINGDOM (UK)",
   "Mfr_CommonName": "Dennis Eagle",
   "Mfr_ID": 16747,
   "Mfr_Name": "DENNIS EAGLE, LTD.",
   "VehicleTypes": [
    {
     "IsPrimary": false,
     "Name": "Truck "
    },
    {
     "IsPrimary": false,
     "Name": "Incomplete Vehicle"
    }
   ]
  },
  {
   "Country": "UNITED KINGDOM (UK)",
   "Mfr_CommonName": "KEL",
   "Mfr_ID": 16748,
   "Mfr_Name": "KOITO EUROPE LIMITED",
   "VehicleTypes": []
  },
  {
   "Country": "CANADA",
   "Mfr_CommonName": "TYCROP",
   "Mfr_ID": 16749,
   "Mfr_Name": "TY-CROP MANUFACTURING LTD.",
   "VehicleTypes": [
    {
     "IsPrimary": true,
     "Name": "Trailer"
    }
   ]
  },
  {
   "Country": "ROMANIA",
   "Mfr_CommonName": "Valeo",
   "Mfr_ID": 16750,
   "Mfr_Name": "VALEO LIGHTING INJECTION S A",
   "VehicleTypes": []
  },
  {
   "Country": "UNITED STATES (USA)",
   "Mfr_CommonName": null,
   "Mfr_ID": 16751,
   "Mfr_Name": "TRAILER PLUS",
   "VehicleTypes": []
  },
  {
   "Country": "UNITED STATES (USA)",
   "Mfr_CommonName": null,
   "Mfr_ID": 16752,
   "Mfr_Name": "LEGEND MOTOR WORKS INC",
   "VehicleTypes": [
    {
     "IsPrimary": true,
     "Name": "Passenger Car"
    },
    {
     "IsPrimary": false,
     "Name": "Multipurpose Passenger Vehicle (MPV)"
    }
   ]
  },
  {
   "Country": "UNITED STATES (USA)",
   "Mfr_CommonName": null,
   "Mfr_ID": 16753,
   "Mfr_Name": "JERRY JOHNSON TRAILER SALES",
   "VehicleTypes": []
  },
  {
   "Country": "UNITED STATES (USA)",
   "Mfr_CommonName": null,
   "Mfr_ID": 16754,
   "Mfr_Name": "FRAMTRAC MANUFACTURING CO. LTD",
   "VehicleTypes": []
  },
  {
   "Country": "UNITED STATES (USA)",
   "Mfr_CommonName": null,
   "Mfr_ID": 16755,
   "Mfr_Name": "CHAPARRAL TRAILERS OF IOWA",
   "VehicleTypes": []
  },
  {
   "Country": "UNITED STATES (USA)",
   "Mfr_CommonName": null,
   "Mfr_ID": 16756,
   "Mfr_Name": "BAY EQUIPMENT AND REPAIR",
   "VehicleTypes": []
  },
  {
   "Country": "UNITED STATES (USA)",
   "Mfr_CommonName": null,
   "Mfr_ID": 16757,
   "Mfr_Name": "E & T UTILITY TRAILERS",
   "VehicleTypes": []
  },
  {
   "Country": "UNITED STATES (USA)",
   "Mfr_CommonName": null,
   "Mfr_ID": 16758,
   "Mfr_Name": "DENTON TRAILER CO.",
   "VehicleTypes": []
  },
  {
   "Country": "UNITED STATES (USA)",
   "Mfr_CommonName": null,
   "Mfr_ID": 16759,
   "Mfr_Name": "SPECIALTY IRON WORKS",
   "VehicleTypes": []
  },
  {
   "Country": "UNITED STATES (USA)",
   "Mfr_CommonName": null,
   "Mfr_ID": 16760,
   "Mfr_Name": "SIOUXLAND TRAILER SALES INC",
   "VehicleTypes": []
  },
  {
   "Country": "UNITED STATES (USA)",
   "Mfr_CommonName": null,
   "Mfr_ID": 16761,
   "Mfr_Name": "HUNTER MARINE CORP.",
   "VehicleTypes": []
  },
  {
   "Country": "UNITED STATES (USA)",
   "Mfr_CommonName": null,
   "Mfr_ID": 16762,
   "Mfr_Name": "GULLICKSON TRAILER SALES & SERVICES INC",
   "VehicleTypes": []
  },
  {
   "Country": "UNITED STATES (USA)",
   "Mfr_CommonName": null,
   "Mfr_ID": 16763,
   "Mfr_Name": "JOHNSON MANUFACTURING, INC",
   "VehicleTypes": []
  },
  {
   "Country": "UNITED STATES (USA)",
   "Mfr_CommonName": "Richey Inc",
   "Mfr_ID": 16764,
   "Mfr_Name": "RICHEY FAMILY INC",
   "VehicleTypes": [
    {
     "IsPrimary": true,
     "Name": "Truck "
    },
    {
     "IsPrimary": false,
     "Name": "Trailer"
    },
    {
     "IsPrimary": false,
     "Name": "Incomplete Vehicle"
    }
   ]
  },
  {
   "Country": "UNITED STATES (USA)",
   "Mfr_CommonName": null,
   "Mfr_ID": 16765,
   "Mfr_Name": "QUALITY PRODUCTS ",
   "VehicleTypes": []
  },
  {
   "Country": "UNITED STATES (USA)",
   "Mfr_CommonName": "VANDOUBLE",
   "Mfr_ID": 16766,
   "Mfr_Name": "VANDOUBLE ENTERPRISES LLC",
   "VehicleTypes": []
  },
  {
   "Country": "UNITED STATES (USA)",
   "Mfr_CommonName": "Lightning Systems",
   "Mfr_ID": 16767,
   "Mfr_Name": "LIGHTNING HYBRIDS LLC",
   "VehicleTypes": [
    {
     "IsPrimary": false,
     "Name": "Truck "
    },
    {
     "IsPrimary": false,
     "Name": "Bus"
    },
    {
     "IsPrimary": false,
     "Name": "Multipurpose Passenger Vehicle (MPV)"
    }
   ]
  },
  {
   "Country": "UNITED STATES (USA)",
   "Mfr_CommonName": "FSR or Freespirit Recreation",
   "Mfr_ID": 16768,
   "Mfr_Name": "FOUR T'S RECREATION LLC. DBA FREESPIRIT RECREATION ",
   "VehicleTypes": [
    {
     "IsPrimary": false,
     "Name": "Trailer"
    }
   ]
  },
  {
   "Country": "UNITED STATES (USA)",
   "Mfr_CommonName": null,
   "Mfr_ID": 16769,
   "Mfr_Name": "NEW TECH MACHINERY CORP.",
   "VehicleTypes": []
  },
  {
   "Country": "UNITED STATES (USA)",
   "Mfr_CommonName": null,
   "Mfr_ID": 16770,
   "Mfr_Name": "TODD GEISERT WELDING SALES & SERVICE",
   "VehicleTypes": []
  },
  {
   "Country": "UNITED STATES (USA)",
   "Mfr_CommonName": null,
   "Mfr_ID": 16771,
   "Mfr_Name": "NORTH VALLEY INDUSTRIES, INC ",
   "VehicleTypes": []
  },
  {
   "Country": "UNITED STATES (USA)",
   "Mfr_CommonName": null,
   "Mfr_ID": 16772,
   "Mfr_Name": "D & M TRAILERS",
   "VehicleTypes": []
  },
  {
   "Country": "UNITED STATES (USA)",
   "Mfr_CommonName": null,
   "Mfr_ID": 16773,
   "Mfr_Name": "R.G. HOOD WELDING SERVICE",
   "VehicleTypes": []
  },
  {
   "Country": "UNITED STATES (USA)",
   "Mfr_CommonName": null,
   "Mfr_ID": 16774,
   "Mfr_Name": "COLEMAN'S CUSTOM WELDING INC",
   "VehicleTypes": []
  },
  {
   "Country": "UNITED STATES (USA)",
   "Mfr_CommonName": null,
   "Mfr_ID": 16775,
   "Mfr_Name": "VIKING TRAILER SALES, INC",
   "VehicleTypes": []
  },
  {
   "Country": "UNITED STATES (USA)",
   "Mfr_CommonName": null,
   "Mfr_ID": 16776,
   "Mfr_Name": "CUSTOM SALES AND SERVICE, INC",
   "VehicleTypes": []
  },
  {
   "Country": "UNITED STATES (USA)",
   "Mfr_CommonName": null,
   "Mfr_ID": 16777,
   "Mfr_Name": "NORTH STAR MFG. ",
   "VehicleTypes": []
  },
  {
   "Country": "UNITED STATES (USA)",
   "Mfr_CommonName": null,
   "Mfr_ID": 16778,
   "Mfr_Name": "WEN C, INC",
   "VehicleTypes": []
  },
  {
   "Country": "UNITED STATES (USA)",
   "Mfr_CommonName": null,
   "Mfr_ID": 16779,
   "Mfr_Name": "WICKED COOL MOTORCYCLES LLC",
   "VehicleTypes": [
    {
     "IsPrimary": true,
     "Name": "Motorcycle"
    }
   ]
  },
  {
   "Country": "UNITED STATES (USA)",
   "Mfr_CommonName": null,
   "Mfr_ID": 16780,
   "Mfr_Name": "DAVE HANSON TRAILERS",
   "VehicleTypes": []
  },
  {
   "Country": "UNITED STATES (USA)",
   "Mfr_CommonName": null,
   "Mfr_ID": 16781,
   "Mfr_Name": "NATIONAL GROUP OF COMPANIES, INC",
   "VehicleTypes": []
  },
  {
   "Country": "UNITED STATES (USA)",
   "Mfr_CommonName": "Bus Safety Solutions",
   "Mfr_ID": 16782,
   "Mfr_Name": "BUS SAFETY, INC",
   "VehicleTypes": [
    {
     "IsPrimary": false,
     "Name": "Bus"
    }
   ]
  },
  {
   "Country": "UNITED STATES (USA)",
   "Mfr_CommonName": "TracPac Trailers",
   "Mfr_ID": 16783,
   "Mfr_Name": "BRIJ WAY, LLC DBA TRACPAC TRAILERS",
   "VehicleTypes": [
    {
     "IsPrimary": true,
     "Name": "Trailer"
    }
   ]
  },
  {
   "Country": "UNITED STATES (USA)",
   "Mfr_CommonName": "ALUMATREK",
   "Mfr_ID": 16784,
   "Mfr_Name": "ALUMATREK CUSTOM ALUMINUM TRAILERS INC",
   "VehicleTypes": [
    {
     "IsPrimary": true,
     "Name": "Trailer"
    }
   ]
  },
  {
   "Country": "MEXICO",
   "Mfr_CommonName": null,
   "Mfr_ID": 16785,
   "Mfr_Name": "ALVAREZ - TALLER DE TORNOS Y SOLDADURA",
   "VehicleTypes": []
  },
  {
   "Country": "UNITED STATES (USA)",
   "Mfr_CommonName": null,
   "Mfr_ID": 16786,
   "Mfr_Name": "WTM, INC",
   "VehicleTypes": []
  },
  {
   "Country": "UNITED STATES (USA)",
   "Mfr_CommonName": null,
   "Mfr_ID": 16787,
   "Mfr_Name": "FIVE STAR TRAILER AND EQUIPMENT ",
   "VehicleTypes": []
  },
  {
   "Country": "UNITED STATES (USA)",
   "Mfr_CommonName": null,
   "Mfr_ID": 16788,
   "Mfr_Name": "UNGER & WILHELM INC",
   "VehicleTypes": []
  },
  {
   "Country": "UNITED STATES (USA)",
   "Mfr_CommonName": null,
   "Mfr_ID": 16789,
   "Mfr_Name": "PRODUCTION AUTOMOTIVE SERVICES",
   "VehicleTypes": [
    {
     "IsPrimary": false,
     "Name": "Passenger Car"
    },
    {
     "IsPrimary": false,
     "Name": "Truck "
    },
    {
     "IsPrimary": false,
     "Name": "Bus"
    },
    {
     "IsPrimary": true,
     "Name": "Multipurpose Passenger Vehicle (MPV)"
    }
   ]
  },
  {
   "Country": "UNITED STATES (USA)",
   "Mfr_CommonName": null,
   "Mfr_ID": 16790,
   "Mfr_Name": "FAYETTE INDUSTRIES INC,",
   "VehicleTypes": []
  },
  {
   "Country": "UNITED STATES (USA)",
   "Mfr_CommonName": null,
   "Mfr_ID": 16791,
   "Mfr_Name": "BACKWATER TRAILERS ",
   "VehicleTypes": []
  },
  {
   "Country": "UNITED STATES (USA)",
   "Mfr_CommonName": null,
   "Mfr_ID": 16792,
   "Mfr_Name": "GOLDEN WEST HOMES",
   "VehicleTypes": []
  },
  {
   "Country": "UNITED STATES (USA)",
   "Mfr_CommonName": null,
   "Mfr_ID": 16793,
   "Mfr_Name": "ALCAN TRAVELER, INC",
   "VehicleTypes": []
  },
  {
   "Country": "UNITED STATES (USA)",
   "Mfr_CommonName": null,
   "Mfr_ID": 16794,
   "Mfr_Name": "COWBOY COACHES ",
   "VehicleTypes": []
  },
  {
   "Country": "UNITED STATES (USA)",
   "Mfr_CommonName": null,
   "Mfr_ID": 16795,
   "Mfr_Name": "VENTURE QUALITY TRAILER MFG",
   "VehicleTypes": []
  },
  {
   "Country": "UNITED STATES (USA)",
   "Mfr_CommonName": null,
   "Mfr_ID": 16796,
   "Mfr_Name": "LAZY-DAZ INC",
   "VehicleTypes": []
  },
  {
   "Country": "UNITED STATES (USA)",
   "Mfr_CommonName": null,
   "Mfr_ID": 16797,
   "Mfr_Name": "BROWN'S WELDING AND STEEL D.B.A NORTH FORCE MFG.",
   "VehicleTypes": [
    {
     "IsPrimary": true,
     "Name": "Trailer"
    }
   ]
  },
  {
   "Country": "UNITED STATES (USA)",
   "Mfr_CommonName": null,
   "Mfr_ID": 16798,
   "Mfr_Name": "CLASSIC TRAILERS, INC",
   "VehicleTypes": []
  },
  {
   "Country": "UNITED STATES (USA)",
   "Mfr_CommonName": null,
   "Mfr_ID": 16799,
   "Mfr_Name": "HESPERIA'S SCHELL CITY ",
   "VehicleTypes": []
  },
  {
   "Country": "UNITED STATES (USA)",
   "Mfr_CommonName": null,
   "Mfr_ID": 16800,
   "Mfr_Name": "HAYES TRUCK & TRAILERS ",
   "VehicleTypes": []
  },
  {
   "Country": "UNITED STATES (USA)",
   "Mfr_CommonName": null,
   "Mfr_ID": 16801,
   "Mfr_Name": "EARTHWORM INC",
   "VehicleTypes": []
  },
  {
   "Country": "UNITED STATES (USA)",
   "Mfr_CommonName": null,
   "Mfr_ID": 16802,
   "Mfr_Name": "TRAILS END MANUFACTURING, INC",
   "VehicleTypes": []
  },
  {
   "Country": "UNITED STATES (USA)",
   "Mfr_CommonName": null,
   "Mfr_ID": 16803,
   "Mfr_Name": "AJAX TRAILERS, INC ",
   "VehicleTypes": [
    {
     "IsPrimary": true,
     "Name": "Trailer"
    }
   ]
  },
  {
   "Country": "UNITED STATES (USA)",
   "Mfr_CommonName": null,
   "Mfr_ID": 16804,
   "Mfr_Name": "WESTECH CUSTOM METAL FABRICATION ",
   "VehicleTypes": []
  },
  {
   "Country": "UNITED STATES (USA)",
   "Mfr_CommonName": null,
   "Mfr_ID": 16805,
   "Mfr_Name": "MARION FABTECH, INC",
   "VehicleTypes": []
  },
  {
   "Country": "UNITED STATES (USA)",
   "Mfr_CommonName": null,
   "Mfr_ID": 16806,
   "Mfr_Name": "HYDRA RIG INCORPORATED ",
   "VehicleTypes": []
  }
 ]
}