{
 "Count": 87,
 "Message": "Response returned successfully",
 "SearchCriteria": null,
 "Results": [
  {
   "Country": "UNITED STATES (USA)",
   "Mfr_CommonName": "TB",
   "Mfr_ID": 19551,
   "Mfr_Name": "THE TOY BARN OF FLORIDA, LLC",
   "VehicleTypes": [
    {
     "IsPrimary": true,
     "Name": "Motorcycle"
    }
   ]
  },
  {
   "Country": "UNITED STATES (USA)",
   "Mfr_CommonName": null,
   "Mfr_ID": 19552,
   "Mfr_Name": "OVO",
   "VehicleTypes": [
    {
     "IsPrimary": true,
     "Name": "Motorcycle"
    }
   ]
  },
  {
   "Country": "GERMANY",
   "Mfr_CommonName": null,
   "Mfr_ID": 19553,
   "Mfr_Name": "LECO GLAS-, SPIEGEL- UND KUNSTSTOFF-TECHNIK GMBH",
   "VehicleTypes": []
  },
  {
   "Country": "UNITED STATES (USA)",
   "Mfr_CommonName": null,
   "Mfr_ID": 19554,
   "Mfr_Name": "VACUUM X-TRACTION PRODUCTS INC.",
   "VehicleTypes": [
    {
     "IsPrimary": false,
     "Name": "Truck "
    }
   ]
  },
  {
   "Country": "UNITED STATES (USA)",
   "Mfr_CommonName": "Pedders Suspension and Brakes",
   "Mfr_ID": 19555,
   "Mfr_Name": "PEDDERS USA LLC (AS REPRESENTATIVE OF PEDDERS SHOCK ABSORBER SERVICE PTY LTD",
   "VehicleTypes": [
    {
     "IsPrimary": false,
     "Name": "Passenger Car"
    },
    {
     "IsPrimary": true,
     "Name": "Truck "
    },
    {
     "IsPrimary": false,
     "Name": "Multipurpose Passenger Vehicle (MPV)"
    }
   ]
  },
  {
   "Country": "UNITED STATES (USA)",
   "Mfr_CommonName": null,
   "Mfr_ID": 19556,
   "Mfr_Name": "SAM'S TIRE AND AUTO",
   "VehicleTypes": [
    {
     "IsPrimary": false,
     "Name": "Passenger Car"
    },
    {
     "IsPrimary": true,
     "Name": "Truck "
    }
   ]
  },
  {
   "Country": "UNITED STATES (USA)",
   "Mfr_CommonName": null,
   "Mfr_ID": 19557,
   "Mfr_Name": "WADE HOLDINGS DBA STATLER BODY WORKS",
   "VehicleTypes": [
    {
     "IsPrimary": false,
     "Name": "Truck "
    },
    {
     "IsPrimary": true,
     "Name": "Incomplete Vehicle"
    }
   ]
  },
  {
   "Country": "UNITED STATES (USA)",
   "Mfr_CommonName": "Fantom Teardrops",
   "Mfr_ID": 19558,
   "Mfr_Name": "FANTOM TEARDROPS, LLC",
   "VehicleTypes": [
    {
     "IsPrimary": true,
     "Name": "Trailer"
    }
   ]
  },
  {
   "Country": "UNITED STATES (USA)",
   "Mfr_CommonName": "GoBE Campers",
   "Mfr_ID": 19559,
   "Mfr_Name": "SHERPA OUTFITTERS, LLC",
   "VehicleTypes": [
    {
     "IsPrimary": true,
     "Name": "Trailer"
    }
   ]
  },
  {
   "Country": "UNITED STATES (USA)",
   "Mfr_CommonName": null,
   "Mfr_ID": 19560,
   "Mfr_Name": "MASON DIESEL SERVICE INC.",
   "VehicleTypes": [
    {
     "IsPrimary": true,
     "Name": "Truck "
    },
    {
     "IsPrimary": false,
     "Name": "Trailer"
    },
    {
     "IsPrimary": false,
     "Name": "Incomplete Vehicle"
    },
    {
     "IsPrimary": false,
     "Name": "Off Road Vehicle"
    }
   ]
  },
  {
   "Country": "UNITED STATES (USA)",
   "Mfr_CommonName": null,
   "Mfr_ID": 19561,
   "Mfr_Name": "TJMC LLC DBA CJ'S SPECIALITY TRAILER MANUFACTURING",
   "VehicleTypes": [
    {
     "IsPrimary": true,
     "Name": "Trailer"
    }
   ]
  },
  {
   "Country": "UNITED STATES (USA)",
   "Mfr_CommonName": "Custom Cycle Shop",
   "Mfr_ID": 19562,
   "Mfr_Name": "C AND S CUSTOM CYCLES",
   "VehicleTypes": [
    {
     "IsPrimary": true,
     "Name": "Motorcycle"
    }
   ]
  },
  {
   "Country": "UNITED STATES (USA)",
   "Mfr_CommonName": "Isuzu, Hino, Autocar",
   "Mfr_ID": 19563,
   "Mfr_Name": "INDUSTRIAL POWER LLC",
   "VehicleTypes": [
    {
     "IsPrimary": false,
     "Name": "Incomplete Vehicle"
    }
   ]
  },
  {
   "Country": "UNITED STATES (USA)",
   "Mfr_CommonName": null,
   "Mfr_ID": 19564,
   "Mfr_Name": "S & S WELDING INC",
   "VehicleTypes": [
    {
     "IsPrimary": false,
     "Name": "Trailer"
    }
   ]
  },
  {
   "Country": "UNITED STATES (USA)",
   "Mfr_CommonName": null,
   "Mfr_ID": 19565,
   "Mfr_Name": "TRAILERS OF KNOXVILLE",
   "VehicleTypes": [
    {
     "IsPrimary": true,
     "Name": "Trailer"
    }
   ]
  },
  {
   "Country": "UNITED STATES (USA)",
   "Mfr_CommonName": "Pine Hill",
   "Mfr_ID": 19566,
   "Mfr_Name": "PINE HILL MANUFACTURING, LLC",
   "VehicleTypes": [
    {
     "IsPrimary": true,
     "Name": "Trailer"
    }
   ]
  },
  {
   "Country": "UNITED STATES (USA)",
   "Mfr_CommonName": null,
   "Mfr_ID": 19567,
   "Mfr_Name": "F&S SUPPLY, INC",
   "VehicleTypes": [
    {
     "IsPrimary": false,
     "Name": "Truck "
    },
    {
     "IsPrimary": false,
     "Name": "Trailer"
    },
    {
     "IsPrimary": false,
     "Name": "Off Road Vehicle"
    }
   ]
  },
  {
   "Country": "UNITED STATES (USA)",
   "Mfr_CommonName": "Blue Chip",
   "Mfr_ID": 19568,
   "Mfr_Name": "BLUE CHIP TECHNOLOGIES INC.",
   "VehicleTypes": [
    {
     "IsPrimary": true,
     "Name": "Trailer"
    }
   ]
  },
  {
   "Country": "UNITED STATES (USA)",
   "Mfr_CommonName": "Czinger Vehicles",
   "Mfr_ID": 19569,
   "Mfr_Name": "CZV INC.",
   "VehicleTypes": [
    {
     "IsPrimary": false,
     "Name": "Passenger Car"
    }
   ]
  },
  {
   "Country": "UNITED STATES (USA)",
   "Mfr_CommonName": null,
   "Mfr_ID": 19570,
   "Mfr_Name": "GLADIATOR MANUFACTURING",
   "VehicleTypes": [
    {
     "IsPrimary": true,
     "Name": "Trailer"
    }
   ]
  },
  {
   "Country": "UNITED STATES (USA)",
   "Mfr_CommonName": null,
   "Mfr_ID": 19571,
   "Mfr_Name": "ORIGINAL SERVICES, INC.",
   "VehicleTypes": [
    {
     "IsPrimary": true,
     "Name": "Incomplete Vehicle"
    }
   ]
  },
  {
   "Country": "UNITED STATES (USA)",
   "Mfr_CommonName": null,
   "Mfr_ID": 19572,
   "Mfr_Name": "COBURN SUPPLY COMPANY, INC.",
   "VehicleTypes": [
    {
     "IsPrimary": false,
     "Name": "Truck "
    },
    {
     "IsPrimary": true,
     "Name": "Incomplete Vehicle"
    }
   ]
  },
  {
   "Country": "UNITED STATES (USA)",
   "Mfr_CommonName": null,
   "Mfr_ID": 19573,
   "Mfr_Name": "CRANDALL TRAILERS MFG.",
   "VehicleTypes": [
    {
     "IsPrimary": true,
     "Name": "Trailer"
    }
   ]
  },
  {
   "Country": "GERMANY",
   "Mfr_CommonName": null,
   "Mfr_ID": 19574,
   "Mfr_Name": "CP TECH GMBH",
   "VehicleTypes": []
  },
  {
   "Country": "UNITED STATES (USA)",
   "Mfr_CommonName": null,
   "Mfr_ID": 19575,
   "Mfr_Name": "MID ATLANTIC EMERGENCY VEHICLES INC.",
   "VehicleTypes": [
    {
     "IsPrimary": true,
     "Name": "Multipurpose Passenger Vehicle (MPV)"
    }
   ]
  },
  {
   "Country": "UNITED STATES (USA)",
   "Mfr_CommonName": null,
   "Mfr_ID": 19576,
   "Mfr_Name": "ELITE AMERICAN FABRICATION L.L.C.",
   "VehicleTypes": [
    {
     "IsPrimary": false,
     "Name": "Motorcycle"
    },
    {
     "IsPrimary": false,
     "Name": "Truck "
    },
    {
     "IsPrimary": true,
     "Name": "Bus"
    },
    {
     "IsPrimary": false,
     "Name": "Trailer"
    },
    {
     "IsPrimary": false,
     "Name": "Multipurpose Passenger Vehicle (MPV)"
    },
    {
     "IsPrimary": false,
     "Name": "Low Speed Vehicle (LSV)"
    },
    {
     "IsPrimary": false,
     "Name": "Incomplete Vehicle"
    },
    {
     "IsPrimary": false,
     "Name": "Off Road Vehicle"
    }
   ]
  },
  {
   "Country": "UNITED STATES (USA)",
   "Mfr_CommonName": null,
   "Mfr_ID": 19577,
   "Mfr_Name": "RUFF KUTT KUSTOMZ LLC",
   "VehicleTypes": [
    {
     "IsPrimary": true,
     "Name": "Truck "
    },
    {
     "IsPrimary": false,
     "Name": "Trailer"
    }
   ]
  },
  {
   "Country": "UNITED STATES (USA)",
   "Mfr_CommonName": null,
   "Mfr_ID": 19578,
   "Mfr_Name": "INDIANA WHEEL COMPANY LLC",
   "VehicleTypes": []
  },
  {
   "Country": "UNITED STATES (USA)",
   "Mfr_CommonName": null,
   "Mfr_ID": 19579,
   "Mfr_Name": "PACIFICA TINY HOMES",
   "VehicleTypes": [
    {
     "IsPrimary": true,
     "Name": "Trailer"
    }
   ]
  },
  {
   "Country": "UNITED STATES (USA)",
   "Mfr_CommonName": null,
   "Mfr_ID": 19580,
   "Mfr_Name": "VAROZZA 4X4 OUTFITTERS",
   "VehicleTypes": []
  },
  {
   "Country": "UNITED STATES (USA)",
   "Mfr_CommonName": null,
   "Mfr_ID": 19581,
   "Mfr_Name": "FEHR TRAILERS",
   "VehicleTypes": [
    {
     "IsPrimary": true,
     "Name": "Trailer"
    }
   ]
  },
  {
   "Country": "UNITED STATES (USA)",
   "Mfr_CommonName": null,
   "Mfr_ID": 19582,
   "Mfr_Name": "ECO SENSE GLOBAL SERVICES, LLC",
   "VehicleTypes": [
    {
     "IsPrimary": true,
     "Name": "Low Speed Vehicle (LSV)"
    }
   ]
  },
  {
   "Country": "UNITED STATES (USA)",
   "Mfr_CommonName": null,
   "Mfr_ID": 19583,
   "Mfr_Name": "FOWLER WELDING AND REPAIR",
   "VehicleTypes": [
    {
     "IsPrimary": false,
     "Name": "Trailer"
    }
   ]
  },
  {
   "Country": "UNITED STATES (USA)",
   "Mfr_CommonName": "ZTech Industries",
   "Mfr_ID": 19584,
   "Mfr_Name": "ZTECH INDUSTRIES",
   "VehicleTypes": [
    {
     "IsPrimary": true,
     "Name": "Trailer"
    }
   ]
  },
  {
   "Country": "UNITED STATES (USA)",
   "Mfr_CommonName": null,
   "Mfr_ID": 19585,
   "Mfr_Name": "LANDA MOBILE SYSTEMS LLC",
   "VehicleTypes": [
    {
     "IsPrimary": true,
     "Name": "Trailer"
    }
   ]
  },
  {
   "Country": "UNITED STATES (USA)",
   "Mfr_CommonName": null,
   "Mfr_ID": 19586,
   "Mfr_Name": "RICOCHET TRUCK ACCESSORIES",
   "VehicleTypes": [
    {
     "IsPrimary": false,
     "Name": "Truck "
    },
    {
     "IsPrimary": true,
     "Name": "Off Road Vehicle"
    }
   ]
  },
  {
   "Country": "UNITED STATES (USA)",
   "Mfr_CommonName": "Kali, Kali Protectives",
   "Mfr_ID": 19587,
   "Mfr_Name": "KALI PROTECTIVES, LLC",
   "VehicleTypes": []
  },
  {
   "Country": "UNITED STATES (USA)",
   "Mfr_CommonName": "Mustard Seed Tiny Homes",
   "Mfr_ID": 19588,
   "Mfr_Name": "MUSTARD SEED TINY HOMES, LLC",
   "VehicleTypes": [
    {
     "IsPrimary": true,
     "Name": "Trailer"
    }
   ]
  },
  {
   "Country": "UNITED STATES (USA)",
   "Mfr_CommonName": null,
   "Mfr_ID": 19589,
   "Mfr_Name": "KEEP IT COLD LLC",
   "VehicleTypes": [
    {
     "IsPrimary": true,
     "Name": "Trailer"
    }
   ]
  },
  {
   "Country": "UNITED STATES (USA)",
   "Mfr_CommonName": null,
   "Mfr_ID": 19590,
   "Mfr_Name": "TTI HYDRAULICS, INC.",
   "VehicleTypes": []
  },
  {
   "Country": "SPAIN",
   "Mfr_CommonName": null,
   "Mfr_ID": 19591,
   "Mfr_Name": "Industrias Del Neumatico S.A.U.",
   "VehicleTypes": []
  },
  {
   "Country": "UNITED STATES (USA)",
   "Mfr_CommonName": null,
   "Mfr_ID": 19592,
   "Mfr_Name": "BCL FABRICATION LLC",
   "VehicleTypes": [
    {
     "IsPrimary": true,
     "Name": "Trailer"
    }
   ]
  },
  {
   "Country": "UNITED STATES (USA)",
   "Mfr_CommonName": null,
   "Mfr_ID": 19593,
   "Mfr_Name": "CONSULIER AUTOMOTIVE",
   "VehicleTypes": []
  },
  {
   "Country": "UNITED STATES (USA)",
   "Mfr_CommonName": "same",
   "Mfr_ID": 19594,
   "Mfr_Name": "MASTER TRUCK TRAILER",
   "VehicleTypes": [
    {
     "IsPrimary": false,
     "Name": "Trailer"
    }
   ]
  },
  {
   "Country": "UNITED STATES (USA)",
   "Mfr_CommonName": "JAWS",
   "Mfr_ID": 19595,
   "Mfr_Name": "JONES ABRASIVE WATERJET SERVICES LLC",
   "VehicleTypes": [
    {
     "IsPrimary": true,
     "Name": "Trailer"
    }
   ]
  },
  {
   "Country": "UNITED STATES (USA)",
   "Mfr_CommonName": "Haul About",
   "Mfr_ID": 19596,
   "Mfr_Name": "HAUL-ABOUT LLC",
   "VehicleTypes": [
    {
     "IsPrimary": false,
     "Name": "Trailer"
    }
   ]
  },
  {
   "Country": "UNITED STATES (USA)",
   "Mfr_CommonName": "TROJAN",
   "Mfr_ID": 19597,
   "Mfr_Name": "TROJAN HOSE & PUMP RENTAL, LLC",
   "VehicleTypes": [
    {
     "IsPrimary": true,
     "Name": "Trailer"
    }
   ]
  },
  {
   "Country": "UNITED STATES (USA)",
   "Mfr_CommonName": "PartsCargo",
   "Mfr_ID": 19598,
   "Mfr_Name": "PARTS CARGO INC",
   "VehicleTypes": []
  },
  {
   "Country": "UNITED STATES (USA)",
   "Mfr_CommonName": null,
   "Mfr_ID": 19599,
   "Mfr_Name": "CENTURY TRAILER SAN ANGELO, INC.",
   "VehicleTypes": [
    {
     "IsPrimary": false,
     "Name": "Truck "
    },
    {
     "IsPrimary": false,
     "Name": "Trailer"
    }
   ]
  },
  {
   "Country": "UNITED STATES (USA)",
   "Mfr_CommonName": null,
   "Mfr_ID": 19600,
   "Mfr_Name": "PLAZIT-POLYGAL GROUP",
   "VehicleTypes": []
  },
  {
   "Country": "UNITED STATES (USA)",
   "Mfr_CommonName": "MK COACH",
   "Mfr_ID": 19601,
   "Mfr_Name": "MK COACH COMPANY INC.",
   "VehicleTypes": [
    {
     "IsPrimary": false,
     "Name": "Passenger Car"
    },
    {
     "IsPrimary": true,
     "Name": "Multipurpose Passenger Vehicle (MPV)"
    }
   ]
  },
  {
   "Country": "UNITED STATES (USA)",
   "Mfr_CommonName": "OUTBOUND TRAILER LLC",
   "Mfr_ID": 19602,
   "Mfr_Name": "OUTBOUND TRAILER LLC",
   "VehicleTypes": [
    {
     "IsPrimary": true,
     "Name": "Trailer"
    }
   ]
  },
  {
   "Country": "UNITED STATES (USA)",
   "Mfr_CommonName": null,
   "Mfr_ID": 19603,
   "Mfr_Name": "SPARK CYCLEWORKS LLC",
   "VehicleTypes": [
    {
     "IsPrimary": true,
     "Name": "Motorcycle"
    }
   ]
  },
  {
   "Country": "UNITED STATES (USA)",
   "Mfr_CommonName": null,
   "Mfr_ID": 19604,
   "Mfr_Name": "LMC-AG LLC",
   "VehicleTypes": [
    {
     "IsPrimary": false,
     "Name": "Trailer"
    }
   ]
  },
  {
   "Country": "UNITED STATES (USA)",
   "Mfr_CommonName": null,
   "Mfr_ID": 19605,
   "Mfr_Name": "TRAILERSMT.COM",
   "VehicleTypes": [
    {
     "IsPrimary": true,
     "Name": "Trailer"
    }
   ]
  },
  {
   "Country": "UNITED STATES (USA)",
   "Mfr_CommonName": "Whiteface Customs",
   "Mfr_ID": 19606,
   "Mfr_Name": "TEXAS AUTO INVESTORS LTD",
   "VehicleTypes": [
    {
     "IsPrimary": false,
     "Name": "Truck "
    },
    {
     "IsPrimary": false,
     "Name": "Incomplete Vehicle"
    }
   ]
  },
  {
   "Country": "UNITED STATES (USA)",
   "Mfr_CommonName": null,
   "Mfr_ID": 19607,
   "Mfr_Name": "ROUND HOUSE INDUSTRIES LLC",
   "VehicleTypes": [
    {
     "IsPrimary": true,
     "Name": "Trailer"
    }
   ]
  },
  {
   "Country": "UNITED STATES (USA)",
   "Mfr_CommonName": "Municipal Fleet Maintenance",
   "Mfr_ID": 19608,
   "Mfr_Name": "CITY OF GREENVILLE",
   "VehicleTypes": [
    {
     "IsPrimary": true,
     "Name": "Passenger Car"
    },
    {
     "IsPrimary": false,
     "Name": "Truck "
    }
   ]
  },
  {
   "Country": "UNITED STATES (USA)",
   "Mfr_CommonName": "DISCOUNT GOLF CARTS",
   "Mfr_ID": 19609,
   "Mfr_Name": "DISCOUNT GOLF CARTS & PARTS LLC",
   "VehicleTypes": [
    {
     "IsPrimary": false,
     "Name": "Low Speed Vehicle (LSV)"
    }
   ]
  },
  {
   "Country": "UNITED STATES (USA)",
   "Mfr_CommonName": null,
   "Mfr_ID": 19610,
   "Mfr_Name": "ALLEGHENY EQUIPMENT AND LEASING LLC",
   "VehicleTypes": [
    {
     "IsPrimary": false,
     "Name": "Truck "
    },
    {
     "IsPrimary": false,
     "Name": "Incomplete Vehicle"
    }
   ]
  },
  {
   "Country": "UNITED STATES (USA)",
   "Mfr_CommonName": null,
   "Mfr_ID": 19611,
   "Mfr_Name": "WENDORFF WELDING AND FABRICATION",
   "VehicleTypes": [
    {
     "IsPrimary": true,
     "Name": "Trailer"
    }
   ]
  },
  {
   "Country": "UNITED STATES (USA)",
   "Mfr_CommonName": null,
   "Mfr_ID": 19612,
   "Mfr_Name": "ELITE FLEET SERVICES, LLC",
   "VehicleTypes": [
    {
     "IsPrimary": true,
     "Name": "Truck "
    }
   ]
  },
  {
   "Country": "UNITED STATES (USA)",
   "Mfr_CommonName": null,
   "Mfr_ID": 19613,
   "Mfr_Name": "TSI TANK SERVICES, INC.",
   "VehicleTypes": [
    {
     "IsPrimary": false,
     "Name": "Incomplete Vehicle"
    }
   ]
  },
  {
   "Country": "UNITED STATES (USA)",
   "Mfr_CommonName": null,
   "Mfr_ID": 19614,
   "Mfr_Name": "KITTILSON'S GARAGE LLC",
   "VehicleTypes": [
    {
     "IsPrimary": false,
     "Name": "Truck "
    }
   ]
  },
  {
   "Country": "UNITED STATES (USA)",
   "Mfr_CommonName": "Harper Pitworks",
   "Mfr_ID": 19615,
   "Mfr_Name": "HARPER PITWORKS LLC",
   "VehicleTypes": [
    {
     "IsPrimary": false,
     "Name": "Trailer"
    }
   ]
  },
  {
   "Country": "UNITED STATES (USA)",
   "Mfr_CommonName": null,
   "Mfr_ID": 19616,
   "Mfr_Name": "HOMETOWN TRAILERS LLC",
   "VehicleTypes": [
    {
     "IsPrimary": true,
     "Name": "Trailer"
    }
   ]
  },
  {
   "Country": "UNITED STATES (USA)",
   "Mfr_CommonName": null,
   "Mfr_ID": 19617,
   "Mfr_Name": "NOOKNCRANNY, LLC",
   "VehicleTypes": [
    {
     "IsPrimary": false,
     "Name": "Trailer"
    }
   ]
  },
  {
   "Country": "CHINA",
   "Mfr_CommonName": null,
   "Mfr_ID": 19618,
   "Mfr_Name": "FOSHAN YONGLITAI AXLE CO., LTD",
   "VehicleTypes": []
  },
  {
   "Country": "CHINA",
   "Mfr_CommonName": null,
   "Mfr_ID": 19619,
   "Mfr_Name": "HUIZHOU ALWAYS SHINE COMMODITY CO., LTD.",
   "VehicleTypes": []
  },
  {
   "Country": "CHINA",
   "Mfr_CommonName": null,
   "Mfr_ID": 19620,
   "Mfr_Name": "JIANGSU CHANGXIN VEHICLE EQUIPMENT CO. LTD",
   "VehicleTypes": []
  },
  {
   "Country": "CHINA",
   "Mfr_CommonName": null,
   "Mfr_ID": 19621,
   "Mfr_Name": "JINHUA DAQIANG RUBBER PRODUCTS INSTITUTE",
   "VehicleTypes": []
  },
  {
   "Country": "TURKEY",
   "Mfr_CommonName": "Karsan",
   "Mfr_ID": 19622,
   "Mfr_Name": "KARSAN OTOMOTIV SANAYII VE TIC.A.S.",
   "VehicleTypes": [
    {
     "IsPrimary": false,
     "Name": "Truck "
    },
    {
     "IsPrimary": false,
     "Name": "Bus"
    }
   ]
  },
  {
   "Country": "CANADA",
   "Mfr_CommonName": null,
   "Mfr_ID": 19623,
   "Mfr_Name": "KINETIC CUSTOM TRAILERS LTD.",
   "VehicleTypes": [
    {
     "IsPrimary": true,
     "Name": "Trailer"
    }
   ]
  },
  {
   "Country": "MALAYSIA",
   "Mfr_CommonName": "maxtrek tyre",
   "Mfr_ID": 19624,
   "Mfr_Name": "MAXTREK TYRE MANUFACTURING MALAYSIA SDN. BHD.",
   "VehicleTypes": []
  },
  {
   "Country": "CHINA",
   "Mfr_CommonName": null,
   "Mfr_ID": 19625,
   "Mfr_Name": "MKA TRADING (HK) LIMITED",
   "VehicleTypes": []
  },
  {
   "Country": "CHINA",
   "Mfr_CommonName": null,
   "Mfr_ID": 19626,
   "Mfr_Name": "NINGBO SHULI TECHNOLOGY CO., LTD.",
   "VehicleTypes": []
  },
  {
   "Country": "THAILAND",
   "Mfr_CommonName": null,
   "Mfr_ID": 19627,
   "Mfr_Name": "PRINX CHENGSHAN TIRE (THAILAND) CO., LTD.",
   "VehicleTypes": []
  },
  {
   "Country": "GERMANY",
   "Mfr_CommonName": null,
   "Mfr_ID": 19628,
   "Mfr_Name": "REIFEN HINGHAUS GMBH",
   "VehicleTypes": []
  },
  {
   "Country": "NEW ZEALAND",
   "Mfr_CommonName": null,
   "Mfr_ID": 19629,
   "Mfr_Name": "SEQUOR TRAILERS LTD",
   "VehicleTypes": [
    {
     "IsPrimary": false,
     "Name": "Trailer"
    }
   ]
  },
  {
   "Country": "CHINA",
   "Mfr_CommonName": null,
   "Mfr_ID": 19630,
   "Mfr_Name": "SHANDONG YOUSHENG TYRE CO., LTD",
   "VehicleTypes": []
  },
  {
   "Country": "SOUTH KOREA",
   "Mfr_CommonName": null,
   "Mfr_ID": 19631,
   "Mfr_Name": "Z.ONE EV CO., LTD.",
   "VehicleTypes": [
    {
     "IsPrimary": false,
     "Name": "Low Speed Vehicle (LSV)"
    }
   ]
  },
  {
   "Country": "CHINA",
   "Mfr_CommonName": "XINYUAN",
   "Mfr_ID": 19632,
   "Mfr_Name": "FOSHAN NANHAI XINYUAN HELMETS CO., LTD.",
   "VehicleTypes": []
  },
  {
   "Country": "TAIWAN",
   "Mfr_CommonName": null,
   "Mfr_ID": 19633,
   "Mfr_Name": "VIGO-SPORT INTERNATIONAL CO LTD",
   "VehicleTypes": []
  },
  {
   "Country": "UNITED STATES (USA)",
   "Mfr_CommonName": "Kiekert",
   "Mfr_ID": 19634,
   "Mfr_Name": "KIEKERT USA, INC.",
   "VehicleTypes": []
  },
  {
   "Country": "UNITED STATES (USA)",
   "Mfr_CommonName": "RTC",
   "Mfr_ID": 19635,
   "Mfr_Name": "REV RTC, INC.",
   "VehicleTypes": [
    {
     "IsPrimary": false,
     "Name": "Truck "
    }
   ]
  },
  {
   "Country": "UNITED STATES (USA)",
   "Mfr_CommonName": null,
   "Mfr_ID": 19636,
   "Mfr_Name": "GLENNS WELDING AND TRAILER SUPPLY",
   "VehicleTypes": [
    {
     "IsPrimary": false,
     "Name": "Incomplete Vehicle"
    }
   ]
  },
  {
   "Country": "UNITED STATES (USA)",
   "Mfr_CommonName": null,
   "Mfr_ID": 19637,
   "Mfr_Name": "ARIZONA TUBES & HOSES",
   "VehicleTypes": []
  }
 ]
}