{
 "Count": 96,
 "Message": "Response returned successfully",
 "SearchCriteria": null,
 "Results": [
  {
   "Country": "UNITED STATES (USA)",
   "Mfr_CommonName": null,
   "Mfr_ID": 8315,
   "Mfr_Name": "MCFARLAND PARTS, INC.",
   "VehicleTypes": []
  },
  {
   "Country": "UNITED STATES (USA)",
   "Mfr_CommonName": null,
   "Mfr_ID": 8318,
   "Mfr_Name": "PICK-UP PALS, INC.",
   "VehicleTypes": [
    {
     "IsPrimary": false,
     "Name": "Truck "
    }
   ]
  },
  {
   "Country": "UNITED STATES (USA)",
   "Mfr_CommonName": null,
   "Mfr_ID": 8319,
   "Mfr_Name": "PICK'S MANUFACTURING & WELDING INC.",
   "VehicleTypes": []
  },
  {
   "Country": "UNITED STATES (USA)",
   "Mfr_CommonName": null,
   "Mfr_ID": 8322,
   "Mfr_Name": "STARLINE RV, INC.",
   "VehicleTypes": []
  },
  {
   "Country": "UNITED STATES (USA)",
   "Mfr_CommonName": null,
   "Mfr_ID": 8323,
   "Mfr_Name": "STARR INDUSTRIES INC",
   "VehicleTypes": []
  },
  {
   "Country": "UNITED STATES (USA)",
   "Mfr_CommonName": null,
   "Mfr_ID": 8324,
   "Mfr_Name": "STARR MANUFACTURING",
   "VehicleTypes": []
  },
  {
   "Country": "",
   "Mfr_CommonName": null,
   "Mfr_ID": 8325,
   "Mfr_Name": "STARS S.P.A.",
   "VehicleTypes": []
  },
  {
   "Country": "UNITED STATES (USA)",
   "Mfr_CommonName": null,
   "Mfr_ID": 8327,
   "Mfr_Name": "STATE AUTO PAINT",
   "VehicleTypes": [
    {
     "IsPrimary": false,
     "Name": "Truck "
    }
   ]
  },
  {
   "Country": "UNITED STATES (USA)",
   "Mfr_CommonName": null,
   "Mfr_ID": 8328,
   "Mfr_Name": "STANTON DYNAMICS",
   "VehicleTypes": [
    {
     "IsPrimary": true,
     "Name": "Trailer"
    }
   ]
  },
  {
   "Country": "UNITED STATES (USA)",
   "Mfr_CommonName": null,
   "Mfr_ID": 8329,
   "Mfr_Name": "STECO, INC.",
   "VehicleTypes": [
    {
     "IsPrimary": true,
     "Name": "Trailer"
    }
   ]
  },
  {
   "Country": "UNITED STATES (USA)",
   "Mfr_CommonName": "TIMPTE",
   "Mfr_ID": 8330,
   "Mfr_Name": "TIMPTE INC.",
   "VehicleTypes": [
    {
     "IsPrimary": true,
     "Name": "Trailer"
    }
   ]
  },
  {
   "Country": "UNITED STATES (USA)",
   "Mfr_CommonName": null,
   "Mfr_ID": 8331,
   "Mfr_Name": "TINDER WHITE TRUCK & EQUIP., CO.",
   "VehicleTypes": []
  },
  {
   "Country": "UNITED STATES (USA)",
   "Mfr_CommonName": null,
   "Mfr_ID": 8333,
   "Mfr_Name": "TITAN TRUCK EQUIPMENT CO., INC.",
   "VehicleTypes": [
    {
     "IsPrimary": true,
     "Name": "Truck "
    }
   ]
  },
  {
   "Country": "UNITED STATES (USA)",
   "Mfr_CommonName": null,
   "Mfr_ID": 8334,
   "Mfr_Name": "TITAN MANUFACTURING CO., INC.",
   "VehicleTypes": []
  },
  {
   "Country": "UNITED STATES (USA)",
   "Mfr_CommonName": null,
   "Mfr_ID": 8335,
   "Mfr_Name": "TITAN MOTORCYCLE COMPANY OF AMERICA",
   "VehicleTypes": []
  },
  {
   "Country": "UNITED STATES (USA)",
   "Mfr_CommonName": null,
   "Mfr_ID": 8336,
   "Mfr_Name": "PETROLEUM CONTRACTORS, INC.",
   "VehicleTypes": []
  },
  {
   "Country": "UNITED STATES (USA)",
   "Mfr_CommonName": null,
   "Mfr_ID": 8337,
   "Mfr_Name": "PETROLEUM EQUIPMENT & SERVICE INC.",
   "VehicleTypes": []
  },
  {
   "Country": "UNITED STATES (USA)",
   "Mfr_CommonName": null,
   "Mfr_ID": 8338,
   "Mfr_Name": "PETROLEUM EQUIPMENT CO., INC.",
   "VehicleTypes": []
  },
  {
   "Country": "UNITED STATES (USA)",
   "Mfr_CommonName": null,
   "Mfr_ID": 8339,
   "Mfr_Name": "PETROLEUM EQUIPMENT SERVICE",
   "VehicleTypes": []
  },
  {
   "Country": "UNITED STATES (USA)",
   "Mfr_CommonName": null,
   "Mfr_ID": 8340,
   "Mfr_Name": "PETROLEUM TANK CORPORATION",
   "VehicleTypes": []
  },
  {
   "Country": "UNITED STATES (USA)",
   "Mfr_CommonName": null,
   "Mfr_ID": 8341,
   "Mfr_Name": "PETROSSI WELDING",
   "VehicleTypes": []
  },
  {
   "Country": "UNITED STATES (USA)",
   "Mfr_CommonName": null,
   "Mfr_ID": 8342,
   "Mfr_Name": "PETTY BUILT MFG",
   "VehicleTypes": []
  },
  {
   "Country": "UNITED STATES (USA)",
   "Mfr_CommonName": null,
   "Mfr_ID": 8343,
   "Mfr_Name": "PEUDU MFG INC",
   "VehicleTypes": []
  },
  {
   "Country": "UNITED STATES (USA)",
   "Mfr_CommonName": null,
   "Mfr_ID": 8344,
   "Mfr_Name": "PEUGEOT MOTORCYCLES",
   "VehicleTypes": []
  },
  {
   "Country": "UNITED STATES (USA)",
   "Mfr_CommonName": null,
   "Mfr_ID": 8345,
   "Mfr_Name": "PFOHL EQUIPMENT CO., INC.",
   "VehicleTypes": []
  },
  {
   "Country": "UNITED STATES (USA)",
   "Mfr_CommonName": null,
   "Mfr_ID": 8346,
   "Mfr_Name": "PHANTOM MOTORCYCLE COMPANY",
   "VehicleTypes": []
  },
  {
   "Country": "UNITED STATES (USA)",
   "Mfr_CommonName": null,
   "Mfr_ID": 8347,
   "Mfr_Name": "PHANTOM TRIKES",
   "VehicleTypes": []
  },
  {
   "Country": "UNITED STATES (USA)",
   "Mfr_CommonName": null,
   "Mfr_ID": 8348,
   "Mfr_Name": "PHASE II TRUCK BODY, INC.",
   "VehicleTypes": []
  },
  {
   "Country": "UNITED STATES (USA)",
   "Mfr_CommonName": null,
   "Mfr_ID": 8350,
   "Mfr_Name": "PHENIX ENTERPRISES, INC.",
   "VehicleTypes": []
  },
  {
   "Country": "CANADA",
   "Mfr_CommonName": null,
   "Mfr_ID": 8351,
   "Mfr_Name": "PHIL LAROCHELLE EQUIPMENT INC",
   "VehicleTypes": []
  },
  {
   "Country": "UNITED STATES (USA)",
   "Mfr_CommonName": null,
   "Mfr_ID": 8352,
   "Mfr_Name": "PHIL PHELP TRUCK CENTER",
   "VehicleTypes": []
  },
  {
   "Country": "UNITED STATES (USA)",
   "Mfr_CommonName": null,
   "Mfr_ID": 8353,
   "Mfr_Name": "PHILIP J. ORTIZ MFG. CORP.",
   "VehicleTypes": []
  },
  {
   "Country": "UNITED STATES (USA)",
   "Mfr_CommonName": null,
   "Mfr_ID": 8354,
   "Mfr_Name": "PHILLIPS MACHINERY, INC.",
   "VehicleTypes": []
  },
  {
   "Country": "UNITED STATES (USA)",
   "Mfr_CommonName": null,
   "Mfr_ID": 8355,
   "Mfr_Name": "PHILLIPS PETROLEUM COMPANY",
   "VehicleTypes": []
  },
  {
   "Country": "UNITED STATES (USA)",
   "Mfr_CommonName": null,
   "Mfr_ID": 8356,
   "Mfr_Name": "PHILLIPS PETROLIUM COMPANY",
   "VehicleTypes": []
  },
  {
   "Country": "UNITED STATES (USA)",
   "Mfr_CommonName": null,
   "Mfr_ID": 8357,
   "Mfr_Name": "PHOENIX MANUFACTURING INCORPORATED",
   "VehicleTypes": []
  },
  {
   "Country": "UNITED STATES (USA)",
   "Mfr_CommonName": null,
   "Mfr_ID": 8358,
   "Mfr_Name": "PHOENIX MOTORCARS LLC dba PHOENIX MOTORCARS",
   "VehicleTypes": []
  },
  {
   "Country": "UNITED STATES (USA)",
   "Mfr_CommonName": null,
   "Mfr_ID": 8360,
   "Mfr_Name": "PHOENIX MOTORCARS, INC.",
   "VehicleTypes": []
  },
  {
   "Country": "",
   "Mfr_CommonName": null,
   "Mfr_ID": 8361,
   "Mfr_Name": "PHOENIX ROTARY EQUIPMENT LTD",
   "VehicleTypes": []
  },
  {
   "Country": "UNITED STATES (USA)",
   "Mfr_CommonName": null,
   "Mfr_ID": 8362,
   "Mfr_Name": "PHOENIX SPORTS CARS INC",
   "VehicleTypes": []
  },
  {
   "Country": "UNITED STATES (USA)",
   "Mfr_CommonName": null,
   "Mfr_ID": 8363,
   "Mfr_Name": "PHOENIX TRAILER EQUIPMENT MFG.",
   "VehicleTypes": []
  },
  {
   "Country": "UNITED STATES (USA)",
   "Mfr_CommonName": null,
   "Mfr_ID": 8364,
   "Mfr_Name": "PHOENIX USA IMPEX INC",
   "VehicleTypes": []
  },
  {
   "Country": "",
   "Mfr_CommonName": null,
   "Mfr_ID": 8365,
   "Mfr_Name": "SOCIETA PER AZIONI S.I.P.E.A.",
   "VehicleTypes": []
  },
  {
   "Country": "",
   "Mfr_CommonName": null,
   "Mfr_ID": 8366,
   "Mfr_Name": "SOCIETE ANAOYME SOLIVER",
   "VehicleTypes": []
  },
  {
   "Country": "",
   "Mfr_CommonName": null,
   "Mfr_ID": 8367,
   "Mfr_Name": "SOCIETE DE SIGNALISATIONS AUTOMBL.",
   "VehicleTypes": []
  },
  {
   "Country": "",
   "Mfr_CommonName": null,
   "Mfr_ID": 8368,
   "Mfr_Name": "SOCIETE INDUSTRIELLE TRIPLEX",
   "VehicleTypes": []
  },
  {
   "Country": "UNITED STATES (USA)",
   "Mfr_CommonName": null,
   "Mfr_ID": 8369,
   "Mfr_Name": "SOLAR TECHNOLOGY, INC.",
   "VehicleTypes": [
    {
     "IsPrimary": false,
     "Name": "Trailer"
    }
   ]
  },
  {
   "Country": "UNITED STATES (USA)",
   "Mfr_CommonName": null,
   "Mfr_ID": 8371,
   "Mfr_Name": "SOLECTRIA CORPORATION",
   "VehicleTypes": [
    {
     "IsPrimary": true,
     "Name": "Passenger Car"
    }
   ]
  },
  {
   "Country": "UNITED STATES (USA)",
   "Mfr_CommonName": null,
   "Mfr_ID": 8372,
   "Mfr_Name": "SOLEM MACHINE COMPANY",
   "VehicleTypes": []
  },
  {
   "Country": "UNITED STATES (USA)",
   "Mfr_CommonName": null,
   "Mfr_ID": 8373,
   "Mfr_Name": "SOLID STEEL FABRICATION",
   "VehicleTypes": []
  },
  {
   "Country": "UNITED STATES (USA)",
   "Mfr_CommonName": null,
   "Mfr_ID": 8374,
   "Mfr_Name": "SOLO VANS, INC.",
   "VehicleTypes": []
  },
  {
   "Country": "UNITED STATES (USA)",
   "Mfr_CommonName": null,
   "Mfr_ID": 8375,
   "Mfr_Name": "SOUTHWEST  TRUCK RIGGING & EQUIP.",
   "VehicleTypes": []
  },
  {
   "Country": "UNITED STATES (USA)",
   "Mfr_CommonName": null,
   "Mfr_ID": 8376,
   "Mfr_Name": "SOUTHWEST GOLF CARS, INC.",
   "VehicleTypes": []
  },
  {
   "Country": "UNITED STATES (USA)",
   "Mfr_CommonName": null,
   "Mfr_ID": 8377,
   "Mfr_Name": "SOUTHWEST GOOSENECK, LTD",
   "VehicleTypes": []
  },
  {
   "Country": "UNITED STATES (USA)",
   "Mfr_CommonName": null,
   "Mfr_ID": 8378,
   "Mfr_Name": "SOUTHWEST MACHINE",
   "VehicleTypes": []
  },
  {
   "Country": "UNITED STATES (USA)",
   "Mfr_CommonName": null,
   "Mfr_ID": 8379,
   "Mfr_Name": "SOUTHWEST SALES",
   "VehicleTypes": []
  },
  {
   "Country": "UNITED STATES (USA)",
   "Mfr_CommonName": null,
   "Mfr_ID": 8380,
   "Mfr_Name": "SOUTHWEST SPECIALTY TRAILERS",
   "VehicleTypes": [
    {
     "IsPrimary": true,
     "Name": "Trailer"
    }
   ]
  },
  {
   "Country": "UNITED STATES (USA)",
   "Mfr_CommonName": null,
   "Mfr_ID": 8381,
   "Mfr_Name": "TRIANGLE FLEET SERVICE, INC.",
   "VehicleTypes": []
  },
  {
   "Country": "UNITED STATES (USA)",
   "Mfr_CommonName": null,
   "Mfr_ID": 8382,
   "Mfr_Name": "TRIANGLE GMC TRUCKS, INC.",
   "VehicleTypes": []
  },
  {
   "Country": "UNITED STATES (USA)",
   "Mfr_CommonName": null,
   "Mfr_ID": 8383,
   "Mfr_Name": "TRIANGLE TRAILER COMPANY D/B/A",
   "VehicleTypes": []
  },
  {
   "Country": "NETHERLANDS",
   "Mfr_CommonName": null,
   "Mfr_ID": 8385,
   "Mfr_Name": "TRIGGER TECHNICS BV",
   "VehicleTypes": []
  },
  {
   "Country": "",
   "Mfr_CommonName": null,
   "Mfr_ID": 8386,
   "Mfr_Name": "MARL TECHNOLOGIES, INC.",
   "VehicleTypes": []
  },
  {
   "Country": "UNITED STATES (USA)",
   "Mfr_CommonName": null,
   "Mfr_ID": 8387,
   "Mfr_Name": "MARMON MOTOR CO",
   "VehicleTypes": []
  },
  {
   "Country": "UNITED STATES (USA)",
   "Mfr_CommonName": null,
   "Mfr_ID": 8388,
   "Mfr_Name": "MAROLA MOTOR SALES, INC.",
   "VehicleTypes": []
  },
  {
   "Country": "UNITED STATES (USA)",
   "Mfr_CommonName": null,
   "Mfr_ID": 8389,
   "Mfr_Name": "MARPLEX INDUSTRIES, INC.",
   "VehicleTypes": [
    {
     "IsPrimary": false,
     "Name": "Truck "
    },
    {
     "IsPrimary": false,
     "Name": "Trailer"
    }
   ]
  },
  {
   "Country": "UNITED STATES (USA)",
   "Mfr_CommonName": null,
   "Mfr_ID": 8390,
   "Mfr_Name": "MARQUARDT TRAILER MANUFACTURING, INC.",
   "VehicleTypes": []
  },
  {
   "Country": "UNITED STATES (USA)",
   "Mfr_CommonName": null,
   "Mfr_ID": 8391,
   "Mfr_Name": "MARQUE INC.",
   "VehicleTypes": []
  },
  {
   "Country": "UNITED STATES (USA)",
   "Mfr_CommonName": null,
   "Mfr_ID": 8392,
   "Mfr_Name": "MARQUE, INC.",
   "VehicleTypes": []
  },
  {
   "Country": "UNITED STATES (USA)",
   "Mfr_CommonName": null,
   "Mfr_ID": 8393,
   "Mfr_Name": "MARQUEE CUSTOMS & CLASSICS LLC",
   "VehicleTypes": []
  },
  {
   "Country": "UNITED STATES (USA)",
   "Mfr_CommonName": null,
   "Mfr_ID": 8394,
   "Mfr_Name": "ODYSSEY EXTREME MACHINES, INC",
   "VehicleTypes": [
    {
     "IsPrimary": false,
     "Name": "Motorcycle"
    }
   ]
  },
  {
   "Country": "UNITED STATES (USA)",
   "Mfr_CommonName": null,
   "Mfr_ID": 8395,
   "Mfr_Name": "OEM FABRICATORS INC",
   "VehicleTypes": []
  },
  {
   "Country": "UNITED STATES (USA)",
   "Mfr_CommonName": null,
   "Mfr_ID": 8396,
   "Mfr_Name": "OIL EQUIPMENT SALES & SERVICE CO. INC",
   "VehicleTypes": [
    {
     "IsPrimary": false,
     "Name": "Truck "
    }
   ]
  },
  {
   "Country": "UNITED STATES (USA)",
   "Mfr_CommonName": null,
   "Mfr_ID": 8397,
   "Mfr_Name": "OFF-ROAD MOTORCOACH, INC.",
   "VehicleTypes": []
  },
  {
   "Country": "UNITED STATES (USA)",
   "Mfr_CommonName": null,
   "Mfr_ID": 8399,
   "Mfr_Name": "OHIO BODY MFG. COMPANY",
   "VehicleTypes": []
  },
  {
   "Country": "UNITED STATES (USA)",
   "Mfr_CommonName": null,
   "Mfr_ID": 8400,
   "Mfr_Name": "OHIO BUS SALES, INC.",
   "VehicleTypes": [
    {
     "IsPrimary": false,
     "Name": "Bus"
    },
    {
     "IsPrimary": false,
     "Name": "Multipurpose Passenger Vehicle (MPV)"
    }
   ]
  },
  {
   "Country": "UNITED STATES (USA)",
   "Mfr_CommonName": null,
   "Mfr_ID": 8401,
   "Mfr_Name": "TRIPLE-H-TRAILERS",
   "VehicleTypes": []
  },
  {
   "Country": "UNITED STATES (USA)",
   "Mfr_CommonName": null,
   "Mfr_ID": 8402,
   "Mfr_Name": "TRIPLEX MANUFACTURING COMPANY",
   "VehicleTypes": []
  },
  {
   "Country": "",
   "Mfr_CommonName": null,
   "Mfr_ID": 8403,
   "Mfr_Name": "TRIPLEX SAFETY GLASS",
   "VehicleTypes": []
  },
  {
   "Country": "",
   "Mfr_CommonName": null,
   "Mfr_ID": 8404,
   "Mfr_Name": "TRIPLEX SAFETY GLASS CO., LIMITED",
   "VehicleTypes": []
  },
  {
   "Country": "",
   "Mfr_CommonName": null,
   "Mfr_ID": 8405,
   "Mfr_Name": "TRIPLEX SAFETY GLASS COMP. LTD.",
   "VehicleTypes": []
  },
  {
   "Country": "",
   "Mfr_CommonName": null,
   "Mfr_ID": 8406,
   "Mfr_Name": "TRIPLEX SAFETY GLASS LIMITED",
   "VehicleTypes": []
  },
  {
   "Country": "",
   "Mfr_CommonName": null,
   "Mfr_ID": 8407,
   "Mfr_Name": "TRIPLEX SAFETY GLASS LTD",
   "VehicleTypes": []
  },
  {
   "Country": "UNITED STATES (USA)",
   "Mfr_CommonName": null,
   "Mfr_ID": 8408,
   "Mfr_Name": "TRISEN FABRICATION",
   "VehicleTypes": [
    {
     "IsPrimary": true,
     "Name": "Trailer"
    }
   ]
  },
  {
   "Country": "UNITED STATES (USA)",
   "Mfr_CommonName": null,
   "Mfr_ID": 8409,
   "Mfr_Name": "TRITON CORPORATION",
   "VehicleTypes": []
  },
  {
   "Country": "UNITED STATES (USA)",
   "Mfr_CommonName": null,
   "Mfr_ID": 8410,
   "Mfr_Name": "TRITON POWER LIFTS",
   "VehicleTypes": []
  },
  {
   "Country": "",
   "Mfr_CommonName": null,
   "Mfr_ID": 8411,
   "Mfr_Name": "TRIUMP ENGINEERING COMPANY LIMITED",
   "VehicleTypes": []
  },
  {
   "Country": "UNITED STATES (USA)",
   "Mfr_CommonName": null,
   "Mfr_ID": 8412,
   "Mfr_Name": "TRIUS, INC.",
   "VehicleTypes": [
    {
     "IsPrimary": true,
     "Name": "Truck "
    }
   ]
  },
  {
   "Country": "UNITED STATES (USA)",
   "Mfr_CommonName": null,
   "Mfr_ID": 8413,
   "Mfr_Name": "TRNSMED INDUSTRIES, INC.",
   "VehicleTypes": []
  },
  {
   "Country": "UNITED STATES (USA)",
   "Mfr_CommonName": null,
   "Mfr_ID": 8414,
   "Mfr_Name": "TROJAN FABRICATORS INC.",
   "VehicleTypes": []
  },
  {
   "Country": "UNITED STATES (USA)",
   "Mfr_CommonName": null,
   "Mfr_ID": 8415,
   "Mfr_Name": "TROJAN TRUCK BODY",
   "VehicleTypes": []
  },
  {
   "Country": "UNITED STATES (USA)",
   "Mfr_CommonName": null,
   "Mfr_ID": 8416,
   "Mfr_Name": "TROLLEY BOATS , LLC",
   "VehicleTypes": [
    {
     "IsPrimary": false,
     "Name": "Trailer"
    }
   ]
  },
  {
   "Country": "UNITED STATES (USA)",
   "Mfr_CommonName": null,
   "Mfr_ID": 8417,
   "Mfr_Name": "TRONT CREEK ENERPRISES INC",
   "VehicleTypes": []
  },
  {
   "Country": "UNITED STATES (USA)",
   "Mfr_CommonName": null,
   "Mfr_ID": 8418,
   "Mfr_Name": "TROPHY HOMES INC",
   "VehicleTypes": []
  },
  {
   "Country": "UNITED STATES (USA)",
   "Mfr_CommonName": null,
   "Mfr_ID": 8419,
   "Mfr_Name": "TROPHY TRUCKS OF TEXAS",
   "VehicleTypes": []
  },
  {
   "Country": "UNITED STATES (USA)",
   "Mfr_CommonName": null,
   "Mfr_ID": 8420,
   "Mfr_Name": "TROPIC TRAILER INC",
   "VehicleTypes": [
    {
     "IsPrimary": true,
     "Name": "Trailer"
    }
   ]
  },
  {
   "Country": "UNITED STATES (USA)",
   "Mfr_CommonName": null,
   "Mfr_ID": 8421,
   "Mfr_Name": "TROPICAL TRAILERS OF LAKELAND",
   "VehicleTypes": []
  }
 ]
}