{
 "Count": 88,
 "Message": "Response returned successfully",
 "SearchCriteria": null,
 "Results": [
  {
   "Country": "UNITED STATES (USA)",
   "Mfr_CommonName": null,
   "Mfr_ID": 13881,
   "Mfr_Name": "LIV GOLF CARS, INC.",
   "VehicleTypes": [
    {
     "IsPrimary": true,
     "Name": "Low Speed Vehicle (LSV)"
    }
   ]
  },
  {
   "Country": "SPAIN",
   "Mfr_CommonName": null,
   "Mfr_ID": 13882,
   "Mfr_Name": "POLYCASA SPAIN S.A.U.",
   "VehicleTypes": []
  },
  {
   "Country": "UNITED STATES (USA)",
   "Mfr_CommonName": null,
   "Mfr_ID": 13883,
   "Mfr_Name": "CASHMAN EQUIPMENT COMPANY",
   "VehicleTypes": []
  },
  {
   "Country": "UNITED STATES (USA)",
   "Mfr_CommonName": null,
   "Mfr_ID": 13884,
   "Mfr_Name": "COLD CAR USA, INC.",
   "VehicleTypes": [
    {
     "IsPrimary": true,
     "Name": "Truck "
    }
   ]
  },
  {
   "Country": "AUSTRIA",
   "Mfr_CommonName": null,
   "Mfr_ID": 13885,
   "Mfr_Name": "KTM AG (FORMERLY KNOW AS KTM MOTORRAD AG)",
   "VehicleTypes": [
    {
     "IsPrimary": true,
     "Name": "Motorcycle"
    }
   ]
  },
  {
   "Country": "UNITED STATES (USA)",
   "Mfr_CommonName": "PLASKOLITE MASSACHUSETTS",
   "Mfr_ID": 13887,
   "Mfr_Name": "PLASKOLITE, LLC",
   "VehicleTypes": []
  },
  {
   "Country": "UNITED STATES (USA)",
   "Mfr_CommonName": null,
   "Mfr_ID": 13888,
   "Mfr_Name": "TOWER TRIKES, INC.",
   "VehicleTypes": [
    {
     "IsPrimary": true,
     "Name": "Motorcycle"
    }
   ]
  },
  {
   "Country": "CANADA",
   "Mfr_CommonName": null,
   "Mfr_ID": 13889,
   "Mfr_Name": "GREEN LINE HOSE AND FITTINGS LTD",
   "VehicleTypes": []
  },
  {
   "Country": "UNITED STATES (USA)",
   "Mfr_CommonName": null,
   "Mfr_ID": 13890,
   "Mfr_Name": "RILEY FORESTRY EQUIPMENT, LLC.",
   "VehicleTypes": [
    {
     "IsPrimary": true,
     "Name": "Trailer"
    }
   ]
  },
  {
   "Country": "UNITED STATES (USA)",
   "Mfr_CommonName": null,
   "Mfr_ID": 13891,
   "Mfr_Name": "STAG TRAILERS MFG LLC.",
   "VehicleTypes": []
  },
  {
   "Country": "CHINA",
   "Mfr_CommonName": null,
   "Mfr_ID": 13892,
   "Mfr_Name": "RUI'AN HONGYUAN AUTO PARTS CO., LTD",
   "VehicleTypes": []
  },
  {
   "Country": "CHINA",
   "Mfr_CommonName": null,
   "Mfr_ID": 13893,
   "Mfr_Name": "CHANGZHOU XINYUE LAMPS CO., LTD",
   "VehicleTypes": []
  },
  {
   "Country": "UNITED STATES (USA)",
   "Mfr_CommonName": null,
   "Mfr_ID": 13897,
   "Mfr_Name": "LINEMAN & SON ",
   "VehicleTypes": [
    {
     "IsPrimary": true,
     "Name": "Trailer"
    }
   ]
  },
  {
   "Country": "SOUTH KOREA",
   "Mfr_CommonName": null,
   "Mfr_ID": 13898,
   "Mfr_Name": "KIDO SPORTS CO., LTS.",
   "VehicleTypes": []
  },
  {
   "Country": "CHINA",
   "Mfr_CommonName": null,
   "Mfr_ID": 13899,
   "Mfr_Name": "NINGBO XUQIANG AUTOPARTS MANUFACTURING CO., LTD",
   "VehicleTypes": []
  },
  {
   "Country": "CHINA",
   "Mfr_CommonName": null,
   "Mfr_ID": 13902,
   "Mfr_Name": "GUANGZHOU AOQIYA LIGHTING FACTORY",
   "VehicleTypes": []
  },
  {
   "Country": "CHINA",
   "Mfr_CommonName": null,
   "Mfr_ID": 13904,
   "Mfr_Name": "SHANDONG YONGTAI GROUP CO., LTD",
   "VehicleTypes": []
  },
  {
   "Country": "UNITED STATES (USA)",
   "Mfr_CommonName": null,
   "Mfr_ID": 13905,
   "Mfr_Name": "METROQUIP",
   "VehicleTypes": [
    {
     "IsPrimary": true,
     "Name": "Truck "
    }
   ]
  },
  {
   "Country": "UNITED STATES (USA)",
   "Mfr_CommonName": null,
   "Mfr_ID": 13909,
   "Mfr_Name": "THE HANDLEBAR, LLC",
   "VehicleTypes": [
    {
     "IsPrimary": true,
     "Name": "Low Speed Vehicle (LSV)"
    }
   ]
  },
  {
   "Country": "ITALY",
   "Mfr_CommonName": null,
   "Mfr_ID": 13911,
   "Mfr_Name": "SFERA S.R.L.",
   "VehicleTypes": []
  },
  {
   "Country": "UNITED STATES (USA)",
   "Mfr_CommonName": null,
   "Mfr_ID": 13912,
   "Mfr_Name": "AMAR MOTOR DEVELOPMENT ",
   "VehicleTypes": [
    {
     "IsPrimary": false,
     "Name": "Truck "
    }
   ]
  },
  {
   "Country": "UNITED STATES (USA)",
   "Mfr_CommonName": null,
   "Mfr_ID": 13913,
   "Mfr_Name": "HIGHWAY EQUIPMENT COMPANY",
   "VehicleTypes": [
    {
     "IsPrimary": false,
     "Name": "Trailer"
    }
   ]
  },
  {
   "Country": "UNITED STATES (USA)",
   "Mfr_CommonName": null,
   "Mfr_ID": 13914,
   "Mfr_Name": "SPARTAN TRAILER MFG. INC.",
   "VehicleTypes": [
    {
     "IsPrimary": true,
     "Name": "Trailer"
    }
   ]
  },
  {
   "Country": "UNITED STATES (USA)",
   "Mfr_CommonName": null,
   "Mfr_ID": 13915,
   "Mfr_Name": "SWERVE SUPERBIKES, LLC",
   "VehicleTypes": [
    {
     "IsPrimary": true,
     "Name": "Motorcycle"
    }
   ]
  },
  {
   "Country": "UNITED STATES (USA)",
   "Mfr_CommonName": null,
   "Mfr_ID": 13916,
   "Mfr_Name": "HEMISFEAR CYCLES L.L.C.",
   "VehicleTypes": [
    {
     "IsPrimary": true,
     "Name": "Motorcycle"
    }
   ]
  },
  {
   "Country": "UNITED STATES (USA)",
   "Mfr_CommonName": null,
   "Mfr_ID": 13917,
   "Mfr_Name": "HRM UNLIMITED LLC",
   "VehicleTypes": [
    {
     "IsPrimary": true,
     "Name": "Trailer"
    }
   ]
  },
  {
   "Country": "UNITED STATES (USA)",
   "Mfr_CommonName": null,
   "Mfr_ID": 13918,
   "Mfr_Name": "AMERICAN IRONHORSE LLC",
   "VehicleTypes": [
    {
     "IsPrimary": true,
     "Name": "Motorcycle"
    }
   ]
  },
  {
   "Country": "CHINA",
   "Mfr_CommonName": null,
   "Mfr_ID": 13919,
   "Mfr_Name": "SHANGHAI AUTOMOTIVE BRAKE SYSTEMS CO.,LTD.",
   "VehicleTypes": []
  },
  {
   "Country": "PERU",
   "Mfr_CommonName": null,
   "Mfr_ID": 13920,
   "Mfr_Name": "CANOVAS SAC",
   "VehicleTypes": []
  },
  {
   "Country": "",
   "Mfr_CommonName": null,
   "Mfr_ID": 13921,
   "Mfr_Name": "CONTINENTAL MFG. COMPANY, INC.",
   "VehicleTypes": [
    {
     "IsPrimary": false,
     "Name": "Trailer"
    }
   ]
  },
  {
   "Country": "TURKEY",
   "Mfr_CommonName": null,
   "Mfr_ID": 13922,
   "Mfr_Name": "INTERGLASS OTO CAM OTOM. OTO. YED. PAR. IMI. TIC. PAZ. NAK. ITH. IHR. SAN. LTD. STI.",
   "VehicleTypes": []
  },
  {
   "Country": "UNITED STATES (USA)",
   "Mfr_CommonName": null,
   "Mfr_ID": 13923,
   "Mfr_Name": "IRON CRAFT FABRICATION, INC.",
   "VehicleTypes": [
    {
     "IsPrimary": true,
     "Name": "Trailer"
    }
   ]
  },
  {
   "Country": "UNITED STATES (USA)",
   "Mfr_CommonName": null,
   "Mfr_ID": 13926,
   "Mfr_Name": "ACE TRUCK BODY & VAN REPAIR",
   "VehicleTypes": [
    {
     "IsPrimary": false,
     "Name": "Truck "
    },
    {
     "IsPrimary": true,
     "Name": "Incomplete Vehicle"
    }
   ]
  },
  {
   "Country": "UNITED STATES (USA)",
   "Mfr_CommonName": null,
   "Mfr_ID": 13928,
   "Mfr_Name": "BRUMLEY'S WELDING, LLC",
   "VehicleTypes": [
    {
     "IsPrimary": true,
     "Name": "Trailer"
    }
   ]
  },
  {
   "Country": "CHINA",
   "Mfr_CommonName": null,
   "Mfr_ID": 13929,
   "Mfr_Name": "TIANJIN NANO MACHINERY MANUFACTURING CO., LTD",
   "VehicleTypes": []
  },
  {
   "Country": "CANADA",
   "Mfr_CommonName": null,
   "Mfr_ID": 13930,
   "Mfr_Name": "HEAT DESIGN EQUIPMENT INC.",
   "VehicleTypes": [
    {
     "IsPrimary": true,
     "Name": "Trailer"
    }
   ]
  },
  {
   "Country": "CHINA",
   "Mfr_CommonName": null,
   "Mfr_ID": 13931,
   "Mfr_Name": "ZHEJIANG ZHONGCHI RUBBER CO., LTD",
   "VehicleTypes": []
  },
  {
   "Country": "CHINA",
   "Mfr_CommonName": null,
   "Mfr_ID": 13932,
   "Mfr_Name": "QINGDAO JINGCHENG RUBBER PRODUCTS CO., LTD",
   "VehicleTypes": []
  },
  {
   "Country": "UNITED STATES (USA)",
   "Mfr_CommonName": null,
   "Mfr_ID": 13933,
   "Mfr_Name": "ATLANTIC EMERGENCY SOLUTIONS, INC.",
   "VehicleTypes": [
    {
     "IsPrimary": false,
     "Name": "Truck "
    },
    {
     "IsPrimary": true,
     "Name": "Incomplete Vehicle"
    }
   ]
  },
  {
   "Country": "UNITED STATES (USA)",
   "Mfr_CommonName": null,
   "Mfr_ID": 13934,
   "Mfr_Name": "SOUTHWEST SWEEPER SALES INC.",
   "VehicleTypes": [
    {
     "IsPrimary": false,
     "Name": "Truck "
    }
   ]
  },
  {
   "Country": "UNITED STATES (USA)",
   "Mfr_CommonName": null,
   "Mfr_ID": 13935,
   "Mfr_Name": "GREEN HOP'R, LLC",
   "VehicleTypes": [
    {
     "IsPrimary": true,
     "Name": "Trailer"
    }
   ]
  },
  {
   "Country": "UNITED STATES (USA)",
   "Mfr_CommonName": null,
   "Mfr_ID": 13937,
   "Mfr_Name": "SKULLY INC.",
   "VehicleTypes": []
  },
  {
   "Country": "UNITED STATES (USA)",
   "Mfr_CommonName": null,
   "Mfr_ID": 13938,
   "Mfr_Name": "TEREX USA, LLC",
   "VehicleTypes": [
    {
     "IsPrimary": true,
     "Name": "Trailer"
    }
   ]
  },
  {
   "Country": "UNITED STATES (USA)",
   "Mfr_CommonName": null,
   "Mfr_ID": 13939,
   "Mfr_Name": "UTEC OF LAFAYETTE, INC.",
   "VehicleTypes": [
    {
     "IsPrimary": false,
     "Name": "Truck "
    },
    {
     "IsPrimary": true,
     "Name": "Incomplete Vehicle"
    }
   ]
  },
  {
   "Country": "UNITED STATES (USA)",
   "Mfr_CommonName": null,
   "Mfr_ID": 13940,
   "Mfr_Name": "KNAPHEIDE TRUCK EQUIPMENT COMPANY",
   "VehicleTypes": [
    {
     "IsPrimary": false,
     "Name": "Passenger Car"
    },
    {
     "IsPrimary": false,
     "Name": "Truck "
    },
    {
     "IsPrimary": false,
     "Name": "Multipurpose Passenger Vehicle (MPV)"
    },
    {
     "IsPrimary": true,
     "Name": "Incomplete Vehicle"
    }
   ]
  },
  {
   "Country": "UNITED STATES (USA)",
   "Mfr_CommonName": null,
   "Mfr_ID": 13941,
   "Mfr_Name": "KANSAS MOTORCYCLE WORKS LLC",
   "VehicleTypes": [
    {
     "IsPrimary": false,
     "Name": "Motorcycle"
    }
   ]
  },
  {
   "Country": "UNITED STATES (USA)",
   "Mfr_CommonName": null,
   "Mfr_ID": 13943,
   "Mfr_Name": "ACME FABRICATION",
   "VehicleTypes": [
    {
     "IsPrimary": true,
     "Name": "Trailer"
    }
   ]
  },
  {
   "Country": "JAPAN",
   "Mfr_CommonName": null,
   "Mfr_ID": 13944,
   "Mfr_Name": "SHOEI CO., LTD.",
   "VehicleTypes": []
  },
  {
   "Country": "UNITED STATES (USA)",
   "Mfr_CommonName": null,
   "Mfr_ID": 13945,
   "Mfr_Name": "CLEVELAND FREIGHTLINER, INC.",
   "VehicleTypes": [
    {
     "IsPrimary": true,
     "Name": "Truck "
    }
   ]
  },
  {
   "Country": "UNITED KINGDOM (UK)",
   "Mfr_CommonName": null,
   "Mfr_ID": 13946,
   "Mfr_Name": "XIANGRUI VEHICLE CO., LTD.",
   "VehicleTypes": [
    {
     "IsPrimary": true,
     "Name": "Trailer"
    }
   ]
  },
  {
   "Country": "UNITED STATES (USA)",
   "Mfr_CommonName": null,
   "Mfr_ID": 13947,
   "Mfr_Name": "REECE ALBERT INC.",
   "VehicleTypes": [
    {
     "IsPrimary": true,
     "Name": "Truck "
    }
   ]
  },
  {
   "Country": "CHINA",
   "Mfr_CommonName": null,
   "Mfr_ID": 13948,
   "Mfr_Name": "Shandong Shifeng (Group) Co., Ltd.",
   "VehicleTypes": []
  },
  {
   "Country": "UNITED STATES (USA)",
   "Mfr_CommonName": null,
   "Mfr_ID": 13949,
   "Mfr_Name": "WOOD'S TRAILERS AND REPAIR LLC",
   "VehicleTypes": [
    {
     "IsPrimary": true,
     "Name": "Trailer"
    }
   ]
  },
  {
   "Country": "CHINA",
   "Mfr_CommonName": null,
   "Mfr_ID": 13950,
   "Mfr_Name": "SINOFLEX CO., LTD.",
   "VehicleTypes": []
  },
  {
   "Country": "UNITED STATES (USA)",
   "Mfr_CommonName": null,
   "Mfr_ID": 13951,
   "Mfr_Name": "HOGLUND BODY AND EQUIPMENT, INC.",
   "VehicleTypes": [
    {
     "IsPrimary": true,
     "Name": "Incomplete Vehicle"
    }
   ]
  },
  {
   "Country": "UNITED STATES (USA)",
   "Mfr_CommonName": null,
   "Mfr_ID": 13952,
   "Mfr_Name": "MUV-ALL TRAILER COMPANY",
   "VehicleTypes": [
    {
     "IsPrimary": true,
     "Name": "Trailer"
    }
   ]
  },
  {
   "Country": "UNITED STATES (USA)",
   "Mfr_CommonName": null,
   "Mfr_ID": 13953,
   "Mfr_Name": "PARRATT-WOLFF INC.",
   "VehicleTypes": [
    {
     "IsPrimary": true,
     "Name": "Truck "
    }
   ]
  },
  {
   "Country": "UNITED STATES (USA)",
   "Mfr_CommonName": null,
   "Mfr_ID": 13954,
   "Mfr_Name": "CANFIELD FLEET SERVICES, LLC",
   "VehicleTypes": [
    {
     "IsPrimary": false,
     "Name": "Passenger Car"
    },
    {
     "IsPrimary": true,
     "Name": "Truck "
    }
   ]
  },
  {
   "Country": "CHINA",
   "Mfr_CommonName": null,
   "Mfr_ID": 13955,
   "Mfr_Name": "HUBEI HUANYU AUTO Lighting Co., Ltd.",
   "VehicleTypes": []
  },
  {
   "Country": "UNITED STATES (USA)",
   "Mfr_CommonName": null,
   "Mfr_ID": 13956,
   "Mfr_Name": "BILTWELL CUSTOM MOTORCYCLE CORP.",
   "VehicleTypes": []
  },
  {
   "Country": "UNITED STATES (USA)",
   "Mfr_CommonName": null,
   "Mfr_ID": 13957,
   "Mfr_Name": "WAGS MOTORCYCLE TRAILERS, LLC",
   "VehicleTypes": [
    {
     "IsPrimary": true,
     "Name": "Trailer"
    }
   ]
  },
  {
   "Country": "CHINA",
   "Mfr_CommonName": null,
   "Mfr_ID": 13959,
   "Mfr_Name": "Tian Jin Zhenxin Rubber Co., Ltd.",
   "VehicleTypes": []
  },
  {
   "Country": "CHINA",
   "Mfr_CommonName": null,
   "Mfr_ID": 13960,
   "Mfr_Name": "CHINA FIRST AUTOMOBILE GROUP IMP. % EXP. CORP.",
   "VehicleTypes": []
  },
  {
   "Country": "HONG KONG",
   "Mfr_CommonName": null,
   "Mfr_ID": 13961,
   "Mfr_Name": "Singamas Container Holdings Limited",
   "VehicleTypes": []
  },
  {
   "Country": "CHINA",
   "Mfr_CommonName": null,
   "Mfr_ID": 13962,
   "Mfr_Name": "Taizhou RenLi Tire Co., Ltd",
   "VehicleTypes": []
  },
  {
   "Country": "CHINA",
   "Mfr_CommonName": null,
   "Mfr_ID": 13963,
   "Mfr_Name": "QINGDAO JINJING CO., LTD.",
   "VehicleTypes": []
  },
  {
   "Country": "CHINA",
   "Mfr_CommonName": null,
   "Mfr_ID": 13964,
   "Mfr_Name": "CHANGZHOU MODERN EXPO TECHNOLOGY CO., LTD.",
   "VehicleTypes": []
  },
  {
   "Country": "CHINA",
   "Mfr_CommonName": null,
   "Mfr_ID": 13965,
   "Mfr_Name": "QinHuangDao Taehwa Strong Glass Co., Ltd.",
   "VehicleTypes": []
  },
  {
   "Country": "UNITED STATES (USA)",
   "Mfr_CommonName": null,
   "Mfr_ID": 13966,
   "Mfr_Name": "MAGNUS INDUSTRIES LLC",
   "VehicleTypes": [
    {
     "IsPrimary": true,
     "Name": "Trailer"
    }
   ]
  },
  {
   "Country": "CHINA",
   "Mfr_CommonName": null,
   "Mfr_ID": 13967,
   "Mfr_Name": "HEBEI CHIBANG AUTO PARTS CO., LTD",
   "VehicleTypes": []
  },
  {
   "Country": "UNITED STATES (USA)",
   "Mfr_CommonName": null,
   "Mfr_ID": 13968,
   "Mfr_Name": "MOMENTUM FUEL TECHNOLOGIES",
   "VehicleTypes": []
  },
  {
   "Country": "SOUTH KOREA",
   "Mfr_CommonName": null,
   "Mfr_ID": 13969,
   "Mfr_Name": "CT&T Korea, Ltd. - CT&T Co., Ltd.",
   "VehicleTypes": []
  },
  {
   "Country": "CHINA",
   "Mfr_CommonName": null,
   "Mfr_ID": 13970,
   "Mfr_Name": "Zhejiang Dake Safety Glass Co., Ltd.",
   "VehicleTypes": []
  },
  {
   "Country": "UNITED STATES (USA)",
   "Mfr_CommonName": null,
   "Mfr_ID": 13971,
   "Mfr_Name": "KC HOT RODS LLC",
   "VehicleTypes": [
    {
     "IsPrimary": true,
     "Name": "Motorcycle"
    }
   ]
  },
  {
   "Country": "UNITED STATES (USA)",
   "Mfr_CommonName": null,
   "Mfr_ID": 13972,
   "Mfr_Name": "PARADISE POWER SPORTS LLC",
   "VehicleTypes": [
    {
     "IsPrimary": true,
     "Name": "Low Speed Vehicle (LSV)"
    }
   ]
  },
  {
   "Country": "CHINA",
   "Mfr_CommonName": null,
   "Mfr_ID": 13973,
   "Mfr_Name": "LIAOCHENG CITY DEVELOPMENT ZONE YOUJIAGLASS CO., LTD.",
   "VehicleTypes": []
  },
  {
   "Country": "CHINA",
   "Mfr_CommonName": null,
   "Mfr_ID": 13974,
   "Mfr_Name": "TAIZHOU HUANGYAN SHIWEI PLASTICS & MOULD CO., LTD.",
   "VehicleTypes": []
  },
  {
   "Country": "PERU",
   "Mfr_CommonName": null,
   "Mfr_ID": 13975,
   "Mfr_Name": "VIDRIERIA 28 DE JULIO S.A.C.",
   "VehicleTypes": []
  },
  {
   "Country": "CHINA",
   "Mfr_CommonName": null,
   "Mfr_ID": 13976,
   "Mfr_Name": "ZHONGSHAN FEDO LIGHTING CO., LTD",
   "VehicleTypes": []
  },
  {
   "Country": "CHINA",
   "Mfr_CommonName": null,
   "Mfr_ID": 13977,
   "Mfr_Name": "MORSUN TECHNOLOGY CO., LTD.",
   "VehicleTypes": []
  },
  {
   "Country": "CHINA",
   "Mfr_CommonName": null,
   "Mfr_ID": 13978,
   "Mfr_Name": "SHENZHEN YINGDONG AUTOMOBILE GLASS CO., LTD.",
   "VehicleTypes": []
  },
  {
   "Country": "UNITED STATES (USA)",
   "Mfr_CommonName": "Generac",
   "Mfr_ID": 13979,
   "Mfr_Name": "GENERAC MOBILE PRODUCTS LLC",
   "VehicleTypes": [
    {
     "IsPrimary": true,
     "Name": "Trailer"
    }
   ]
  },
  {
   "Country": "UNITED STATES (USA)",
   "Mfr_CommonName": null,
   "Mfr_ID": 13981,
   "Mfr_Name": "ARBOC, INC. ",
   "VehicleTypes": []
  },
  {
   "Country": "UNITED STATES (USA)",
   "Mfr_CommonName": null,
   "Mfr_ID": 13982,
   "Mfr_Name": "TURF COMMANDERS",
   "VehicleTypes": [
    {
     "IsPrimary": true,
     "Name": "Low Speed Vehicle (LSV)"
    }
   ]
  },
  {
   "Country": "UNITED KINGDOM (UK)",
   "Mfr_CommonName": null,
   "Mfr_ID": 13983,
   "Mfr_Name": "BENTLEY MOTORS LIMITED",
   "VehicleTypes": []
  },
  {
   "Country": "UNITED STATES (USA)",
   "Mfr_CommonName": "Boyer's",
   "Mfr_ID": 13984,
   "Mfr_Name": "BOYER'S AUTO BODY & SALES INC.",
   "VehicleTypes": [
    {
     "IsPrimary": true,
     "Name": "Truck "
    },
    {
     "IsPrimary": false,
     "Name": "Incomplete Vehicle"
    }
   ]
  },
  {
   "Country": "UNITED STATES (USA)",
   "Mfr_CommonName": null,
   "Mfr_ID": 13985,
   "Mfr_Name": "ERETZ TRAILERS MANUFACTURER",
   "VehicleTypes": [
    {
     "IsPrimary": true,
     "Name": "Trailer"
    }
   ]
  },
  {
   "Country": "UNITED STATES (USA)",
   "Mfr_CommonName": null,
   "Mfr_ID": 13986,
   "Mfr_Name": "XPO LOGISTICS MANUFACTURING LLC",
   "VehicleTypes": [
    {
     "IsPrimary": true,
     "Name": "Trailer"
    }
   ]
  }
 ]
}