{
 "Count": 94,
 "Message": "Response returned successfully",
 "SearchCriteria": null,
 "Results": [
  {
   "Country": "UNITED STATES (USA)",
   "Mfr_CommonName": null,
   "Mfr_ID": 9839,
   "Mfr_Name": "EVIL EMPIRE CHOPPERS, INC.",
   "VehicleTypes": []
  },
  {
   "Country": "UNITED STATES (USA)",
   "Mfr_CommonName": null,
   "Mfr_ID": 9840,
   "Mfr_Name": "HYDRO ENGINEERING, INC.",
   "VehicleTypes": [
    {
     "IsPrimary": true,
     "Name": "Trailer"
    }
   ]
  },
  {
   "Country": "UNITED STATES (USA)",
   "Mfr_CommonName": null,
   "Mfr_ID": 9841,
   "Mfr_Name": "ADVANCE PUMP & EQUIPMENT INC.",
   "VehicleTypes": []
  },
  {
   "Country": "UNITED STATES (USA)",
   "Mfr_CommonName": null,
   "Mfr_ID": 9842,
   "Mfr_Name": "IVERSON MANUFACTURING",
   "VehicleTypes": [
    {
     "IsPrimary": true,
     "Name": "Trailer"
    }
   ]
  },
  {
   "Country": "UNITED STATES (USA)",
   "Mfr_CommonName": null,
   "Mfr_ID": 9843,
   "Mfr_Name": "FRONTIER CARGO",
   "VehicleTypes": []
  },
  {
   "Country": "UNITED STATES (USA)",
   "Mfr_CommonName": null,
   "Mfr_ID": 9844,
   "Mfr_Name": "UNITED PRECISION METALS INC.",
   "VehicleTypes": []
  },
  {
   "Country": "UNITED STATES (USA)",
   "Mfr_CommonName": null,
   "Mfr_ID": 9846,
   "Mfr_Name": "BOSS-LTG, INC",
   "VehicleTypes": []
  },
  {
   "Country": "UNITED STATES (USA)",
   "Mfr_CommonName": null,
   "Mfr_ID": 9847,
   "Mfr_Name": "STROTHER WELDING, INC.",
   "VehicleTypes": []
  },
  {
   "Country": "UNITED STATES (USA)",
   "Mfr_CommonName": null,
   "Mfr_ID": 9848,
   "Mfr_Name": "ACCESS TOOLS, INC ",
   "VehicleTypes": [
    {
     "IsPrimary": true,
     "Name": "Truck "
    }
   ]
  },
  {
   "Country": "UNITED STATES (USA)",
   "Mfr_CommonName": null,
   "Mfr_ID": 9849,
   "Mfr_Name": "XKELETON MOTORCYCLE",
   "VehicleTypes": [
    {
     "IsPrimary": true,
     "Name": "Motorcycle"
    }
   ]
  },
  {
   "Country": "TAIWAN",
   "Mfr_CommonName": "SYM",
   "Mfr_ID": 9850,
   "Mfr_Name": "SANYANG MOTOR CO., LTD. (SYM)",
   "VehicleTypes": [
    {
     "IsPrimary": true,
     "Name": "Motorcycle"
    }
   ]
  },
  {
   "Country": "UNITED STATES (USA)",
   "Mfr_CommonName": null,
   "Mfr_ID": 9851,
   "Mfr_Name": "SMART TRANSPORT SOLUTIONS, INC.",
   "VehicleTypes": []
  },
  {
   "Country": "UNITED STATES (USA)",
   "Mfr_CommonName": null,
   "Mfr_ID": 9852,
   "Mfr_Name": "FAST TRUCK BODY & EQUIPMENT",
   "VehicleTypes": []
  },
  {
   "Country": "UNITED STATES (USA)",
   "Mfr_CommonName": null,
   "Mfr_ID": 9854,
   "Mfr_Name": "GUZZLER MANUFACTURING INC.",
   "VehicleTypes": []
  },
  {
   "Country": "UNITED STATES (USA)",
   "Mfr_CommonName": null,
   "Mfr_ID": 9855,
   "Mfr_Name": "HANCO MANUFACTURING CO.",
   "VehicleTypes": []
  },
  {
   "Country": "UNITED STATES (USA)",
   "Mfr_CommonName": null,
   "Mfr_ID": 9856,
   "Mfr_Name": "HARBOR MASTER LTD",
   "VehicleTypes": [
    {
     "IsPrimary": false,
     "Name": "Trailer"
    }
   ]
  },
  {
   "Country": "UNITED STATES (USA)",
   "Mfr_CommonName": null,
   "Mfr_ID": 9857,
   "Mfr_Name": "HARDEE MANUFACTURING CO.",
   "VehicleTypes": []
  },
  {
   "Country": "UNITED STATES (USA)",
   "Mfr_CommonName": null,
   "Mfr_ID": 9858,
   "Mfr_Name": "HAWKLINE LLC",
   "VehicleTypes": []
  },
  {
   "Country": "UNITED STATES (USA)",
   "Mfr_CommonName": null,
   "Mfr_ID": 9860,
   "Mfr_Name": "HEALEY INTERNATIONAL TRUCKS",
   "VehicleTypes": [
    {
     "IsPrimary": false,
     "Name": "Truck "
    }
   ]
  },
  {
   "Country": "",
   "Mfr_CommonName": null,
   "Mfr_ID": 9861,
   "Mfr_Name": "HERMANN STRIBEL KG.",
   "VehicleTypes": []
  },
  {
   "Country": "",
   "Mfr_CommonName": null,
   "Mfr_ID": 9862,
   "Mfr_Name": "YANGZHOU TONGHUA SEMI-TRIALER CO. LTD.",
   "VehicleTypes": []
  },
  {
   "Country": "UNITED STATES (USA)",
   "Mfr_CommonName": null,
   "Mfr_ID": 9863,
   "Mfr_Name": "YANT TESTING, SUPPLY & EQUIP., INC.",
   "VehicleTypes": [
    {
     "IsPrimary": true,
     "Name": "Truck "
    }
   ]
  },
  {
   "Country": "UNITED STATES (USA)",
   "Mfr_CommonName": null,
   "Mfr_ID": 9864,
   "Mfr_Name": "YARBROUGH MANUFACTURING CO., INC.",
   "VehicleTypes": []
  },
  {
   "Country": "UNITED STATES (USA)",
   "Mfr_CommonName": null,
   "Mfr_ID": 9865,
   "Mfr_Name": "YELLOW JACKET TRAILER COMPANY",
   "VehicleTypes": []
  },
  {
   "Country": "UNITED STATES (USA)",
   "Mfr_CommonName": null,
   "Mfr_ID": 9866,
   "Mfr_Name": "YELLOWSTONE, INC.",
   "VehicleTypes": []
  },
  {
   "Country": "UNITED STATES (USA)",
   "Mfr_CommonName": null,
   "Mfr_ID": 9867,
   "Mfr_Name": "YESTER YEAR AUTO",
   "VehicleTypes": []
  },
  {
   "Country": "UNITED STATES (USA)",
   "Mfr_CommonName": null,
   "Mfr_ID": 9868,
   "Mfr_Name": "J R MILLS ENTERPRISES, INC.",
   "VehicleTypes": [
    {
     "IsPrimary": true,
     "Name": "Trailer"
    }
   ]
  },
  {
   "Country": "UNITED STATES (USA)",
   "Mfr_CommonName": null,
   "Mfr_ID": 9869,
   "Mfr_Name": "NOVA TRIKES, INC.",
   "VehicleTypes": [
    {
     "IsPrimary": true,
     "Name": "Motorcycle"
    }
   ]
  },
  {
   "Country": "UNITED STATES (USA)",
   "Mfr_CommonName": null,
   "Mfr_ID": 9870,
   "Mfr_Name": "KEMP KUSTOMS",
   "VehicleTypes": [
    {
     "IsPrimary": true,
     "Name": "Motorcycle"
    }
   ]
  },
  {
   "Country": "UNITED STATES (USA)",
   "Mfr_CommonName": null,
   "Mfr_ID": 9871,
   "Mfr_Name": "T2 SERVICES, INC.",
   "VehicleTypes": [
    {
     "IsPrimary": true,
     "Name": "Trailer"
    }
   ]
  },
  {
   "Country": "ARGENTINA",
   "Mfr_CommonName": null,
   "Mfr_ID": 9872,
   "Mfr_Name": "DYER'S DOCKING SYSTEMS, INC.",
   "VehicleTypes": [
    {
     "IsPrimary": true,
     "Name": "Trailer"
    }
   ]
  },
  {
   "Country": "UNITED STATES (USA)",
   "Mfr_CommonName": null,
   "Mfr_ID": 9874,
   "Mfr_Name": "TEMPEST CYCLES",
   "VehicleTypes": []
  },
  {
   "Country": "UNITED STATES (USA)",
   "Mfr_CommonName": null,
   "Mfr_ID": 9875,
   "Mfr_Name": "COPPER STATE CYCLES",
   "VehicleTypes": []
  },
  {
   "Country": "UNITED STATES (USA)",
   "Mfr_CommonName": null,
   "Mfr_ID": 9876,
   "Mfr_Name": "DARKSIDE CHOPPERS",
   "VehicleTypes": [
    {
     "IsPrimary": true,
     "Name": "Motorcycle"
    }
   ]
  },
  {
   "Country": "CHINA",
   "Mfr_CommonName": null,
   "Mfr_ID": 9877,
   "Mfr_Name": "HONGDOU GROUP CHITUMA MOTORCYCLE COMPANY",
   "VehicleTypes": []
  },
  {
   "Country": "UNITED STATES (USA)",
   "Mfr_CommonName": null,
   "Mfr_ID": 9878,
   "Mfr_Name": "HOOSIER TRAILER & TRUCK EQUIPMENT INC",
   "VehicleTypes": [
    {
     "IsPrimary": false,
     "Name": "Truck "
    }
   ]
  },
  {
   "Country": "UNITED STATES (USA)",
   "Mfr_CommonName": null,
   "Mfr_ID": 9879,
   "Mfr_Name": "HORIZON FLEET SERVICES, INC.",
   "VehicleTypes": []
  },
  {
   "Country": "UNITED STATES (USA)",
   "Mfr_CommonName": null,
   "Mfr_ID": 9880,
   "Mfr_Name": "HUNTER OUTDOOR PRODUCTS, INC",
   "VehicleTypes": []
  },
  {
   "Country": "UNITED STATES (USA)",
   "Mfr_CommonName": null,
   "Mfr_ID": 9881,
   "Mfr_Name": "HYDRAULIC MACHINERY INC.",
   "VehicleTypes": []
  },
  {
   "Country": "UNITED STATES (USA)",
   "Mfr_CommonName": null,
   "Mfr_ID": 9882,
   "Mfr_Name": "IMAGE CYCLES INC",
   "VehicleTypes": [
    {
     "IsPrimary": true,
     "Name": "Motorcycle"
    }
   ]
  },
  {
   "Country": "",
   "Mfr_CommonName": null,
   "Mfr_ID": 9883,
   "Mfr_Name": "IMECA S.R.L.",
   "VehicleTypes": []
  },
  {
   "Country": "UNITED STATES (USA)",
   "Mfr_CommonName": null,
   "Mfr_ID": 9884,
   "Mfr_Name": "IMPERIAL AUTOMOTIVE GROUP INC",
   "VehicleTypes": []
  },
  {
   "Country": "UNITED STATES (USA)",
   "Mfr_CommonName": null,
   "Mfr_ID": 9885,
   "Mfr_Name": "IMPERIAL INDUSTRIES, INC.",
   "VehicleTypes": [
    {
     "IsPrimary": false,
     "Name": "Trailer"
    }
   ]
  },
  {
   "Country": "UNITED STATES (USA)",
   "Mfr_CommonName": null,
   "Mfr_ID": 9886,
   "Mfr_Name": "INTERMODAL CONTAINER SYSTEMS",
   "VehicleTypes": []
  },
  {
   "Country": "UNITED STATES (USA)",
   "Mfr_CommonName": null,
   "Mfr_ID": 9887,
   "Mfr_Name": "INTERNATIONAL MOBILE HOMES, INC.",
   "VehicleTypes": []
  },
  {
   "Country": "UNITED STATES (USA)",
   "Mfr_CommonName": null,
   "Mfr_ID": 9888,
   "Mfr_Name": "INTERNATIONAL SUPPLY CO. INC.",
   "VehicleTypes": []
  },
  {
   "Country": "UNITED STATES (USA)",
   "Mfr_CommonName": null,
   "Mfr_ID": 9889,
   "Mfr_Name": "J-10 TRAILERS",
   "VehicleTypes": []
  },
  {
   "Country": "UNITED STATES (USA)",
   "Mfr_CommonName": null,
   "Mfr_ID": 9890,
   "Mfr_Name": "J. LAMONT MFG., INC.",
   "VehicleTypes": []
  },
  {
   "Country": "UNITED STATES (USA)",
   "Mfr_CommonName": null,
   "Mfr_ID": 9891,
   "Mfr_Name": "J.B.'S WELDING",
   "VehicleTypes": []
  },
  {
   "Country": "UNITED STATES (USA)",
   "Mfr_CommonName": "Jayco",
   "Mfr_ID": 9892,
   "Mfr_Name": "JAYCO, INC.",
   "VehicleTypes": [
    {
     "IsPrimary": true,
     "Name": "Trailer"
    },
    {
     "IsPrimary": false,
     "Name": "Multipurpose Passenger Vehicle (MPV)"
    }
   ]
  },
  {
   "Country": "UNITED STATES (USA)",
   "Mfr_CommonName": null,
   "Mfr_ID": 9893,
   "Mfr_Name": "JBH CUSTOM TRAILERS, INC.",
   "VehicleTypes": []
  },
  {
   "Country": "UNITED STATES (USA)",
   "Mfr_CommonName": null,
   "Mfr_ID": 9894,
   "Mfr_Name": "JEFFERY L AMES DBA INNOVATIVE TRAILER MFG",
   "VehicleTypes": []
  },
  {
   "Country": "UNITED STATES (USA)",
   "Mfr_CommonName": null,
   "Mfr_ID": 9895,
   "Mfr_Name": "JOHNNY PAG",
   "VehicleTypes": [
    {
     "IsPrimary": true,
     "Name": "Motorcycle"
    }
   ]
  },
  {
   "Country": "UNITED STATES (USA)",
   "Mfr_CommonName": null,
   "Mfr_ID": 9897,
   "Mfr_Name": "JOHNSON TRCUK BODIES (A CARLISE COMPANY)",
   "VehicleTypes": []
  },
  {
   "Country": "UNITED STATES (USA)",
   "Mfr_CommonName": null,
   "Mfr_ID": 9898,
   "Mfr_Name": "KAMCO",
   "VehicleTypes": []
  },
  {
   "Country": "UNITED STATES (USA)",
   "Mfr_CommonName": null,
   "Mfr_ID": 9899,
   "Mfr_Name": "IRON HORSE BBQ, INCORPORATED",
   "VehicleTypes": [
    {
     "IsPrimary": false,
     "Name": "Trailer"
    }
   ]
  },
  {
   "Country": "UNITED STATES (USA)",
   "Mfr_CommonName": null,
   "Mfr_ID": 9900,
   "Mfr_Name": "USSI HOLDINGS, INC., ",
   "VehicleTypes": [
    {
     "IsPrimary": true,
     "Name": "Truck "
    },
    {
     "IsPrimary": false,
     "Name": "Trailer"
    },
    {
     "IsPrimary": false,
     "Name": "Incomplete Vehicle"
    }
   ]
  },
  {
   "Country": "UNITED STATES (USA)",
   "Mfr_CommonName": null,
   "Mfr_ID": 9901,
   "Mfr_Name": "PICK A SPOT",
   "VehicleTypes": []
  },
  {
   "Country": "UNITED STATES (USA)",
   "Mfr_CommonName": null,
   "Mfr_ID": 9902,
   "Mfr_Name": "GREAT LAKES TRAILER COMPANY, LLC",
   "VehicleTypes": []
  },
  {
   "Country": "UNITED STATES (USA)",
   "Mfr_CommonName": null,
   "Mfr_ID": 9903,
   "Mfr_Name": "SMOKIN' BARBEQUE",
   "VehicleTypes": []
  },
  {
   "Country": "UNITED STATES (USA)",
   "Mfr_CommonName": null,
   "Mfr_ID": 9904,
   "Mfr_Name": "TANK SPORTS INC ",
   "VehicleTypes": [
    {
     "IsPrimary": true,
     "Name": "Motorcycle"
    }
   ]
  },
  {
   "Country": "UNITED STATES (USA)",
   "Mfr_CommonName": null,
   "Mfr_ID": 9905,
   "Mfr_Name": "D  & D TRAILERS, INC",
   "VehicleTypes": [
    {
     "IsPrimary": true,
     "Name": "Trailer"
    }
   ]
  },
  {
   "Country": "UNITED STATES (USA)",
   "Mfr_CommonName": null,
   "Mfr_ID": 9906,
   "Mfr_Name": "CP DEVELOPMENT, INC. DBA TRICKER TRAILERS",
   "VehicleTypes": []
  },
  {
   "Country": "UNITED STATES (USA)",
   "Mfr_CommonName": null,
   "Mfr_ID": 9907,
   "Mfr_Name": "SPEED AND CUSTOM ENTERPRISES,LLC",
   "VehicleTypes": [
    {
     "IsPrimary": true,
     "Name": "Motorcycle"
    }
   ]
  },
  {
   "Country": "UNITED STATES (USA)",
   "Mfr_CommonName": null,
   "Mfr_ID": 9908,
   "Mfr_Name": "COOKS TRUCK BODY MFG. INC.",
   "VehicleTypes": [
    {
     "IsPrimary": true,
     "Name": "Truck "
    }
   ]
  },
  {
   "Country": "CHINA",
   "Mfr_CommonName": null,
   "Mfr_ID": 9909,
   "Mfr_Name": "CIXI KINGRING MOTORCYCLE CO., LTD",
   "VehicleTypes": [
    {
     "IsPrimary": true,
     "Name": "Motorcycle"
    }
   ]
  },
  {
   "Country": "UNITED STATES (USA)",
   "Mfr_CommonName": null,
   "Mfr_ID": 9910,
   "Mfr_Name": "DESIGN PLASTICS",
   "VehicleTypes": [
    {
     "IsPrimary": true,
     "Name": "Motorcycle"
    }
   ]
  },
  {
   "Country": "UNITED STATES (USA)",
   "Mfr_CommonName": null,
   "Mfr_ID": 9911,
   "Mfr_Name": "ALL AMERICAN CHOPPERS CO.",
   "VehicleTypes": [
    {
     "IsPrimary": true,
     "Name": "Motorcycle"
    }
   ]
  },
  {
   "Country": "UNITED STATES (USA)",
   "Mfr_CommonName": null,
   "Mfr_ID": 9912,
   "Mfr_Name": "CLEARSPRING CONVERSIONS, INC.",
   "VehicleTypes": [
    {
     "IsPrimary": false,
     "Name": "Trailer"
    }
   ]
  },
  {
   "Country": "UNITED STATES (USA)",
   "Mfr_CommonName": null,
   "Mfr_ID": 9913,
   "Mfr_Name": "M & M TRAILERS & WELDING",
   "VehicleTypes": []
  },
  {
   "Country": "UNITED STATES (USA)",
   "Mfr_CommonName": null,
   "Mfr_ID": 9914,
   "Mfr_Name": "LAHR INDUSTRIAL WELDING, INC. DBA",
   "VehicleTypes": [
    {
     "IsPrimary": false,
     "Name": "Truck "
    }
   ]
  },
  {
   "Country": "UNITED STATES (USA)",
   "Mfr_CommonName": null,
   "Mfr_ID": 9915,
   "Mfr_Name": "COASTLINE TRAILER MFG.",
   "VehicleTypes": [
    {
     "IsPrimary": false,
     "Name": "Trailer"
    }
   ]
  },
  {
   "Country": "UNITED STATES (USA)",
   "Mfr_CommonName": null,
   "Mfr_ID": 9916,
   "Mfr_Name": "NOVAE CORPORATION",
   "VehicleTypes": [
    {
     "IsPrimary": false,
     "Name": "Trailer"
    }
   ]
  },
  {
   "Country": "UNITED STATES (USA)",
   "Mfr_CommonName": null,
   "Mfr_ID": 9917,
   "Mfr_Name": "L - Z TRUCK EQUIPMENT, INC.",
   "VehicleTypes": []
  },
  {
   "Country": "UNITED STATES (USA)",
   "Mfr_CommonName": null,
   "Mfr_ID": 9919,
   "Mfr_Name": "SOUTH BAY CHOPPERS",
   "VehicleTypes": []
  },
  {
   "Country": "UNITED STATES (USA)",
   "Mfr_CommonName": null,
   "Mfr_ID": 9920,
   "Mfr_Name": "STREET THUNDER LLC",
   "VehicleTypes": [
    {
     "IsPrimary": false,
     "Name": "Motorcycle"
    }
   ]
  },
  {
   "Country": "UNITED STATES (USA)",
   "Mfr_CommonName": null,
   "Mfr_ID": 9922,
   "Mfr_Name": "PRO LITE TRAILER INC. USA",
   "VehicleTypes": [
    {
     "IsPrimary": true,
     "Name": "Trailer"
    }
   ]
  },
  {
   "Country": "UNITED STATES (USA)",
   "Mfr_CommonName": null,
   "Mfr_ID": 9923,
   "Mfr_Name": "ACCURATE CUSTOMS, LLC",
   "VehicleTypes": [
    {
     "IsPrimary": true,
     "Name": "Motorcycle"
    }
   ]
  },
  {
   "Country": "UNITED STATES (USA)",
   "Mfr_CommonName": null,
   "Mfr_ID": 9924,
   "Mfr_Name": "UNIQUE CUSTOM TRUCK & TRAILER",
   "VehicleTypes": []
  },
  {
   "Country": "UNITED STATES (USA)",
   "Mfr_CommonName": null,
   "Mfr_ID": 9925,
   "Mfr_Name": "HITONG MOTORS CORP.",
   "VehicleTypes": [
    {
     "IsPrimary": false,
     "Name": "Motorcycle"
    }
   ]
  },
  {
   "Country": "UNITED STATES (USA)",
   "Mfr_CommonName": null,
   "Mfr_ID": 9926,
   "Mfr_Name": "KACHINA MOTORWORKS, LLC",
   "VehicleTypes": [
    {
     "IsPrimary": true,
     "Name": "Motorcycle"
    }
   ]
  },
  {
   "Country": "UNITED STATES (USA)",
   "Mfr_CommonName": null,
   "Mfr_ID": 9927,
   "Mfr_Name": "VCS CUSTOM CYCLES",
   "VehicleTypes": [
    {
     "IsPrimary": true,
     "Name": "Motorcycle"
    }
   ]
  },
  {
   "Country": "UNITED STATES (USA)",
   "Mfr_CommonName": null,
   "Mfr_ID": 9928,
   "Mfr_Name": "WORK HORSE MANUFACTURING, LLC",
   "VehicleTypes": []
  },
  {
   "Country": "UNITED STATES (USA)",
   "Mfr_CommonName": null,
   "Mfr_ID": 9929,
   "Mfr_Name": "NESS MOTORCYCLES, LLC",
   "VehicleTypes": [
    {
     "IsPrimary": true,
     "Name": "Motorcycle"
    }
   ]
  },
  {
   "Country": "UNITED STATES (USA)",
   "Mfr_CommonName": null,
   "Mfr_ID": 9930,
   "Mfr_Name": "TRIPLE C INC.",
   "VehicleTypes": [
    {
     "IsPrimary": true,
     "Name": "Truck "
    }
   ]
  },
  {
   "Country": "JAPAN",
   "Mfr_CommonName": null,
   "Mfr_ID": 9931,
   "Mfr_Name": "DOKEN CO. LTD.",
   "VehicleTypes": []
  },
  {
   "Country": "UNITED STATES (USA)",
   "Mfr_CommonName": null,
   "Mfr_ID": 9932,
   "Mfr_Name": "SAGE INDUSTRIES, INC.",
   "VehicleTypes": [
    {
     "IsPrimary": true,
     "Name": "Trailer"
    }
   ]
  },
  {
   "Country": "UNITED STATES (USA)",
   "Mfr_CommonName": null,
   "Mfr_ID": 9933,
   "Mfr_Name": "FISCHER THARP LLC",
   "VehicleTypes": [
    {
     "IsPrimary": true,
     "Name": "Trailer"
    }
   ]
  },
  {
   "Country": "UNITED STATES (USA)",
   "Mfr_CommonName": null,
   "Mfr_ID": 9934,
   "Mfr_Name": "R & W ENTERPRISES INC.",
   "VehicleTypes": [
    {
     "IsPrimary": true,
     "Name": "Trailer"
    }
   ]
  },
  {
   "Country": "CHINA",
   "Mfr_CommonName": null,
   "Mfr_ID": 9935,
   "Mfr_Name": "YUEQING JINGUAN MOTORCYCLE FITTINGS CO. LTD",
   "VehicleTypes": []
  },
  {
   "Country": "UNITED STATES (USA)",
   "Mfr_CommonName": null,
   "Mfr_ID": 9936,
   "Mfr_Name": "IDAHO TOTE DOLLY INC.",
   "VehicleTypes": [
    {
     "IsPrimary": true,
     "Name": "Trailer"
    }
   ]
  },
  {
   "Country": "UNITED STATES (USA)",
   "Mfr_CommonName": null,
   "Mfr_ID": 9937,
   "Mfr_Name": "US BUILT TRAILERS, INC. (USBT)",
   "VehicleTypes": [
    {
     "IsPrimary": true,
     "Name": "Trailer"
    }
   ]
  },
  {
   "Country": "UNITED STATES (USA)",
   "Mfr_CommonName": null,
   "Mfr_ID": 9938,
   "Mfr_Name": "MILLIONS FARM CENTER, INC.",
   "VehicleTypes": [
    {
     "IsPrimary": true,
     "Name": "Trailer"
    }
   ]
  },
  {
   "Country": "UNITED STATES (USA)",
   "Mfr_CommonName": null,
   "Mfr_ID": 9939,
   "Mfr_Name": "JMW WELDING & MANUFACTURING INC.",
   "VehicleTypes": []
  }
 ]
}