{
 "Count": 91,
 "Message": "Response returned successfully",
 "SearchCriteria": null,
 "Results": [
  {
   "Country": "UNITED STATES (USA)",
   "Mfr_CommonName": null,
   "Mfr_ID": 4419,
   "Mfr_Name": "A-1 TRUCK REPAIR LLC",
   "VehicleTypes": []
  },
  {
   "Country": "UNITED STATES (USA)",
   "Mfr_CommonName": null,
   "Mfr_ID": 4420,
   "Mfr_Name": "A-OK TRAILERS",
   "VehicleTypes": []
  },
  {
   "Country": "UNITED STATES (USA)",
   "Mfr_CommonName": null,
   "Mfr_ID": 4421,
   "Mfr_Name": "A-PLUS CUSTOM TRAILERS",
   "VehicleTypes": [
    {
     "IsPrimary": true,
     "Name": "Trailer"
    }
   ]
  },
  {
   "Country": "UNITED STATES (USA)",
   "Mfr_CommonName": null,
   "Mfr_ID": 4422,
   "Mfr_Name": "A. B. CHANCE COMPANY PITMAN MFG.",
   "VehicleTypes": []
  },
  {
   "Country": "UNITED STATES (USA)",
   "Mfr_CommonName": null,
   "Mfr_ID": 4423,
   "Mfr_Name": "A. B. SCARLETT GMC TRUCKS INC.",
   "VehicleTypes": []
  },
  {
   "Country": "CANADA",
   "Mfr_CommonName": null,
   "Mfr_ID": 4424,
   "Mfr_Name": "MICRO BIRD INC.",
   "VehicleTypes": [
    {
     "IsPrimary": false,
     "Name": "Bus"
    },
    {
     "IsPrimary": false,
     "Name": "Multipurpose Passenger Vehicle (MPV)"
    }
   ]
  },
  {
   "Country": "UNITED STATES (USA)",
   "Mfr_CommonName": null,
   "Mfr_ID": 4425,
   "Mfr_Name": "HAUL-MOR, INC.",
   "VehicleTypes": []
  },
  {
   "Country": "UNITED STATES (USA)",
   "Mfr_CommonName": null,
   "Mfr_ID": 4426,
   "Mfr_Name": "SPECIALTY TRUCK PARTS, INC.",
   "VehicleTypes": [
    {
     "IsPrimary": true,
     "Name": "Truck "
    }
   ]
  },
  {
   "Country": "UNITED STATES (USA)",
   "Mfr_CommonName": null,
   "Mfr_ID": 4427,
   "Mfr_Name": "SPECIALTY WELDING ",
   "VehicleTypes": []
  },
  {
   "Country": "UNITED STATES (USA)",
   "Mfr_CommonName": null,
   "Mfr_ID": 4428,
   "Mfr_Name": "SPECIALZED TRAILERS",
   "VehicleTypes": []
  },
  {
   "Country": "UNITED STATES (USA)",
   "Mfr_CommonName": null,
   "Mfr_ID": 4429,
   "Mfr_Name": "SPECTRAC SUSPENSION CENTERS",
   "VehicleTypes": []
  },
  {
   "Country": "UNITED STATES (USA)",
   "Mfr_CommonName": null,
   "Mfr_ID": 4430,
   "Mfr_Name": "SPEEDSTER MOTORCARS",
   "VehicleTypes": []
  },
  {
   "Country": "",
   "Mfr_CommonName": null,
   "Mfr_ID": 4431,
   "Mfr_Name": "SPEEDY BLEACHER CORP",
   "VehicleTypes": []
  },
  {
   "Country": "UNITED STATES (USA)",
   "Mfr_CommonName": null,
   "Mfr_ID": 4432,
   "Mfr_Name": "SPI MANUFACTURING, INC.",
   "VehicleTypes": []
  },
  {
   "Country": "UNITED STATES (USA)",
   "Mfr_CommonName": null,
   "Mfr_ID": 4434,
   "Mfr_Name": "SPLASH MARINE LLC",
   "VehicleTypes": []
  },
  {
   "Country": "",
   "Mfr_CommonName": null,
   "Mfr_ID": 4435,
   "Mfr_Name": "SPLINTEX BELGE",
   "VehicleTypes": []
  },
  {
   "Country": "UNITED STATES (USA)",
   "Mfr_CommonName": null,
   "Mfr_ID": 4436,
   "Mfr_Name": "SPORT BOATS",
   "VehicleTypes": []
  },
  {
   "Country": "UNITED STATES (USA)",
   "Mfr_CommonName": null,
   "Mfr_ID": 4437,
   "Mfr_Name": "SPORTLINE MFG. CO.",
   "VehicleTypes": []
  },
  {
   "Country": "UNITED STATES (USA)",
   "Mfr_CommonName": null,
   "Mfr_ID": 4438,
   "Mfr_Name": "SPORTRUNNER TRAILERS, LLC",
   "VehicleTypes": []
  },
  {
   "Country": "UNITED STATES (USA)",
   "Mfr_CommonName": null,
   "Mfr_ID": 4439,
   "Mfr_Name": "SPORTSCOACH CORPORATION OF AMERICA",
   "VehicleTypes": []
  },
  {
   "Country": "UNITED STATES (USA)",
   "Mfr_CommonName": null,
   "Mfr_ID": 4440,
   "Mfr_Name": "SPORTSCOACH OF CALIFORNIA",
   "VehicleTypes": []
  },
  {
   "Country": "UNITED STATES (USA)",
   "Mfr_CommonName": null,
   "Mfr_ID": 4441,
   "Mfr_Name": "TRUCK EQUIPMENT & SERVICE CO., INC.",
   "VehicleTypes": []
  },
  {
   "Country": "UNITED STATES (USA)",
   "Mfr_CommonName": null,
   "Mfr_ID": 4442,
   "Mfr_Name": "TRUCK EQUIPMENT BOSTON INC",
   "VehicleTypes": []
  },
  {
   "Country": "UNITED STATES (USA)",
   "Mfr_CommonName": null,
   "Mfr_ID": 4443,
   "Mfr_Name": "TRUCK EQUIPMENT CO., SUBSIDIARY OF",
   "VehicleTypes": []
  },
  {
   "Country": "UNITED STATES (USA)",
   "Mfr_CommonName": null,
   "Mfr_ID": 4444,
   "Mfr_Name": "MCLAUGHLIN REFUSE EQUIPMENT",
   "VehicleTypes": []
  },
  {
   "Country": "UNITED STATES (USA)",
   "Mfr_CommonName": null,
   "Mfr_ID": 4445,
   "Mfr_Name": "MCLEAN RENTALS, INC.",
   "VehicleTypes": [
    {
     "IsPrimary": false,
     "Name": "Truck "
    }
   ]
  },
  {
   "Country": "UNITED STATES (USA)",
   "Mfr_CommonName": null,
   "Mfr_ID": 4446,
   "Mfr_Name": "MCLELLAN EQUIPMENT, INC.",
   "VehicleTypes": []
  },
  {
   "Country": "UNITED STATES (USA)",
   "Mfr_CommonName": null,
   "Mfr_ID": 4448,
   "Mfr_Name": "MCM COMPANY",
   "VehicleTypes": []
  },
  {
   "Country": "UNITED STATES (USA)",
   "Mfr_CommonName": null,
   "Mfr_ID": 4449,
   "Mfr_Name": "MCNEIL HEAVY DUTY FRAME & AXLE",
   "VehicleTypes": []
  },
  {
   "Country": "UNITED STATES (USA)",
   "Mfr_CommonName": null,
   "Mfr_ID": 4450,
   "Mfr_Name": "MCNEILUS TRUCK AND MANUFACTURING, INC.",
   "VehicleTypes": []
  },
  {
   "Country": "UNITED STATES (USA)",
   "Mfr_CommonName": null,
   "Mfr_ID": 4451,
   "Mfr_Name": "MCPHEETERS MACHINE PRODUCTS INC.",
   "VehicleTypes": []
  },
  {
   "Country": "UNITED STATES (USA)",
   "Mfr_CommonName": null,
   "Mfr_ID": 4452,
   "Mfr_Name": "MCT INDUSTRIES, INC.",
   "VehicleTypes": []
  },
  {
   "Country": "UNITED STATES (USA)",
   "Mfr_CommonName": null,
   "Mfr_ID": 4453,
   "Mfr_Name": "ME-TWO MANUFACTURING, LLC",
   "VehicleTypes": []
  },
  {
   "Country": "",
   "Mfr_CommonName": null,
   "Mfr_ID": 4454,
   "Mfr_Name": "METRO MFG. CO., LTD",
   "VehicleTypes": []
  },
  {
   "Country": "UNITED STATES (USA)",
   "Mfr_CommonName": null,
   "Mfr_ID": 4455,
   "Mfr_Name": "METRO TANK & STEEL, INC.",
   "VehicleTypes": []
  },
  {
   "Country": "UNITED STATES (USA)",
   "Mfr_CommonName": null,
   "Mfr_ID": 4456,
   "Mfr_Name": "METRO TRUCK BODY, INC.",
   "VehicleTypes": []
  },
  {
   "Country": "UNITED STATES (USA)",
   "Mfr_CommonName": null,
   "Mfr_ID": 4457,
   "Mfr_Name": "METROTRANS CORPORATION",
   "VehicleTypes": []
  },
  {
   "Country": "UNITED STATES (USA)",
   "Mfr_CommonName": null,
   "Mfr_ID": 4458,
   "Mfr_Name": "METS WELDING",
   "VehicleTypes": []
  },
  {
   "Country": "UNITED STATES (USA)",
   "Mfr_CommonName": null,
   "Mfr_ID": 4459,
   "Mfr_Name": "MEYER BODY COMPANY, INC.",
   "VehicleTypes": []
  },
  {
   "Country": "UNITED STATES (USA)",
   "Mfr_CommonName": null,
   "Mfr_ID": 4460,
   "Mfr_Name": "MEYER INDUSTRIES",
   "VehicleTypes": []
  },
  {
   "Country": "UNITED STATES (USA)",
   "Mfr_CommonName": "MGS Inc.",
   "Mfr_ID": 4461,
   "Mfr_Name": "MGS INCORPORATED",
   "VehicleTypes": [
    {
     "IsPrimary": false,
     "Name": "Truck "
    },
    {
     "IsPrimary": true,
     "Name": "Trailer"
    },
    {
     "IsPrimary": false,
     "Name": "Incomplete Vehicle"
    }
   ]
  },
  {
   "Country": "UNITED STATES (USA)",
   "Mfr_CommonName": null,
   "Mfr_ID": 4462,
   "Mfr_Name": "AMERICAN BODY & EQUIPMENT CO.",
   "VehicleTypes": []
  },
  {
   "Country": "UNITED STATES (USA)",
   "Mfr_CommonName": null,
   "Mfr_ID": 4463,
   "Mfr_Name": "AMERICAN BODY & EQUIPMENT COMPANY",
   "VehicleTypes": []
  },
  {
   "Country": "UNITED STATES (USA)",
   "Mfr_CommonName": null,
   "Mfr_ID": 4464,
   "Mfr_Name": "AMERICAN BODY CO., INC.",
   "VehicleTypes": []
  },
  {
   "Country": "UNITED STATES (USA)",
   "Mfr_CommonName": null,
   "Mfr_ID": 4465,
   "Mfr_Name": "AMERICAN COACH, INC.",
   "VehicleTypes": []
  },
  {
   "Country": "UNITED STATES (USA)",
   "Mfr_CommonName": null,
   "Mfr_ID": 4466,
   "Mfr_Name": "AMERICAN COMMERCIAL TRUCK INC",
   "VehicleTypes": []
  },
  {
   "Country": "UNITED STATES (USA)",
   "Mfr_CommonName": null,
   "Mfr_ID": 4467,
   "Mfr_Name": "AMERICAN CUSTOM VANS",
   "VehicleTypes": []
  },
  {
   "Country": "UNITED STATES (USA)",
   "Mfr_CommonName": null,
   "Mfr_ID": 4468,
   "Mfr_Name": "AMERICAN DOZER INC.",
   "VehicleTypes": []
  },
  {
   "Country": "UNITED STATES (USA)",
   "Mfr_CommonName": null,
   "Mfr_ID": 4469,
   "Mfr_Name": "AMERICAN EAGLE TRAILERS INC",
   "VehicleTypes": []
  },
  {
   "Country": "UNITED STATES (USA)",
   "Mfr_CommonName": null,
   "Mfr_ID": 4470,
   "Mfr_Name": "AMERICAN EQUIPMENT & TRAILER, INC",
   "VehicleTypes": [
    {
     "IsPrimary": false,
     "Name": "Truck "
    }
   ]
  },
  {
   "Country": "UNITED STATES (USA)",
   "Mfr_CommonName": null,
   "Mfr_ID": 4471,
   "Mfr_Name": "AMERICAN HOMESTAR CORPORATION",
   "VehicleTypes": []
  },
  {
   "Country": "UNITED STATES (USA)",
   "Mfr_CommonName": null,
   "Mfr_ID": 4473,
   "Mfr_Name": "AMERICAN INTERNATIONAL CONVERSIONS, INC",
   "VehicleTypes": [
    {
     "IsPrimary": false,
     "Name": "Multipurpose Passenger Vehicle (MPV)"
    }
   ]
  },
  {
   "Country": "UNITED STATES (USA)",
   "Mfr_CommonName": null,
   "Mfr_ID": 4475,
   "Mfr_Name": "AMERICAN IRONHORSE MOTORCYCLE COMPANY, INC.",
   "VehicleTypes": [
    {
     "IsPrimary": true,
     "Name": "Motorcycle"
    }
   ]
  },
  {
   "Country": "UNITED STATES (USA)",
   "Mfr_CommonName": null,
   "Mfr_ID": 4476,
   "Mfr_Name": "AMERICAN LAFRANCE",
   "VehicleTypes": []
  },
  {
   "Country": "UNITED STATES (USA)",
   "Mfr_CommonName": null,
   "Mfr_ID": 4477,
   "Mfr_Name": "AMERICAN LUXURY COACH",
   "VehicleTypes": []
  },
  {
   "Country": "UNITED STATES (USA)",
   "Mfr_CommonName": null,
   "Mfr_ID": 4478,
   "Mfr_Name": "AMERICAN MOTORCYCLE CORP",
   "VehicleTypes": []
  },
  {
   "Country": "UNITED STATES (USA)",
   "Mfr_CommonName": "AMERICAN MOTORS",
   "Mfr_ID": 4479,
   "Mfr_Name": "AMERICAN MOTORS CORP.",
   "VehicleTypes": []
  },
  {
   "Country": "UNITED STATES (USA)",
   "Mfr_CommonName": null,
   "Mfr_ID": 4480,
   "Mfr_Name": "AMERICAN OIL COMPANY",
   "VehicleTypes": []
  },
  {
   "Country": "UNITED STATES (USA)",
   "Mfr_CommonName": null,
   "Mfr_ID": 4482,
   "Mfr_Name": "AMERICAN PERFORMANCE CYCLE MOTOR COMPANY",
   "VehicleTypes": []
  },
  {
   "Country": "UNITED STATES (USA)",
   "Mfr_CommonName": null,
   "Mfr_ID": 4483,
   "Mfr_Name": "AMERICAN QUANTUM CYCLES",
   "VehicleTypes": []
  },
  {
   "Country": "UNITED STATES (USA)",
   "Mfr_CommonName": null,
   "Mfr_ID": 4484,
   "Mfr_Name": "BBC RV INC",
   "VehicleTypes": []
  },
  {
   "Country": "UNITED STATES (USA)",
   "Mfr_CommonName": null,
   "Mfr_ID": 4485,
   "Mfr_Name": "BC MANUFACTURING INC.",
   "VehicleTypes": []
  },
  {
   "Country": "UNITED STATES (USA)",
   "Mfr_CommonName": null,
   "Mfr_ID": 4486,
   "Mfr_Name": "BCA FABRICATION LLC",
   "VehicleTypes": []
  },
  {
   "Country": "UNITED STATES (USA)",
   "Mfr_CommonName": null,
   "Mfr_ID": 4487,
   "Mfr_Name": "R.B. EVERETT & COMPANY CONSTRUCTION",
   "VehicleTypes": []
  },
  {
   "Country": "UNITED STATES (USA)",
   "Mfr_CommonName": null,
   "Mfr_ID": 4488,
   "Mfr_Name": "R.E. DIETZ COMPANY",
   "VehicleTypes": []
  },
  {
   "Country": "UNITED STATES (USA)",
   "Mfr_CommonName": null,
   "Mfr_ID": 4489,
   "Mfr_Name": "R.E. PRESCOTT CO. INC",
   "VehicleTypes": [
    {
     "IsPrimary": false,
     "Name": "Trailer"
    }
   ]
  },
  {
   "Country": "UNITED STATES (USA)",
   "Mfr_CommonName": null,
   "Mfr_ID": 4491,
   "Mfr_Name": "R.G. SMTIH EQUIPMENT CO.",
   "VehicleTypes": []
  },
  {
   "Country": "UNITED STATES (USA)",
   "Mfr_CommonName": null,
   "Mfr_ID": 4492,
   "Mfr_Name": "R.M. HOLLINGSHEAD CORPORATION",
   "VehicleTypes": []
  },
  {
   "Country": "UNITED STATES (USA)",
   "Mfr_CommonName": null,
   "Mfr_ID": 4493,
   "Mfr_Name": "NATIONAL TOWING AND SERVICE",
   "VehicleTypes": []
  },
  {
   "Country": "UNITED STATES (USA)",
   "Mfr_CommonName": null,
   "Mfr_ID": 4494,
   "Mfr_Name": "NATIONAL TRAILER SALES",
   "VehicleTypes": []
  },
  {
   "Country": "UNITED STATES (USA)",
   "Mfr_CommonName": null,
   "Mfr_ID": 4499,
   "Mfr_Name": "NATIONS WELDING SERVICE, INC.",
   "VehicleTypes": []
  },
  {
   "Country": "UNITED STATES (USA)",
   "Mfr_CommonName": null,
   "Mfr_ID": 4500,
   "Mfr_Name": "NATURAL GAS VEHICLE TECHNOLOGY CENT",
   "VehicleTypes": []
  },
  {
   "Country": "UNITED STATES (USA)",
   "Mfr_CommonName": null,
   "Mfr_ID": 4501,
   "Mfr_Name": "NAVIGATOR ALUMINUM BOAT TRAILERS, I",
   "VehicleTypes": []
  },
  {
   "Country": "UNITED STATES (USA)",
   "Mfr_CommonName": null,
   "Mfr_ID": 4502,
   "Mfr_Name": "NAVISTAR INTERNATIONAL CORPORATION",
   "VehicleTypes": []
  },
  {
   "Country": "UNITED STATES (USA)",
   "Mfr_CommonName": null,
   "Mfr_ID": 4503,
   "Mfr_Name": "NAVISTAR INTERNATIONAL TRANS CORP",
   "VehicleTypes": [
    {
     "IsPrimary": false,
     "Name": "Truck "
    },
    {
     "IsPrimary": false,
     "Name": "Incomplete Vehicle"
    }
   ]
  },
  {
   "Country": "UNITED STATES (USA)",
   "Mfr_CommonName": "NBC TRUCK EQUIPMENT",
   "Mfr_ID": 4504,
   "Mfr_Name": "NBC TRUICK EQUIPMENT",
   "VehicleTypes": [
    {
     "IsPrimary": false,
     "Name": "Passenger Car"
    },
    {
     "IsPrimary": true,
     "Name": "Truck "
    }
   ]
  },
  {
   "Country": "UNITED STATES (USA)",
   "Mfr_CommonName": null,
   "Mfr_ID": 4506,
   "Mfr_Name": "NEA",
   "VehicleTypes": []
  },
  {
   "Country": "UNITED STATES (USA)",
   "Mfr_CommonName": null,
   "Mfr_ID": 4507,
   "Mfr_Name": "NEAL MANUFACTURING COMPANY INC",
   "VehicleTypes": []
  },
  {
   "Country": "UNITED STATES (USA)",
   "Mfr_CommonName": null,
   "Mfr_ID": 4508,
   "Mfr_Name": "NEAL'S TECHNOLOGY, INC.",
   "VehicleTypes": []
  },
  {
   "Country": "UNITED STATES (USA)",
   "Mfr_CommonName": null,
   "Mfr_ID": 4509,
   "Mfr_Name": "NEBRASKA WHITE TRUCKS, INC.",
   "VehicleTypes": []
  },
  {
   "Country": "UNITED STATES (USA)",
   "Mfr_CommonName": null,
   "Mfr_ID": 4510,
   "Mfr_Name": "NEDLAND INDUSTRIES INC.",
   "VehicleTypes": [
    {
     "IsPrimary": false,
     "Name": "Trailer"
    }
   ]
  },
  {
   "Country": "UNITED STATES (USA)",
   "Mfr_CommonName": null,
   "Mfr_ID": 4511,
   "Mfr_Name": "NEEL FIRE PROTECTION APPARATUS, INC.",
   "VehicleTypes": [
    {
     "IsPrimary": false,
     "Name": "Truck "
    },
    {
     "IsPrimary": true,
     "Name": "Trailer"
    }
   ]
  },
  {
   "Country": "UNITED STATES (USA)",
   "Mfr_CommonName": null,
   "Mfr_ID": 4512,
   "Mfr_Name": "NEEL'S UTILITY TRAILER MFG",
   "VehicleTypes": [
    {
     "IsPrimary": false,
     "Name": "Trailer"
    }
   ]
  },
  {
   "Country": "UNITED STATES (USA)",
   "Mfr_CommonName": null,
   "Mfr_ID": 4514,
   "Mfr_Name": "NEIGHBORHOOD ELECTRIC VEHICLE aka NEVCO",
   "VehicleTypes": []
  },
  {
   "Country": "UNITED STATES (USA)",
   "Mfr_CommonName": null,
   "Mfr_ID": 4515,
   "Mfr_Name": "NEIGHBORHOOD ELECTRIC VEHICLE COMPANY aka NEVCO",
   "VehicleTypes": []
  },
  {
   "Country": "UNITED STATES (USA)",
   "Mfr_CommonName": null,
   "Mfr_ID": 4516,
   "Mfr_Name": "NEIL'S AUTOMOTIVE SERVICE INC.",
   "VehicleTypes": []
  },
  {
   "Country": "UNITED STATES (USA)",
   "Mfr_CommonName": null,
   "Mfr_ID": 4517,
   "Mfr_Name": "NEISS BODY & EQUIPMENT CORP.",
   "VehicleTypes": []
  },
  {
   "Country": "UNITED STATES (USA)",
   "Mfr_CommonName": null,
   "Mfr_ID": 4518,
   "Mfr_Name": "ROBISON MANUFACTURING",
   "VehicleTypes": []
  },
  {
   "Country": "UNITED STATES (USA)",
   "Mfr_CommonName": null,
   "Mfr_ID": 4519,
   "Mfr_Name": "AL TUCKER TRAILERS,INC.",
   "VehicleTypes": []
  },
  {
   "Country": "UNITED STATES (USA)",
   "Mfr_CommonName": "Aljon",
   "Mfr_ID": 4520,
   "Mfr_Name": "AL-JON MANUFACTURING LLC",
   "VehicleTypes": [
    {
     "IsPrimary": true,
     "Name": "Trailer"
    }
   ]
  },
  {
   "Country": "UNITED STATES (USA)",
   "Mfr_CommonName": null,
   "Mfr_ID": 4521,
   "Mfr_Name": "CANNONDALE CORPORATION",
   "VehicleTypes": []
  }
 ]
}